sku_id,warehouse_id,category,current_inventory,reorder_point,safety_stock,recommended_order_qty,inventory_value,status
1,1,Personal Care,159.52,173.24,49.92,163.52,381093.28,REORDER
1,2,Personal Care,168.73684210526315,204.52631578947367,61.578947368421055,176.0,306365.36,REORDER
1,3,Personal Care,212.11111111111111,197.33333333333334,55.666666666666664,181.27777777777777,364848.08,HEALTHY
1,4,Personal Care,194.42307692307693,187.15384615384616,48.46153846153846,172.23076923076923,483055.8,HEALTHY
1,5,Personal Care,189.5,174.64285714285714,47.0,162.57142857142858,507041.36,HEALTHY
1,6,Personal Care,185.11111111111111,177.05555555555554,53.888888888888886,187.94444444444446,318405.92,HEALTHY
1,7,Personal Care,165.625,185.0625,53.5625,178.625,506468.0,REORDER
1,8,Personal Care,182.30434782608697,186.56521739130434,49.21739130434783,173.34782608695653,400683.08,REORDER
1,9,Personal Care,187.47368421052633,194.78947368421052,60.21052631578947,191.1578947368421,340384.72,REORDER
1,10,Personal Care,181.03703703703704,211.96296296296296,49.22222222222222,184.62962962962962,467097.28,REORDER
2,1,Office Supplies,142.76315789473685,82.60526315789474,29.36842105263158,69.94736842105263,1390536.0,HEALTHY
2,2,Office Supplies,186.13333333333333,69.56666666666666,27.933333333333334,66.6,1431290.88,HEALTHY
2,3,Office Supplies,157.7058823529412,83.6470588235294,34.470588235294116,68.82352941176471,687193.92,HEALTHY
2,4,Office Supplies,207.91304347826087,66.6086956521739,24.695652173913043,60.69565217391305,1225722.24,OVERSTOCK
2,5,Office Supplies,197.71428571428572,67.47619047619048,25.714285714285715,66.28571428571429,1064240.64,HEALTHY
2,6,Office Supplies,165.23529411764707,73.05882352941177,28.41176470588235,73.47058823529412,720002.88,HEALTHY
2,7,Office Supplies,188.21875,72.46875,27.59375,61.8125,1543815.3599999999,HEALTHY
2,8,Office Supplies,175.2608695652174,62.52173913043478,26.73913043478261,55.78260869565217,1033225.92,OVERSTOCK
2,9,Office Supplies,195.73333333333332,74.46666666666667,29.366666666666667,68.7,1505111.04,HEALTHY
2,10,Office Supplies,167.7391304347826,83.52173913043478,32.26086956521739,67.6086956521739,988882.5599999999,HEALTHY
3,1,Grocery,156.82608695652175,141.7826086956522,40.95652173913044,101.65217391304348,760319.53,HEALTHY
3,2,Grocery,205.25,142.42857142857142,41.25,105.07142857142857,1211410.13,HEALTHY
3,3,Grocery,197.80769230769232,145.1153846153846,43.0,111.88461538461539,1084092.97,HEALTHY
3,4,Grocery,195.36,142.16,49.4,108.96,1029498.36,HEALTHY
3,5,Grocery,176.22727272727272,160.0,45.36363636363637,111.27272727272727,817232.83,HEALTHY
3,6,Grocery,204.68421052631578,158.89473684210526,47.578947368421055,110.0,819762.31,HEALTHY
3,7,Grocery,188.95238095238096,161.04761904761904,42.76190476190476,111.71428571428571,836414.72,HEALTHY
3,8,Grocery,179.04166666666666,149.83333333333334,42.958333333333336,108.45833333333333,905764.63,HEALTHY
3,9,Grocery,180.87878787878788,155.21212121212122,42.878787878787875,110.93939393939394,1258205.51,HEALTHY
3,10,Grocery,136.1,188.2,54.8,119.35,573770.38,REORDER
4,1,Office Supplies,168.37037037037038,311.22222222222223,79.0,333.51851851851853,195296.16,REORDER
4,2,Office Supplies,206.66666666666666,304.75757575757575,82.6969696969697,337.90909090909093,292987.2,REORDER
4,3,Office Supplies,177.23529411764707,295.5882352941176,71.58823529411765,340.3529411764706,129438.48,REORDER
4,4,Office Supplies,195.03571428571428,289.2857142857143,83.14285714285714,325.25,234604.56,REORDER
4,5,Office Supplies,210.0952380952381,280.9047619047619,76.52380952380952,318.2857142857143,189539.52,REORDER
4,6,Office Supplies,192.8695652173913,268.7826086956522,73.30434782608695,324.4782608695652,190570.56,REORDER
4,7,Office Supplies,172.3846153846154,281.65384615384613,74.07692307692308,339.2307692307692,192546.72,REORDER
4,8,Office Supplies,175.74074074074073,260.14814814814815,71.55555555555556,333.0,203845.2,REORDER
4,9,Office Supplies,180.14285714285714,305.4761904761905,81.47619047619048,345.6666666666667,162517.68,REORDER
4,10,Office Supplies,216.3793103448276,288.13793103448273,89.75862068965517,342.62068965517244,269574.0,REORDER
5,1,Office Supplies,187.9,100.86666666666666,35.0,71.73333333333333,1816297.77,HEALTHY
5,2,Office Supplies,165.7,124.7,32.166666666666664,74.26666666666667,1601705.91,HEALTHY
5,3,Office Supplies,173.26666666666668,127.23333333333333,30.6,84.36666666666666,1674847.58,HEALTHY
5,4,Office Supplies,151.28571428571428,132.95238095238096,38.142857142857146,79.80952380952381,1023661.1699999999,HEALTHY
5,5,Office Supplies,197.88888888888889,131.44444444444446,35.148148148148145,80.51851851851852,1721568.03,HEALTHY
5,6,Office Supplies,196.29166666666666,123.70833333333333,40.541666666666664,77.29166666666667,1517931.31,HEALTHY
5,7,Office Supplies,157.46428571428572,109.82142857142857,33.892857142857146,70.14285714285714,1420623.89,HEALTHY
5,8,Office Supplies,194.53571428571428,127.21428571428571,40.07142857142857,76.82142857142857,1755077.87,HEALTHY
5,9,Office Supplies,200.40740740740742,106.55555555555556,34.03703703703704,74.96296296296296,1743478.31,HEALTHY
5,10,Office Supplies,167.56,116.64,38.48,74.88,1349737.69,HEALTHY
6,1,Home Appliances,204.92,129.24,40.84,85.28,1425269.83,HEALTHY
6,2,Home Appliances,167.62962962962962,147.85185185185185,44.74074074074074,93.18518518518519,1259178.46,HEALTHY
6,3,Home Appliances,172.85714285714286,127.21428571428571,40.5,95.39285714285714,1346536.4,HEALTHY
6,4,Home Appliances,191.04347826086956,142.95652173913044,42.0,99.6086956521739,1222454.74,HEALTHY
6,5,Home Appliances,189.32142857142858,169.35714285714286,46.535714285714285,98.46428571428571,1474791.21,HEALTHY
6,6,Home Appliances,177.15,133.15,39.95,85.65,985698.03,HEALTHY
6,7,Home Appliances,203.6818181818182,154.04545454545453,43.86363636363637,94.68181818181819,1246659.01,HEALTHY
6,8,Home Appliances,173.72727272727272,149.63636363636363,46.666666666666664,96.72727272727273,1594977.93,HEALTHY
6,9,Home Appliances,168.91304347826087,139.04347826086956,36.56521739130435,82.73913043478261,1080845.85,HEALTHY
6,10,Home Appliances,178.29166666666666,150.125,42.916666666666664,93.66666666666667,1190460.59,HEALTHY
7,1,Grocery,162.52380952380952,198.38095238095238,54.904761904761905,468.8095238095238,54164.31,REORDER
7,2,Grocery,197.05882352941177,206.5,49.76470588235294,465.4117647058824,106329.0,REORDER
7,3,Grocery,148.52631578947367,176.31578947368422,53.421052631578945,447.7368421052632,44785.14,REORDER
7,4,Grocery,175.42307692307693,191.73076923076923,53.61538461538461,441.88461538461536,72383.07,REORDER
7,5,Grocery,177.1875,221.40625,57.0625,472.6875,89982.9,REORDER
7,6,Grocery,163.79166666666666,205.25,58.0,443.5416666666667,62384.97,REORDER
7,7,Grocery,169.75862068965517,200.48275862068965,52.172413793103445,432.0,78128.01,REORDER
7,8,Grocery,187.8,235.72,59.44,444.04,74509.65,REORDER
7,9,Grocery,192.29166666666666,226.79166666666666,64.54166666666667,476.6666666666667,73240.05,REORDER
7,10,Grocery,161.5,231.46153846153845,65.34615384615384,506.0,66638.13,REORDER
8,1,Grocery,149.5185185185185,131.4814814814815,41.81481481481482,110.37037037037037,931618.49,HEALTHY
8,2,Grocery,158.74074074074073,126.77777777777777,40.0,104.77777777777777,989080.22,HEALTHY
8,3,Grocery,153.6551724137931,144.72413793103448,44.0,103.06896551724138,1028311.12,HEALTHY
8,4,Grocery,198.0,152.80645161290323,46.483870967741936,114.38709677419355,1416466.26,HEALTHY
8,5,Grocery,151.72222222222223,168.05555555555554,46.333333333333336,112.38888888888889,630232.87,REORDER
8,6,Grocery,175.3235294117647,137.7941176470588,40.970588235294116,99.6470588235294,1375619.97,HEALTHY
8,7,Grocery,200.95833333333334,149.29166666666666,47.333333333333336,93.0,1113003.71,HEALTHY
8,8,Grocery,143.2173913043478,137.3913043478261,43.869565217391305,96.43478260869566,760156.38,HEALTHY
8,9,Grocery,147.9375,129.75,42.4375,95.1875,546232.59,HEALTHY
8,10,Grocery,181.61111111111111,143.77777777777777,40.77777777777778,98.83333333333333,754387.13,HEALTHY
9,1,Grocery,157.5,372.5625,107.375,165.6875,684860.4,REORDER
9,2,Grocery,190.06666666666666,376.8,92.06666666666666,155.13333333333333,1549632.54,REORDER
9,3,Grocery,175.65384615384616,388.4230769230769,100.46153846153847,157.3846153846154,1241173.59,REORDER
9,4,Grocery,173.23809523809524,368.85714285714283,96.61904761904762,154.38095238095238,988699.26,REORDER
9,5,Grocery,168.92592592592592,454.51851851851853,111.88888888888889,169.96296296296296,1239542.97,REORDER
9,6,Grocery,178.7,396.3,85.85,154.55,971305.98,REORDER
9,7,Grocery,213.55,381.5,94.5,145.25,1160729.67,REORDER
9,8,Grocery,170.85,395.4,110.35,145.85,928638.09,REORDER
9,9,Grocery,171.7027027027027,393.43243243243245,93.86486486486487,154.54054054054055,1726554.81,REORDER
9,10,Grocery,190.53333333333333,405.9,106.33333333333333,157.43333333333334,1553437.32,REORDER
10,1,Office Supplies,179.0,62.80769230769231,25.384615384615383,67.34615384615384,633223.24,HEALTHY
10,2,Office Supplies,155.35714285714286,58.82142857142857,27.5,68.71428571428571,591861.0,HEALTHY
10,3,Office Supplies,203.45454545454547,50.03030303030303,22.12121212121212,63.96969696969697,913506.84,OVERSTOCK
10,4,Office Supplies,186.0,54.36842105263158,27.894736842105264,64.6842105263158,480836.04,OVERSTOCK
10,5,Office Supplies,167.12,63.84,26.76,70.04,568458.6799999999,HEALTHY
10,6,Office Supplies,201.10344827586206,47.275862068965516,23.79310344827586,69.93103448275862,793501.92,OVERSTOCK
10,7,Office Supplies,128.88888888888889,49.851851851851855,22.88888888888889,67.4074074074074,473488.8,HEALTHY
10,8,Office Supplies,166.89285714285714,44.42857142857143,22.5,58.464285714285715,635808.38,OVERSTOCK
10,9,Office Supplies,192.32258064516128,56.064516129032256,24.548387096774192,72.09677419354838,811189.72,HEALTHY
10,10,Office Supplies,197.60714285714286,60.07142857142857,27.357142857142858,73.10714285714286,752819.98,HEALTHY
11,1,Personal Care,189.60714285714286,254.92857142857142,69.53571428571429,364.64285714285717,167605.13,REORDER
11,2,Personal Care,201.0,255.73684210526315,77.36842105263158,376.7894736842105,120565.83,REORDER
11,3,Personal Care,208.8235294117647,222.47058823529412,62.94117647058823,347.7647058823529,112073.5,REORDER
11,4,Personal Care,192.2608695652174,271.2608695652174,76.95652173913044,361.0,139602.54,REORDER
11,5,Personal Care,167.52,286.76,71.76,374.92,132215.16,REORDER
11,6,Personal Care,159.06666666666666,228.9,72.8,373.0,150652.04,REORDER
11,7,Personal Care,188.22222222222223,239.33333333333334,62.94444444444444,381.27777777777777,106959.16,REORDER
11,8,Personal Care,164.32258064516128,211.93548387096774,62.225806451612904,347.1290322580645,160817.58000000002,REORDER
11,9,Personal Care,156.40740740740742,272.1111111111111,69.92592592592592,374.77777777777777,133320.11000000002,REORDER
11,10,Personal Care,172.14285714285714,236.32142857142858,68.21428571428571,363.92857142857144,152167.4,REORDER
12,1,Grocery,208.5185185185185,71.70370370370371,27.444444444444443,161.92592592592592,193897.2,HEALTHY
12,2,Grocery,182.1304347826087,61.130434782608695,26.391304347826086,173.17391304347825,144269.16,HEALTHY
12,3,Grocery,176.74074074074073,55.0,23.703703703703702,142.03703703703704,164347.68,HEALTHY
12,4,Grocery,186.5,60.04545454545455,26.90909090909091,162.3181818181818,141307.32,HEALTHY
12,5,Grocery,182.70833333333334,68.16666666666667,25.666666666666668,161.5,151019.4,HEALTHY
12,6,Grocery,186.45833333333334,69.45833333333333,29.0,138.75,154119.0,HEALTHY
12,7,Grocery,150.9090909090909,59.666666666666664,25.696969696969695,158.45454545454547,171511.2,HEALTHY
12,8,Grocery,163.1851851851852,58.18518518518518,25.333333333333332,159.96296296296296,151742.64,HEALTHY
12,9,Grocery,178.57142857142858,67.80952380952381,26.666666666666668,146.52380952380952,129150.0,HEALTHY
12,10,Grocery,178.73076923076923,71.92307692307692,29.076923076923077,169.0,160042.68,HEALTHY
13,1,Furniture,173.2,158.12,51.2,268.16,189004.5,HEALTHY
13,2,Furniture,227.0,186.47368421052633,52.8421052631579,265.94736842105266,188262.45,HEALTHY
13,3,Furniture,151.57894736842104,133.78947368421052,43.05263157894737,228.94736842105263,125712.0,HEALTHY
13,4,Furniture,188.84615384615384,144.80769230769232,42.5,233.46153846153845,214321.5,HEALTHY
13,5,Furniture,194.47058823529412,155.35294117647058,45.411764705882355,235.88235294117646,288613.8,HEALTHY
13,6,Furniture,163.57142857142858,151.33333333333334,41.476190476190474,242.0952380952381,149937.75,HEALTHY
13,7,Furniture,202.47368421052633,137.5,40.31578947368421,239.78947368421052,335843.1,HEALTHY
13,8,Furniture,209.55555555555554,159.7037037037037,42.592592592592595,228.66666666666666,246971.7,HEALTHY
13,9,Furniture,176.83333333333334,141.20833333333334,41.125,244.20833333333334,185250.6,HEALTHY
13,10,Furniture,201.26666666666668,135.46666666666667,45.9,248.7,263558.7,HEALTHY
14,1,Office Supplies,196.46428571428572,300.2142857142857,77.35714285714286,132.17857142857142,1625160.43,REORDER
14,2,Office Supplies,156.23529411764707,303.11764705882354,80.23529411764706,124.58823529411765,784662.08,REORDER
14,3,Office Supplies,167.69230769230768,300.6923076923077,77.6923076923077,140.26923076923077,1288074.8,REORDER
14,4,Office Supplies,173.65384615384616,302.11538461538464,77.8076923076923,121.92307692307692,1333866.45,REORDER
14,5,Office Supplies,184.36363636363637,336.1363636363636,90.81818181818181,141.72727272727272,1198264.08,REORDER
14,6,Office Supplies,179.85185185185185,337.25925925925924,84.44444444444444,135.33333333333334,1434608.08,REORDER
14,7,Office Supplies,187.4,283.7,90.2,141.25,1107271.64,REORDER
14,8,Office Supplies,179.95652173913044,325.9130434782609,87.17391304347827,141.65217391304347,1222784.77,REORDER
14,9,Office Supplies,178.33333333333334,283.0833333333333,80.75,137.0,1264440.4,REORDER
14,10,Office Supplies,145.86666666666667,333.1666666666667,86.93333333333334,136.26666666666668,1292801.68,REORDER
15,1,Home Appliances,179.44,169.48,51.8,84.32,1433052.7,HEALTHY
15,2,Home Appliances,195.84,157.16,46.2,87.0,1564027.2,HEALTHY
15,3,Home Appliances,156.6,150.6,43.05,92.2,1000517.4,HEALTHY
15,4,Home Appliances,179.57142857142858,152.61904761904762,42.0,85.71428571428571,1204645.95,HEALTHY
15,5,Home Appliances,167.04761904761904,133.61904761904762,41.76190476190476,80.23809523809524,1120630.6,HEALTHY
15,6,Home Appliances,182.92857142857142,139.07142857142858,40.25,88.89285714285714,1636222.9,HEALTHY
15,7,Home Appliances,151.5,140.77272727272728,42.18181818181818,91.54545454545455,1064726.85,HEALTHY
15,8,Home Appliances,156.47619047619048,159.8095238095238,47.42857142857143,93.33333333333333,1049712.7,REORDER
15,9,Home Appliances,190.38888888888889,135.38888888888889,44.72222222222222,92.94444444444444,1094755.15,HEALTHY
15,10,Home Appliances,159.77777777777777,157.5185185185185,43.148148148148145,83.29629629629629,1378107.3,HEALTHY
16,1,Personal Care,206.5,160.70833333333334,50.208333333333336,241.625,247800.0,HEALTHY
16,2,Personal Care,214.93548387096774,210.16129032258064,48.29032258064516,258.4193548387097,333150.0,HEALTHY
16,3,Personal Care,186.125,192.79166666666666,58.791666666666664,260.3333333333333,223350.0,REORDER
16,4,Personal Care,174.55555555555554,167.83333333333334,48.083333333333336,240.77777777777777,314200.0,HEALTHY
16,5,Personal Care,196.70967741935485,181.80645161290323,46.67741935483871,244.29032258064515,304900.0,HEALTHY
16,6,Personal Care,205.8181818181818,153.8181818181818,51.36363636363637,248.5,226400.0,HEALTHY
16,7,Personal Care,156.7391304347826,193.2608695652174,53.52173913043478,244.43478260869566,180250.0,REORDER
16,8,Personal Care,168.41176470588235,186.0,55.1764705882353,255.1764705882353,143150.0,REORDER
16,9,Personal Care,166.3846153846154,191.07692307692307,51.65384615384615,281.46153846153845,216300.0,REORDER
16,10,Personal Care,200.16129032258064,204.09677419354838,53.70967741935484,265.61290322580646,310250.0,REORDER
17,1,Furniture,157.8095238095238,267.5238095238095,89.42857142857143,257.7142857142857,293885.52,REORDER
17,2,Furniture,183.8148148148148,347.8888888888889,88.37037037037037,255.37037037037038,440118.83999999997,REORDER
17,3,Furniture,189.5151515151515,282.3636363636364,82.6969696969697,247.75757575757575,554604.72,REORDER
17,4,Furniture,197.07407407407408,331.5925925925926,91.25925925925925,253.37037037037038,471866.27999999997,REORDER
17,5,Furniture,184.6818181818182,287.0,86.18181818181819,252.22727272727272,360306.84,REORDER
17,6,Furniture,173.46428571428572,308.07142857142856,70.60714285714286,243.25,430718.76,REORDER
17,7,Furniture,186.0,336.90909090909093,97.13636363636364,252.95454545454547,362878.56,REORDER
17,8,Furniture,208.67857142857142,305.92857142857144,87.75,242.71428571428572,518157.24,REORDER
17,9,Furniture,183.03333333333333,293.1666666666667,85.56666666666666,244.53333333333333,486941.88,REORDER
17,10,Furniture,196.74074074074073,289.18518518518516,75.25925925925925,257.4074074074074,471068.16,REORDER
18,1,Furniture,152.56,79.72,28.56,138.0,246422.54,HEALTHY
18,2,Furniture,169.58333333333334,86.08333333333333,29.125,135.125,262962.7,HEALTHY
18,3,Furniture,196.40625,93.71875,32.875,144.9375,406073.85,HEALTHY
18,4,Furniture,156.73333333333332,85.66666666666667,28.5,131.36666666666667,303796.22,HEALTHY
18,5,Furniture,191.875,80.8125,28.4375,143.25,396705.4,HEALTHY
18,6,Furniture,174.33333333333334,89.3030303030303,32.39393939393939,139.0909090909091,371701.33,HEALTHY
18,7,Furniture,174.56,88.84,30.24,143.72,281958.04,HEALTHY
18,8,Furniture,175.23076923076923,96.11538461538461,34.5,144.8846153846154,294363.16,HEALTHY
18,9,Furniture,181.3846153846154,95.07692307692308,33.23076923076923,149.03846153846155,304700.76,HEALTHY
18,10,Furniture,183.7941176470588,91.3529411764706,31.91176470588235,135.7941176470588,403747.89,HEALTHY
19,1,Home Appliances,148.2,179.16666666666666,47.96666666666667,201.6,318867.12,REORDER
19,2,Home Appliances,194.3448275862069,165.68965517241378,48.827586206896555,211.79310344827587,404213.92,HEALTHY
19,3,Home Appliances,178.31578947368422,176.6315789473684,47.26315789473684,199.57894736842104,242987.36000000002,HEALTHY
19,4,Home Appliances,217.26315789473685,183.47368421052633,52.526315789473685,201.10526315789474,296060.16000000003,HEALTHY
19,5,Home Appliances,196.41666666666666,181.5,48.0,194.375,338088.08,HEALTHY
19,6,Home Appliances,190.0857142857143,190.0,55.77142857142857,209.8,477153.16,HEALTHY
19,7,Home Appliances,188.19354838709677,160.6451612903226,48.03225806451613,201.25806451612902,418414.48,HEALTHY
19,8,Home Appliances,199.2,159.3,46.45,213.8,285732.48,HEALTHY
19,9,Home Appliances,190.34375,162.96875,43.03125,203.125,436846.52,HEALTHY
19,10,Home Appliances,219.21052631578948,204.21052631578948,52.526315789473685,216.26315789473685,298713.8,HEALTHY
20,1,Personal Care,164.85185185185185,204.55555555555554,59.0,99.44444444444444,1310463.42,REORDER
20,2,Personal Care,177.88888888888889,188.72222222222223,52.72222222222222,101.0,942732.84,REORDER
20,3,Personal Care,191.70833333333334,196.75,60.083333333333336,117.33333333333333,1354626.42,REORDER
20,4,Personal Care,188.96153846153845,215.0,54.96153846153846,105.07692307692308,1446485.46,REORDER
20,5,Personal Care,223.56,203.32,55.96,99.48,1645513.3800000001,HEALTHY
20,6,Personal Care,176.95833333333334,172.0,49.25,99.08333333333333,1250401.74,HEALTHY
20,7,Personal Care,165.89473684210526,186.6315789473684,61.78947368421053,106.47368421052632,928011.84,REORDER
20,8,Personal Care,170.37037037037038,162.96296296296296,50.407407407407405,101.51851851851852,1354332.0,HEALTHY
20,9,Personal Care,194.61111111111111,238.44444444444446,58.55555555555556,112.5,1031353.26,REORDER
20,10,Personal Care,188.0,177.06666666666666,49.53333333333333,105.63333333333334,1660528.8,HEALTHY
21,1,Office Supplies,182.5,60.85,26.35,86.45,443803.5,HEALTHY
21,2,Office Supplies,217.9375,59.5,27.0,80.875,847968.66,HEALTHY
21,3,Office Supplies,175.8846153846154,57.30769230769231,23.846153846153847,85.6923076923077,556031.07,HEALTHY
21,4,Office Supplies,171.91304347826087,60.82608695652174,24.347826086956523,82.82608695652173,480766.86,HEALTHY
21,5,Office Supplies,159.5483870967742,65.29032258064517,26.806451612903224,78.51612903225806,601384.14,HEALTHY
21,6,Office Supplies,199.0,75.46153846153847,31.53846153846154,87.34615384615384,629106.66,HEALTHY
21,7,Office Supplies,170.59259259259258,66.22222222222223,27.444444444444443,87.25925925925925,560043.54,HEALTHY
21,8,Office Supplies,176.72222222222223,64.08333333333333,24.555555555555557,80.38888888888889,773555.58,HEALTHY
21,9,Office Supplies,196.86363636363637,63.95454545454545,26.045454545454547,88.36363636363636,526606.29,HEALTHY
21,10,Office Supplies,177.32142857142858,66.28571428571429,27.107142857142858,94.17857142857143,603694.35,HEALTHY
22,1,Electronics,176.61111111111111,52.72222222222222,23.555555555555557,80.88888888888889,364027.29,HEALTHY
22,2,Electronics,189.88,64.68,26.36,79.76,543578.97,HEALTHY
22,3,Electronics,200.75,58.333333333333336,25.666666666666668,74.70833333333333,551709.18,HEALTHY
22,4,Electronics,167.6086956521739,58.08695652173913,26.304347826086957,74.6086956521739,441436.05000000005,HEALTHY
22,5,Electronics,177.48,46.0,20.8,65.56,508080.87,OVERSTOCK
22,6,Electronics,179.57142857142858,62.32142857142857,26.392857142857142,76.28571428571429,575756.28,HEALTHY
22,7,Electronics,215.07407407407408,42.370370370370374,22.77777777777778,69.62962962962963,664959.57,OVERSTOCK
22,8,Electronics,171.44444444444446,60.18518518518518,27.51851851851852,83.22222222222223,530066.79,HEALTHY
22,9,Electronics,182.13793103448276,59.310344827586206,28.551724137931036,76.34482758620689,604841.82,HEALTHY
22,10,Electronics,171.52380952380952,59.523809523809526,25.761904761904763,71.76190476190476,412465.02,HEALTHY
23,1,Personal Care,198.6086956521739,157.1304347826087,45.65217391304348,175.17391304347825,391797.36,HEALTHY
23,2,Personal Care,178.4516129032258,151.06451612903226,44.354838709677416,168.90322580645162,474479.64,HEALTHY
23,3,Personal Care,186.13636363636363,151.77272727272728,46.13636363636363,172.72727272727272,351228.15,HEALTHY
23,4,Personal Care,191.76,141.4,36.76,158.36,411181.38,HEALTHY
23,5,Personal Care,149.77777777777777,172.27777777777777,52.94444444444444,181.44444444444446,231235.92,REORDER
23,6,Personal Care,171.14814814814815,176.11111111111111,49.22222222222222,178.55555555555554,396343.17,REORDER
23,7,Personal Care,201.0,161.44117647058823,43.35294117647059,178.94117647058823,586152.1799999999,HEALTHY
23,8,Personal Care,170.2,159.44,47.84,183.0,364951.35,HEALTHY
23,9,Personal Care,175.66666666666666,155.95238095238096,47.42857142857143,175.9047619047619,316405.53,HEALTHY
23,10,Personal Care,184.77272727272728,151.45454545454547,47.0,170.13636363636363,348655.05,HEALTHY
24,1,Home Appliances,178.3448275862069,176.3448275862069,47.793103448275865,125.34482758620689,1116634.8,HEALTHY
24,2,Home Appliances,164.5625,193.65625,50.3125,131.25,1136929.4,REORDER
24,3,Home Appliances,161.15384615384616,218.8846153846154,61.88461538461539,139.5,904621.0,REORDER
24,4,Home Appliances,165.75,212.1875,62.4375,128.875,572566.8,REORDER
24,5,Home Appliances,190.70833333333334,183.125,51.291666666666664,117.29166666666667,988174.3,HEALTHY
24,6,Home Appliances,177.94117647058823,206.94117647058823,63.23529411764706,123.6470588235294,653097.5,REORDER
24,7,Home Appliances,205.65384615384616,225.92307692307693,61.96153846153846,132.76923076923077,1154417.3,REORDER
24,8,Home Appliances,193.3684210526316,180.89473684210526,51.578947368421055,128.31578947368422,793216.6,HEALTHY
24,9,Home Appliances,189.52173913043478,211.69565217391303,53.130434782608695,126.47826086956522,941108.1,REORDER
24,10,Home Appliances,199.43333333333334,204.06666666666666,58.333333333333336,127.53333333333333,1291729.7,REORDER
25,1,Furniture,169.57575757575756,198.75757575757575,58.39393939393939,150.0909090909091,770681.12,REORDER
25,2,Furniture,208.8,200.6,53.92,146.76,718898.4,HEALTHY
25,3,Furniture,178.86666666666667,168.0,56.63333333333333,159.23333333333332,739005.52,HEALTHY
25,4,Furniture,169.22222222222223,181.88888888888889,56.18518518518518,150.14814814814815,629242.68,REORDER
25,5,Furniture,197.80555555555554,192.27777777777777,54.111111111111114,155.61111111111111,980704.12,HEALTHY
25,6,Furniture,188.36363636363637,199.5909090909091,48.5,169.0909090909091,570711.68,REORDER
25,7,Furniture,159.51724137931035,167.17241379310346,49.86206896551724,153.89655172413794,637092.72,REORDER
25,8,Furniture,171.72727272727272,179.0909090909091,52.13636363636363,147.9090909090909,520306.16,REORDER
25,9,Furniture,151.72,197.76,60.8,155.56,522371.96,REORDER
25,10,Furniture,172.6875,207.9375,54.25,155.0,380520.36,REORDER
26,1,Office Supplies,198.63636363636363,146.5,41.90909090909091,86.4090909090909,1147256.1,HEALTHY
26,2,Office Supplies,170.2,111.4,37.5,93.8,893652.12,HEALTHY
26,3,Office Supplies,164.42857142857142,130.61904761904762,42.04761904761905,92.19047619047619,906516.0900000001,HEALTHY
26,4,Office Supplies,184.8181818181818,134.66666666666666,39.81818181818182,96.66666666666667,1601170.47,HEALTHY
26,5,Office Supplies,179.7037037037037,140.14814814814815,41.333333333333336,91.4074074074074,1273795.56,HEALTHY
26,6,Office Supplies,146.73076923076923,124.23076923076923,39.38461538461539,96.6923076923077,1001551.9500000001,HEALTHY
26,7,Office Supplies,173.22222222222223,141.11111111111111,43.30555555555556,100.69444444444444,1637137.08,HEALTHY
26,8,Office Supplies,190.42307692307693,126.1923076923077,40.34615384615385,95.38461538461539,1299786.03,HEALTHY
26,9,Office Supplies,197.47826086956522,129.82608695652175,38.65217391304348,88.1304347826087,1192411.26,HEALTHY
26,10,Office Supplies,157.28571428571428,130.0952380952381,40.38095238095238,90.14285714285714,867136.59,HEALTHY
27,1,Personal Care,209.8148148148148,98.07407407407408,33.333333333333336,123.25925925925925,443626.15,HEALTHY
27,2,Personal Care,195.0,96.52941176470588,34.529411764705884,128.47058823529412,259597.65,HEALTHY
27,3,Personal Care,178.54166666666666,100.04166666666667,35.375,131.29166666666666,335558.35,HEALTHY
27,4,Personal Care,214.86363636363637,81.0,29.0,110.5,370171.37,HEALTHY
27,5,Personal Care,173.68421052631578,89.21052631578948,31.94736842105263,131.78947368421052,258423.0,HEALTHY
27,6,Personal Care,183.66666666666666,89.5,28.733333333333334,133.2,431488.1,HEALTHY
27,7,Personal Care,185.13793103448276,84.86206896551724,34.03448275862069,134.3448275862069,420446.39,HEALTHY
27,8,Personal Care,160.34782608695653,65.8695652173913,27.043478260869566,116.3913043478261,288807.28,HEALTHY
27,9,Personal Care,220.61290322580646,93.58064516129032,30.967741935483872,122.19354838709677,535562.09,HEALTHY
27,10,Personal Care,162.88888888888889,75.0,29.185185185185187,118.62962962962963,344407.38,HEALTHY
28,1,Electronics,158.66666666666666,466.51851851851853,109.0,179.14814814814815,1188467.28,REORDER
28,2,Electronics,205.40740740740742,390.962962962963,110.81481481481481,178.92592592592592,1538571.32,REORDER
28,3,Electronics,220.125,496.2916666666667,132.875,170.79166666666666,1465609.8599999999,REORDER
28,4,Electronics,146.96153846153845,476.9230769230769,130.96153846153845,175.3846153846154,1060021.82,REORDER
28,5,Electronics,155.8846153846154,389.96153846153845,106.1923076923077,175.57692307692307,1124383.26,REORDER
28,6,Electronics,168.39285714285714,555.0357142857143,126.5,183.89285714285714,1308035.3,REORDER
28,7,Electronics,152.82758620689654,463.0689655172414,133.51724137931035,167.20689655172413,1229525.44,REORDER
28,8,Electronics,151.5,497.38461538461536,116.92307692307692,180.96153846153845,1092757.38,REORDER
28,9,Electronics,156.25,448.6,151.75,172.65,866937.5,REORDER
28,10,Electronics,183.85294117647058,466.1764705882353,129.41176470588235,181.55882352941177,1734152.42,REORDER
29,1,Electronics,189.67857142857142,115.64285714285714,36.42857142857143,94.03571428571429,1139050.17,HEALTHY
29,2,Electronics,192.46428571428572,109.39285714285714,36.607142857142854,91.28571428571429,1155778.83,HEALTHY
29,3,Electronics,190.95833333333334,113.58333333333333,33.375,99.75,982916.01,HEALTHY
29,4,Electronics,175.25,138.29166666666666,43.5,96.95833333333333,902060.82,HEALTHY
29,5,Electronics,180.8181818181818,132.36363636363637,38.54545454545455,103.60606060606061,1279742.49,HEALTHY
29,6,Electronics,211.96153846153845,104.76923076923077,37.23076923076923,91.61538461538461,1181944.17,HEALTHY
29,7,Electronics,178.9047619047619,128.8095238095238,43.857142857142854,96.9047619047619,805763.79,HEALTHY
29,8,Electronics,185.6315789473684,120.0,30.63157894736842,97.57894736842105,756435.6900000001,HEALTHY
29,9,Electronics,192.48275862068965,120.65517241379311,37.86206896551724,92.89655172413794,1197171.54,HEALTHY
29,10,Electronics,196.6,123.16,37.2,97.08,1054120.05,HEALTHY
30,1,Grocery,192.92857142857142,97.42857142857143,33.5,178.92857142857142,254326.16,HEALTHY
30,2,Grocery,204.35,131.85,38.6,200.05,192415.96000000002,HEALTHY
30,3,Grocery,174.03333333333333,102.9,31.733333333333334,195.33333333333334,245804.68,HEALTHY
30,4,Grocery,187.30555555555554,118.63888888888889,38.611111111111114,199.27777777777777,317460.44,HEALTHY
30,5,Grocery,192.0,106.83333333333333,34.888888888888886,203.11111111111111,162708.48,HEALTHY
30,6,Grocery,161.16666666666666,105.1,35.1,185.03333333333333,227631.8,HEALTHY
30,7,Grocery,187.5,115.13333333333334,38.266666666666666,204.36666666666667,264825.0,HEALTHY
30,8,Grocery,179.875,114.45833333333333,38.125,198.54166666666666,203244.36000000002,HEALTHY
30,9,Grocery,166.02857142857144,129.0,36.857142857142854,204.94285714285715,273581.88,HEALTHY
30,10,Grocery,198.77142857142857,116.51428571428572,37.542857142857144,198.94285714285715,327535.56,HEALTHY
31,1,Grocery,191.89473684210526,54.8421052631579,24.57894736842105,77.89473684210526,546024.96,HEALTHY
31,2,Grocery,181.23809523809524,53.095238095238095,24.904761904761905,63.61904761904762,569986.5599999999,OVERSTOCK
31,3,Grocery,188.26923076923077,53.96153846153846,25.03846153846154,66.23076923076923,733075.2,OVERSTOCK
31,4,Grocery,189.66666666666666,73.08333333333333,26.791666666666668,70.83333333333333,681707.52,HEALTHY
31,5,Grocery,187.93103448275863,57.172413793103445,26.24137931034483,70.82758620689656,816192.0,HEALTHY
31,6,Grocery,158.69565217391303,62.869565217391305,25.869565217391305,59.130434782608695,546624.0,HEALTHY
31,7,Grocery,159.05263157894737,53.63157894736842,22.42105263157895,67.78947368421052,452574.72000000003,HEALTHY
31,8,Grocery,173.1904761904762,62.666666666666664,25.38095238095238,80.47619047619048,544677.12,HEALTHY
31,9,Grocery,190.96,59.8,25.96,69.12,714954.24,HEALTHY
31,10,Grocery,194.53571428571428,67.89285714285714,28.25,65.35714285714286,815742.72,HEALTHY
32,1,Home Appliances,175.3448275862069,401.3448275862069,107.06896551724138,145.75862068965517,1542382.2,REORDER
32,2,Home Appliances,172.40740740740742,315.4074074074074,96.18518518518519,140.4814814814815,1411954.6,REORDER
32,3,Home Appliances,173.47368421052633,387.6842105263158,105.94736842105263,144.89473684210526,999742.72,REORDER
32,4,Home Appliances,178.03333333333333,369.6666666666667,104.16666666666667,141.06666666666666,1620032.12,REORDER
32,5,Home Appliances,192.5909090909091,389.95454545454544,99.0,132.95454545454547,1285166.8399999999,REORDER
32,6,Home Appliances,182.05882352941177,335.05882352941177,96.76470588235294,139.52941176470588,1877550.8,REORDER
32,7,Home Appliances,169.76,379.56,96.4,144.56,1287290.08,REORDER
32,8,Home Appliances,196.72222222222223,314.55555555555554,85.22222222222223,142.16666666666666,1074056.1199999999,REORDER
32,9,Home Appliances,178.20833333333334,342.875,84.95833333333333,142.91666666666666,1297299.64,REORDER
32,10,Home Appliances,166.14814814814815,314.81481481481484,87.92592592592592,139.40740740740742,1360693.52,REORDER
33,1,Personal Care,173.2608695652174,290.2173913043478,75.82608695652173,136.6086956521739,1289745.25,REORDER
33,2,Personal Care,133.71428571428572,324.3333333333333,83.14285714285714,126.52380952380952,908809.2,REORDER
33,3,Personal Care,180.35714285714286,228.64285714285714,74.21428571428571,132.5,817216.25,REORDER
33,4,Personal Care,180.57894736842104,351.89473684210526,89.47368421052632,134.21052631578948,1110443.15,REORDER
33,5,Personal Care,176.9047619047619,267.5238095238095,72.47619047619048,135.04761904761904,1202359.75,REORDER
33,6,Personal Care,190.2608695652174,330.2608695652174,83.17391304347827,121.69565217391305,1416292.4,REORDER
33,7,Personal Care,193.23529411764707,296.7647058823529,85.94117647058823,129.52941176470588,1063190.25,REORDER
33,8,Personal Care,156.23333333333332,280.76666666666665,77.63333333333334,138.0,1516947.55,REORDER
33,9,Personal Care,173.7058823529412,309.52941176470586,91.0,133.35294117647058,955738.45,REORDER
33,10,Personal Care,189.30434782608697,315.7391304347826,87.95652173913044,135.7826086956522,1409172.1,REORDER
34,1,Personal Care,175.39285714285714,135.53571428571428,42.714285714285715,118.17857142857143,821462.97,HEALTHY
34,2,Personal Care,188.16666666666666,143.95833333333334,40.0,113.375,755391.32,HEALTHY
34,3,Personal Care,192.1875,157.9375,45.5625,122.5,514355.25,HEALTHY
34,4,Personal Care,176.38888888888889,138.66666666666666,43.05555555555556,117.72222222222223,531082.25,HEALTHY
34,5,Personal Care,177.65217391304347,134.04347826086956,38.0,125.17391304347827,683465.22,HEALTHY
34,6,Personal Care,188.0,153.4375,39.625,111.8125,503148.16000000003,HEALTHY
34,7,Personal Care,188.04166666666666,147.33333333333334,40.75,113.25,754889.51,HEALTHY
34,8,Personal Care,144.2,127.3,36.95,113.55,482406.68,HEALTHY
34,9,Personal Care,205.22222222222223,146.27777777777777,44.05555555555556,110.66666666666667,617895.38,HEALTHY
34,10,Personal Care,177.43478260869566,135.2608695652174,40.608695652173914,115.69565217391305,682628.87,HEALTHY
35,1,Furniture,162.57692307692307,120.26923076923077,39.42307692307692,111.15384615384616,728946.15,HEALTHY
35,2,Furniture,167.92,162.56,42.96,127.52,723945.1,HEALTHY
35,3,Furniture,181.8148148148148,132.1851851851852,43.22222222222222,115.51851851851852,846557.05,HEALTHY
35,4,Furniture,201.29166666666666,134.79166666666666,41.916666666666664,116.66666666666667,833105.95,HEALTHY
35,5,Furniture,174.6086956521739,146.6086956521739,41.69565217391305,123.43478260869566,692559.2,HEALTHY
35,6,Furniture,167.2,159.62857142857143,40.25714285714286,116.02857142857142,1009177.4,HEALTHY
35,7,Furniture,198.48,155.84,41.2,118.16,855696.9,HEALTHY
35,8,Furniture,156.68965517241378,168.48275862068965,44.41379310344828,122.93103448275862,783612.8,REORDER
35,9,Furniture,161.1764705882353,131.0,40.1764705882353,111.11764705882354,472513.0,HEALTHY
35,10,Furniture,195.44827586206895,174.13793103448276,45.96551724137931,116.93103448275862,977446.6,HEALTHY
36,1,Furniture,188.2,77.8,29.2,64.08,1515527.55,HEALTHY
36,2,Furniture,193.77272727272728,89.5909090909091,30.181818181818183,62.72727272727273,1373154.93,HEALTHY
36,3,Furniture,178.07142857142858,88.78571428571429,30.392857142857142,57.607142857142854,1606040.46,HEALTHY
36,4,Furniture,168.125,98.0625,34.125,59.25,1732951.8,HEALTHY
36,5,Furniture,195.6551724137931,64.86206896551724,26.655172413793103,50.3448275862069,1827652.1400000001,OVERSTOCK
36,6,Furniture,198.13333333333333,85.06666666666666,34.0,60.46666666666667,1914621.84,HEALTHY
36,7,Furniture,161.92,89.76,27.56,59.44,1303901.28,HEALTHY
36,8,Furniture,170.10714285714286,67.67857142857143,26.928571428571427,53.142857142857146,1534209.93,HEALTHY
36,9,Furniture,206.65217391304347,74.30434782608695,28.956521739130434,55.43478260869565,1530988.83,OVERSTOCK
36,10,Furniture,188.17391304347825,89.1304347826087,32.30434782608695,56.30434782608695,1394092.08,HEALTHY
37,1,Furniture,177.57142857142858,138.92857142857142,40.892857142857146,98.0,1038054.16,HEALTHY
37,2,Furniture,185.35,115.55,36.35,91.7,773947.46,HEALTHY
37,3,Furniture,187.1818181818182,132.9090909090909,40.36363636363637,105.72727272727273,859756.04,HEALTHY
37,4,Furniture,191.58064516129033,126.58064516129032,38.70967741935484,98.25806451612904,1239944.42,HEALTHY
37,5,Furniture,203.1764705882353,107.70588235294117,35.76470588235294,93.76470588235294,721126.12,HEALTHY
37,6,Furniture,184.05714285714285,126.0,39.34285714285714,95.28571428571429,1344960.76,HEALTHY
37,7,Furniture,175.67741935483872,115.96774193548387,38.354838709677416,94.38709677419355,1137015.88,HEALTHY
37,8,Furniture,190.0,122.5,36.31818181818182,99.77272727272727,872700.4,HEALTHY
37,9,Furniture,174.91304347826087,132.2173913043478,40.52173913043478,106.0,839921.94,HEALTHY
37,10,Furniture,181.55555555555554,127.22222222222223,38.666666666666664,92.0,1023439.5599999999,HEALTHY
38,1,Grocery,163.86363636363637,107.18181818181819,31.09090909090909,278.54545454545456,69324.15,HEALTHY
38,2,Grocery,158.61904761904762,84.47619047619048,31.523809523809526,298.3809523809524,64055.130000000005,HEALTHY
38,3,Grocery,170.97058823529412,96.67647058823529,32.35294117647059,276.9117647058824,111783.99,HEALTHY
38,4,Grocery,180.4,108.24,36.88,297.72,86727.3,HEALTHY
38,5,Grocery,162.6153846153846,92.88461538461539,30.576923076923077,289.2692307692308,81304.44,HEALTHY
38,6,Grocery,182.85185185185185,105.70370370370371,34.666666666666664,276.962962962963,94938.51,HEALTHY
38,7,Grocery,179.1,91.6,31.1,272.2,68881.86,HEALTHY
38,8,Grocery,213.3181818181818,80.81818181818181,30.318181818181817,299.22727272727275,90246.39,HEALTHY
38,9,Grocery,195.27272727272728,97.54545454545455,30.818181818181817,295.42424242424244,123918.12,HEALTHY
38,10,Grocery,196.33333333333334,103.54545454545455,31.181818181818183,280.0,124591.17,HEALTHY
39,1,Personal Care,184.07142857142858,133.03571428571428,41.25,84.03571428571429,1650104.6400000001,HEALTHY
39,2,Personal Care,190.69230769230768,144.19230769230768,42.19230769230769,78.57692307692308,1587353.28,HEALTHY
39,3,Personal Care,206.82608695652175,142.17391304347825,39.56521739130435,82.6086956521739,1523001.12,HEALTHY
39,4,Personal Care,168.86363636363637,157.1818181818182,42.95454545454545,84.77272727272727,1189394.4,HEALTHY
39,5,Personal Care,202.7391304347826,138.7826086956522,43.95652173913044,81.3913043478261,1492906.08,HEALTHY
39,6,Personal Care,175.75,121.95,39.65,84.0,1125362.4,HEALTHY
39,7,Personal Care,183.54545454545453,124.04545454545455,35.13636363636363,75.68181818181819,1292806.08,HEALTHY
39,8,Personal Care,177.6,136.5,42.5,85.85,1137208.32,HEALTHY
39,9,Personal Care,150.95652173913044,158.2608695652174,44.0,79.8695652173913,1111595.52,REORDER
39,10,Personal Care,157.1904761904762,133.38095238095238,40.666666666666664,82.23809523809524,1056848.16,HEALTHY
40,1,Personal Care,182.04761904761904,398.95238095238096,115.04761904761905,285.23809523809524,355118.47,REORDER
40,2,Personal Care,181.05263157894737,405.36842105263156,118.15789473684211,290.3157894736842,319541.6,REORDER
40,3,Personal Care,187.0,393.2142857142857,115.0,299.5,243186.02,REORDER
40,4,Personal Care,212.95833333333334,399.5416666666667,89.16666666666667,277.5416666666667,474760.79000000004,REORDER
40,5,Personal Care,204.57894736842104,450.3157894736842,123.36842105263158,275.36842105263156,361063.43,REORDER
40,6,Personal Care,171.04166666666666,431.7916666666667,124.41666666666667,296.0,381313.45,REORDER
40,7,Personal Care,198.96774193548387,340.35483870967744,101.54838709677419,257.19354838709677,572945.52,REORDER
40,8,Personal Care,185.29166666666666,425.375,114.875,283.0416666666667,413081.83,REORDER
40,9,Personal Care,204.37037037037038,452.3703703703704,114.5925925925926,275.6666666666667,512567.02,REORDER
40,10,Personal Care,197.3,389.4,94.5,250.55,366543.94,REORDER
41,1,Electronics,176.35,207.1,55.8,125.85,724974.85,REORDER
41,2,Electronics,184.04347826086956,234.47826086956522,57.82608695652174,136.43478260869566,870093.15,REORDER
41,3,Electronics,181.0,202.72222222222223,58.111111111111114,120.94444444444444,669681.9,REORDER
41,4,Electronics,153.32142857142858,211.28571428571428,60.107142857142854,135.64285714285714,882426.15,REORDER
41,5,Electronics,204.77272727272728,178.63636363636363,55.68181818181818,146.72727272727272,926002.75,HEALTHY
41,6,Electronics,183.375,203.20833333333334,55.916666666666664,141.16666666666666,904625.55,REORDER
41,7,Electronics,182.69565217391303,186.17391304347825,53.391304347826086,130.1304347826087,863721.1,REORDER
41,8,Electronics,182.34285714285716,208.14285714285714,58.885714285714286,129.0857142857143,1311820.1,REORDER
41,9,Electronics,189.8,201.56,48.8,132.36,975334.75,REORDER
41,10,Electronics,177.42857142857142,213.07142857142858,50.642857142857146,129.28571428571428,510586.2,REORDER
42,1,Grocery,156.04545454545453,401.6818181818182,109.13636363636364,341.6363636363636,221806.13,REORDER
42,2,Grocery,187.20833333333334,423.5416666666667,101.5,327.2083333333333,290292.73,REORDER
42,3,Grocery,185.20689655172413,405.1034482758621,104.0,322.6551724137931,347020.31,REORDER
42,4,Grocery,177.8,405.15,110.1,346.1,229753.16,REORDER
42,5,Grocery,184.78125,416.0,103.875,336.46875,382038.93,REORDER
42,6,Grocery,168.33333333333334,416.2916666666667,107.875,344.75,261024.4,REORDER
42,7,Grocery,158.84,385.04,119.92,350.52,256566.31,REORDER
42,8,Grocery,157.36,386.24,99.2,341.8,254175.74,REORDER
42,9,Grocery,152.5185185185185,441.3703703703704,114.07407407407408,331.81481481481484,266063.98,REORDER
42,10,Grocery,188.68421052631578,382.42105263157896,94.05263157894737,304.57894736842104,231626.85,REORDER
43,1,Office Supplies,181.25806451612902,158.1290322580645,47.16129032258065,360.16129032258067,110076.21,HEALTHY
43,2,Office Supplies,175.04761904761904,151.95238095238096,39.42857142857143,365.76190476190476,72012.84,HEALTHY
43,3,Office Supplies,204.05882352941177,152.0,48.64705882352941,364.52941176470586,135915.42,HEALTHY
43,4,Office Supplies,153.28,158.36,44.12,374.12,75068.88,REORDER
43,5,Office Supplies,170.16666666666666,139.04166666666666,42.333333333333336,365.5,80005.56,HEALTHY
43,6,Office Supplies,175.96296296296296,118.5925925925926,37.666666666666664,340.48148148148147,93072.09,HEALTHY
43,7,Office Supplies,168.92857142857142,156.46428571428572,44.75,354.10714285714283,92660.7,HEALTHY
43,8,Office Supplies,177.8,144.48,45.2,360.88,87077.55,HEALTHY
43,9,Office Supplies,191.66666666666666,151.0,44.370370370370374,347.48148148148147,101378.25,HEALTHY
43,10,Office Supplies,164.96666666666667,162.4,44.9,346.8666666666667,96950.91,HEALTHY
44,1,Grocery,204.02941176470588,637.0882352941177,163.2058823529412,308.70588235294116,794425.24,REORDER
44,2,Grocery,180.56521739130434,580.0,145.34782608695653,297.17391304347825,475601.56,REORDER
44,3,Grocery,189.0,585.5862068965517,148.55172413793105,311.62068965517244,627684.12,REORDER
44,4,Grocery,173.2,580.68,145.56,293.16,495871.6,REORDER
44,5,Grocery,236.1,576.45,148.7,307.8,540763.4400000001,REORDER
44,6,Grocery,171.72,585.36,142.56,318.96,491634.36,REORDER
44,7,Grocery,208.82608695652175,574.4347826086956,153.3913043478261,302.2173913043478,550039.56,REORDER
44,8,Grocery,171.93103448275863,601.3793103448276,167.44827586206895,343.7931034482759,570996.72,REORDER
44,9,Grocery,183.77777777777777,683.5925925925926,195.66666666666666,318.4074074074074,568248.24,CRITICAL
44,10,Grocery,191.39473684210526,720.6052631578947,178.0,296.0263157894737,832903.96,REORDER
45,1,Office Supplies,196.88888888888889,253.38888888888889,62.94444444444444,129.5,974351.92,REORDER
45,2,Office Supplies,181.70833333333334,261.3333333333333,71.91666666666667,127.29166666666667,1198969.73,REORDER
45,3,Office Supplies,187.1304347826087,248.65217391304347,66.65217391304348,120.30434782608695,1183298.72,REORDER
45,4,Office Supplies,182.68,273.36,66.8,133.76,1255605.31,REORDER
45,5,Office Supplies,236.42105263157896,291.89473684210526,70.57894736842105,123.52631578947368,1234985.56,REORDER
45,6,Office Supplies,202.0,270.8529411764706,66.61764705882354,143.55882352941177,1888219.24,REORDER
45,7,Office Supplies,141.61290322580646,252.03225806451613,65.03225806451613,125.51612903225806,1206942.7,REORDER
45,8,Office Supplies,148.84,289.72,68.0,136.8,1023014.53,REORDER
45,9,Office Supplies,157.46153846153845,248.6153846153846,70.76923076923077,134.53846153846155,1125563.42,REORDER
45,10,Office Supplies,193.69565217391303,249.17391304347825,62.47826086956522,116.1304347826087,1224813.15,REORDER
46,1,Electronics,175.2258064516129,235.5483870967742,67.61290322580645,202.5483870967742,559115.76,REORDER
46,2,Electronics,183.91304347826087,184.34782608695653,55.73913043478261,186.56521739130434,435393.89999999997,REORDER
46,3,Electronics,163.4,195.08,53.24,174.2,420469.05,REORDER
46,4,Electronics,187.11111111111111,223.05555555555554,58.166666666666664,203.05555555555554,346668.24,REORDER
46,5,Electronics,208.16666666666666,208.33333333333334,58.388888888888886,184.66666666666666,385678.71,REORDER
46,6,Electronics,180.67567567567568,218.97297297297297,59.5945945945946,187.72972972972974,688087.05,REORDER
46,7,Electronics,204.06896551724137,227.0,62.58620689655172,173.82758620689654,609139.74,REORDER
46,8,Electronics,173.27586206896552,222.51724137931035,59.3448275862069,191.6206896551724,517223.25,REORDER
46,9,Electronics,171.2,200.1,55.93333333333333,163.06666666666666,528648.48,REORDER
46,10,Electronics,185.5,171.1875,51.3125,168.25,305496.24,HEALTHY
47,1,Home Appliances,195.0344827586207,246.06896551724137,59.86206896551724,205.75862068965517,470975.12,REORDER
47,2,Home Appliances,173.0,253.89473684210526,72.15789473684211,218.42105263157896,273708.49,REORDER
47,3,Home Appliances,206.16129032258064,232.29032258064515,65.80645161290323,203.90322580645162,532178.57,REORDER
47,4,Home Appliances,150.26923076923077,212.34615384615384,64.38461538461539,230.1153846153846,325335.89,REORDER
47,5,Home Appliances,182.57142857142858,255.67857142857142,71.85714285714286,217.14285714285714,425676.24,REORDER
47,6,Home Appliances,187.0,233.96428571428572,67.25,217.5,436001.72,REORDER
47,7,Home Appliances,191.60714285714286,216.64285714285714,55.535714285714285,239.57142857142858,446743.55,REORDER
47,8,Home Appliances,183.88888888888889,245.33333333333334,65.70370370370371,222.88888888888889,413435.55,REORDER
47,9,Home Appliances,167.65,265.8,66.7,213.05,279204.31,REORDER
47,10,Home Appliances,167.80769230769232,227.0,59.5,223.5,363307.01,REORDER
48,1,Personal Care,171.95833333333334,124.125,38.75,161.20833333333334,333213.98,HEALTHY
48,2,Personal Care,166.84375,107.0625,32.71875,149.53125,431070.86,HEALTHY
48,3,Personal Care,199.16666666666666,120.75,39.958333333333336,145.16666666666666,385937.2,HEALTHY
48,4,Personal Care,183.66666666666666,111.16666666666667,35.0,162.91666666666666,355901.92,HEALTHY
48,5,Personal Care,161.96296296296296,121.5925925925926,40.629629629629626,163.2962962962963,353076.02,HEALTHY
48,6,Personal Care,187.53333333333333,125.93333333333334,36.4,153.33333333333334,227121.62,HEALTHY
48,7,Personal Care,179.82758620689654,124.41379310344827,40.55172413793103,162.58620689655172,421059.1,HEALTHY
48,8,Personal Care,156.77272727272728,110.27272727272727,38.63636363636363,159.27272727272728,278472.26,HEALTHY
48,9,Personal Care,168.3448275862069,110.48275862068965,35.48275862068966,154.9655172413793,394172.68,HEALTHY
48,10,Personal Care,188.05555555555554,158.94444444444446,45.05555555555556,154.88888888888889,273304.9,HEALTHY
49,1,Electronics,194.56,168.76,44.56,125.0,895900.16,HEALTHY
49,2,Electronics,200.27272727272728,145.1818181818182,45.45454545454545,135.95454545454547,811541.14,HEALTHY
49,3,Electronics,192.3448275862069,178.58620689655172,49.96551724137931,129.3793103448276,1027411.82,HEALTHY
49,4,Electronics,164.86363636363637,178.8181818181818,47.09090909090909,132.0,668057.13,REORDER
49,5,Electronics,158.7391304347826,198.8695652173913,51.91304347826087,137.1304347826087,672477.6900000001,REORDER
49,6,Electronics,174.71428571428572,184.64285714285714,55.25,128.10714285714286,901057.48,REORDER
49,7,Electronics,167.62857142857143,185.0857142857143,47.285714285714285,129.65714285714284,1080642.73,REORDER
49,8,Electronics,198.59259259259258,162.14814814814815,48.925925925925924,126.37037037037037,987626.78,HEALTHY
49,9,Electronics,173.92,180.52,51.32,123.64,800858.12,REORDER
49,10,Electronics,193.73333333333332,188.2,43.46666666666667,137.93333333333334,535256.14,HEALTHY
50,1,Personal Care,195.17857142857142,153.75,52.535714285714285,94.82142857142857,1867062.6,HEALTHY
50,2,Personal Care,172.15384615384616,192.33333333333334,50.15384615384615,90.15384615384616,2293770.96,REORDER
50,3,Personal Care,202.64,219.84,49.36,90.32,1730748.24,REORDER
50,4,Personal Care,155.57894736842104,196.6315789473684,53.421052631578945,97.89473684210526,1009887.84,REORDER
50,5,Personal Care,190.65217391304347,157.30434782608697,46.52173913043478,96.1304347826087,1498091.4,HEALTHY
50,6,Personal Care,152.92857142857142,214.57142857142858,50.92857142857143,97.0,731451.24,REORDER
50,7,Personal Care,194.11764705882354,221.05882352941177,61.470588235294116,105.05882352941177,1127412.0,REORDER
50,8,Personal Care,187.35294117647058,173.05882352941177,54.05882352941177,98.23529411764706,1088123.4,HEALTHY
50,9,Personal Care,174.66666666666666,193.88888888888889,58.72222222222222,104.05555555555556,1074116.16,REORDER
50,10,Personal Care,179.11764705882354,197.1764705882353,49.0,100.11764705882354,1040293.8,REORDER
51,1,Furniture,220.52380952380952,60.523809523809526,23.571428571428573,70.66666666666667,763976.0700000001,OVERSTOCK
51,2,Furniture,180.40625,62.21875,24.65625,71.28125,952371.81,HEALTHY
51,3,Furniture,165.75,57.78125,24.375,59.78125,875000.88,HEALTHY
51,4,Furniture,197.6153846153846,62.0,26.846153846153847,55.38461538461539,423807.93,OVERSTOCK
51,5,Furniture,173.5909090909091,62.40909090909091,25.136363636363637,70.68181818181819,630020.43,HEALTHY
51,6,Furniture,174.3,59.833333333333336,26.433333333333334,65.73333333333333,862628.13,HEALTHY
51,7,Furniture,180.54166666666666,48.083333333333336,20.375,71.54166666666667,714815.01,HEALTHY
51,8,Furniture,174.5,58.266666666666666,26.033333333333335,61.9,863617.95,HEALTHY
51,9,Furniture,189.3,61.05,24.75,67.65,624576.42,HEALTHY
51,10,Furniture,199.28571428571428,51.76190476190476,21.61904761904762,69.38095238095238,690399.45,OVERSTOCK
52,1,Home Appliances,173.15625,511.25,139.25,201.96875,1100442.6,REORDER
52,2,Home Appliances,183.85714285714286,432.39285714285717,135.0,204.46428571428572,1022392.8,REORDER
52,3,Home Appliances,183.3548387096774,418.38709677419354,119.70967741935483,193.61290322580646,1128842.4,REORDER
52,4,Home Appliances,171.13333333333333,427.96666666666664,112.23333333333333,203.03333333333333,1019612.4,REORDER
52,5,Home Appliances,176.0,488.6923076923077,121.57692307692308,214.26923076923077,908793.6,REORDER
52,6,Home Appliances,196.69230769230768,509.6923076923077,145.8846153846154,206.57692307692307,1015640.4,REORDER
52,7,Home Appliances,166.25925925925927,524.3333333333334,111.22222222222223,197.2962962962963,891515.4,REORDER
52,8,Home Appliances,160.95454545454547,470.90909090909093,144.04545454545453,216.6818181818182,703242.6,REORDER
52,9,Home Appliances,192.73684210526315,474.3157894736842,123.10526315789474,210.73684210526315,727273.2,REORDER
52,10,Home Appliances,183.0,450.54545454545456,130.22727272727272,218.5909090909091,799563.6,REORDER
53,1,Home Appliances,179.8421052631579,224.47368421052633,62.26315789473684,114.05263157894737,1033095.78,REORDER
53,2,Home Appliances,159.0952380952381,225.95238095238096,59.38095238095238,118.52380952380952,1010117.94,REORDER
53,3,Home Appliances,179.42857142857142,230.23809523809524,60.0,105.38095238095238,1139217.12,REORDER
53,4,Home Appliances,180.47619047619048,209.0952380952381,55.42857142857143,119.42857142857143,1145868.6,REORDER
53,5,Home Appliances,198.0,238.33333333333334,72.33333333333333,114.1,1795899.6,REORDER
53,6,Home Appliances,191.65217391304347,231.2173913043478,63.17391304347826,113.26086956521739,1332714.72,REORDER
53,7,Home Appliances,193.53846153846155,212.15384615384616,57.11538461538461,115.42307692307692,1521374.88,REORDER
53,8,Home Appliances,183.95833333333334,255.5,71.16666666666667,112.83333333333333,1334831.1,REORDER
53,9,Home Appliances,194.38709677419354,244.70967741935485,56.225806451612904,119.6774193548387,1821900.84,REORDER
53,10,Home Appliances,156.42105263157896,233.05263157894737,65.57894736842105,114.36842105263158,898554.48,REORDER
54,1,Electronics,178.83333333333334,222.91666666666666,63.125,128.79166666666666,819729.0800000001,REORDER
54,2,Electronics,175.85714285714286,203.75,60.285714285714285,134.39285714285714,940434.76,REORDER
54,3,Electronics,198.9090909090909,243.13636363636363,73.9090909090909,137.45454545454547,835772.24,REORDER
54,4,Electronics,200.69230769230768,210.84615384615384,58.65384615384615,136.5,996585.82,REORDER
54,5,Electronics,176.48275862068965,247.93103448275863,63.172413793103445,136.10344827586206,977486.8200000001,REORDER
54,6,Electronics,214.7,190.73333333333332,55.0,138.4,1230166.59,HEALTHY
54,7,Electronics,172.16666666666666,210.66666666666666,54.458333333333336,143.91666666666666,789170.68,REORDER
54,8,Electronics,168.2608695652174,240.2608695652174,61.82608695652174,147.52173913043478,739131.3,REORDER
54,9,Electronics,170.21052631578948,223.42105263157896,57.94736842105263,141.73684210526315,617661.66,REORDER
54,10,Electronics,186.33333333333334,232.41666666666666,58.041666666666664,142.375,854107.28,REORDER
55,1,Home Appliances,173.53333333333333,265.46666666666664,80.83333333333333,243.2,370094.54,REORDER
55,2,Home Appliances,165.86666666666667,278.6666666666667,69.8,263.4,176871.92,REORDER
55,3,Home Appliances,194.95454545454547,264.77272727272725,76.36363636363636,248.45454545454547,304905.01,REORDER
55,4,Home Appliances,184.65384615384616,242.46153846153845,63.57692307692308,255.57692307692307,341303.09,REORDER
55,5,Home Appliances,196.44,285.16,71.72,248.32,349122.99,REORDER
55,6,Home Appliances,190.25925925925927,232.66666666666666,64.74074074074075,240.40740740740742,365189.33,REORDER
55,7,Home Appliances,164.375,267.03125,70.375,246.0625,373933.4,REORDER
55,8,Home Appliances,207.03571428571428,288.64285714285717,70.03571428571429,249.82142857142858,412108.73,REORDER
55,9,Home Appliances,181.63636363636363,263.90909090909093,81.5,270.59090909090907,284075.64,REORDER
55,10,Home Appliances,189.56,246.24,70.16,236.84,336895.51,REORDER
56,1,Office Supplies,188.92,238.36,58.88,175.92,521702.58,REORDER
56,2,Office Supplies,196.31578947368422,141.73684210526315,43.68421052631579,168.73684210526315,412015.8,HEALTHY
56,3,Office Supplies,166.1904761904762,212.9047619047619,52.38095238095238,172.38095238095238,385505.4,REORDER
56,4,Office Supplies,213.04,191.36,53.16,161.24,588309.96,HEALTHY
56,5,Office Supplies,191.5,206.70833333333334,55.0,181.41666666666666,507674.16000000003,REORDER
56,6,Office Supplies,197.82608695652175,219.0,65.78260869565217,184.3913043478261,502593.0,REORDER
56,7,Office Supplies,202.97142857142856,189.6,50.114285714285714,175.0,784707.84,HEALTHY
56,8,Office Supplies,192.59459459459458,198.67567567567568,56.270270270270274,169.97297297297297,787137.96,REORDER
56,9,Office Supplies,207.17857142857142,185.53571428571428,51.17857142857143,141.39285714285714,640778.46,HEALTHY
56,10,Office Supplies,158.65,178.15,53.05,187.4,350489.58,REORDER
57,1,Home Appliances,149.45833333333334,133.33333333333334,40.916666666666664,143.08333333333334,408918.0,HEALTHY
57,2,Home Appliances,173.2941176470588,143.38235294117646,43.38235294117647,128.88235294117646,671688.0,HEALTHY
57,3,Home Appliances,166.0909090909091,119.54545454545455,39.45454545454545,131.36363636363637,416556.0,HEALTHY
57,4,Home Appliances,155.5,137.79166666666666,42.166666666666664,136.25,425448.0,HEALTHY
57,5,Home Appliances,201.4516129032258,141.06451612903226,46.29032258064516,145.16129032258064,711930.0,HEALTHY
57,6,Home Appliances,188.03225806451613,112.7741935483871,34.225806451612904,130.96774193548387,664506.0,HEALTHY
57,7,Home Appliances,223.48,131.52,43.04,137.64,636918.0,HEALTHY
57,8,Home Appliances,152.37037037037038,153.96296296296296,43.51851851851852,138.55555555555554,468996.0,REORDER
57,9,Home Appliances,188.69565217391303,117.91304347826087,36.52173913043478,139.52173913043478,494760.0,HEALTHY
57,10,Home Appliances,183.55555555555554,141.38888888888889,41.333333333333336,141.33333333333334,376656.0,HEALTHY
58,1,Personal Care,186.25,42.07142857142857,20.785714285714285,50.892857142857146,750334.2,OVERSTOCK
58,2,Personal Care,177.5,47.38461538461539,24.884615384615383,54.88461538461539,664006.2,OVERSTOCK
58,3,Personal Care,192.0857142857143,47.457142857142856,24.0,57.31428571428572,967305.24,OVERSTOCK
58,4,Personal Care,184.0,36.62068965517241,22.551724137931036,45.172413793103445,767743.68,OVERSTOCK
58,5,Personal Care,188.9090909090909,38.04545454545455,20.818181818181817,45.54545454545455,597965.28,OVERSTOCK
58,6,Personal Care,167.64285714285714,47.357142857142854,23.964285714285715,55.5,675372.72,OVERSTOCK
58,7,Personal Care,192.0344827586207,45.310344827586206,24.655172413793103,56.96551724137931,801267.72,OVERSTOCK
58,8,Personal Care,190.96153846153845,35.92307692307692,21.884615384615383,51.80769230769231,714364.2,OVERSTOCK
58,9,Personal Care,160.07692307692307,44.69230769230769,22.0,61.5,598828.56,HEALTHY
58,10,Personal Care,203.2962962962963,44.2962962962963,23.40740740740741,52.96296296296296,789757.32,OVERSTOCK
59,1,Personal Care,166.05,290.9,77.05,183.8,511301.16000000003,REORDER
59,2,Personal Care,159.93103448275863,348.41379310344826,85.55172413793103,202.82758620689654,714066.48,REORDER
59,3,Personal Care,195.5185185185185,321.14814814814815,84.51851851851852,188.4814814814815,812754.84,REORDER
59,4,Personal Care,189.92592592592592,334.85185185185185,84.51851851851852,186.55555555555554,789506.88,REORDER
59,5,Personal Care,167.8,310.75,85.9,199.4,516689.76,REORDER
59,6,Personal Care,179.0,318.53125,77.1875,184.21875,881882.88,REORDER
59,7,Personal Care,188.5,296.8333333333333,81.22222222222223,174.94444444444446,1044772.5599999999,REORDER
59,8,Personal Care,172.52,276.92,77.64,181.92,664029.48,REORDER
59,9,Personal Care,181.24137931034483,296.51724137931035,83.79310344827586,181.6551724137931,809213.76,REORDER
59,10,Personal Care,205.4,373.9,74.7,187.15,632467.6799999999,REORDER
60,1,Personal Care,188.8709677419355,161.4516129032258,41.064516129032256,95.83870967741936,1648358.15,HEALTHY
60,2,Personal Care,192.77777777777777,149.66666666666666,46.888888888888886,91.5,976909.1,HEALTHY
60,3,Personal Care,174.72413793103448,177.79310344827587,51.0,101.55172413793103,1426512.51,REORDER
60,4,Personal Care,141.3181818181818,172.4090909090909,45.68181818181818,103.63636363636364,875276.77,REORDER
60,5,Personal Care,209.0,218.3,59.55,111.15,1176795.4,REORDER
60,6,Personal Care,187.75,180.625,46.583333333333336,105.375,1268574.18,HEALTHY
60,7,Personal Care,171.16666666666666,154.75,44.666666666666664,97.54166666666667,1156525.24,HEALTHY
60,8,Personal Care,161.8181818181818,206.95454545454547,58.86363636363637,97.54545454545455,1002246.8,REORDER
60,9,Personal Care,190.13333333333333,155.4,53.13333333333333,96.13333333333334,802923.5599999999,HEALTHY
60,10,Personal Care,183.47826086956522,188.0,48.130434782608695,103.0,1188056.6,REORDER
61,1,Personal Care,177.0,72.47368421052632,29.157894736842106,81.10526315789474,428748.87,HEALTHY
61,2,Personal Care,203.2,59.15,24.35,83.75,518119.36,HEALTHY
61,3,Personal Care,197.11111111111111,65.37037037037037,24.444444444444443,83.85185185185185,678501.78,HEALTHY
61,4,Personal Care,161.60714285714286,80.39285714285714,30.035714285714285,90.28571428571429,576892.25,HEALTHY
61,5,Personal Care,164.30769230769232,60.76923076923077,24.692307692307693,83.0,544637.28,HEALTHY
61,6,Personal Care,159.64285714285714,66.32142857142857,24.642857142857142,80.71428571428571,569880.3,HEALTHY
61,7,Personal Care,190.47826086956522,54.391304347826086,24.73913043478261,69.69565217391305,558533.6900000001,HEALTHY
61,8,Personal Care,134.65384615384616,68.38461538461539,27.73076923076923,83.38461538461539,446342.49,HEALTHY
61,9,Personal Care,171.16666666666666,60.916666666666664,24.125,77.91666666666667,523728.92,HEALTHY
61,10,Personal Care,163.26666666666668,64.63333333333334,27.833333333333332,84.93333333333334,624446.02,HEALTHY
62,1,Office Supplies,193.73333333333332,203.2,54.333333333333336,150.56666666666666,977229.6799999999,REORDER
62,2,Office Supplies,210.07407407407408,183.33333333333334,50.333333333333336,137.2962962962963,953690.0800000001,HEALTHY
62,3,Office Supplies,170.11111111111111,199.59259259259258,51.888888888888886,143.25925925925927,772267.02,REORDER
62,4,Office Supplies,195.8695652173913,214.0,55.91304347826087,131.2173913043478,757470.7,REORDER
62,5,Office Supplies,172.82857142857142,193.77142857142857,55.34285714285714,150.9142857142857,1017078.86,REORDER
62,6,Office Supplies,174.52380952380952,211.85714285714286,49.38095238095238,125.85714285714286,616233.1,REORDER
62,7,Office Supplies,211.33333333333334,197.16666666666666,57.22222222222222,150.5,639604.56,HEALTHY
62,8,Office Supplies,161.08,178.08,52.08,142.0,677099.78,REORDER
62,9,Office Supplies,208.0,214.95652173913044,59.34782608695652,157.17391304347825,804381.76,REORDER
62,10,Office Supplies,214.5,172.92857142857142,46.642857142857146,133.92857142857142,504924.42,HEALTHY
63,1,Grocery,152.84615384615384,149.84615384615384,41.84615384615385,110.3076923076923,881194.76,HEALTHY
63,2,Grocery,191.14285714285714,186.53571428571428,55.892857142857146,112.92857142857143,1186752.48,HEALTHY
63,3,Grocery,171.08333333333334,150.95833333333334,45.791666666666664,117.91666666666667,910464.44,HEALTHY
63,4,Grocery,198.27272727272728,155.13636363636363,44.09090909090909,110.86363636363636,967229.88,HEALTHY
63,5,Grocery,152.72222222222223,177.69444444444446,50.05555555555556,118.30555555555556,1219126.52,REORDER
63,6,Grocery,193.35714285714286,174.60714285714286,48.535714285714285,109.57142857142857,1200500.3599999999,HEALTHY
63,7,Grocery,160.57692307692307,182.76923076923077,50.73076923076923,124.96153846153847,925764.5,REORDER
63,8,Grocery,185.5,165.60714285714286,44.535714285714285,103.78571428571429,1151717.56,HEALTHY
63,9,Grocery,191.67741935483872,171.1290322580645,51.935483870967744,110.61290322580645,1317579.08,HEALTHY
63,10,Grocery,195.71428571428572,189.14285714285714,50.714285714285715,113.0,607567.6,HEALTHY
64,1,Furniture,163.08695652173913,153.17391304347825,47.869565217391305,132.69565217391303,514562.18,HEALTHY
64,2,Furniture,215.16,151.64,42.04,140.76,737891.22,HEALTHY
64,3,Furniture,186.05,149.55,48.1,135.3,510446.78,HEALTHY
64,4,Furniture,193.52380952380952,162.1904761904762,44.142857142857146,158.0,557499.52,HEALTHY
64,5,Furniture,191.7,183.7,44.25,144.6,525948.12,HEALTHY
64,6,Furniture,177.91176470588235,166.5,47.911764705882355,146.6764705882353,829801.8200000001,HEALTHY
64,7,Furniture,183.19230769230768,159.96153846153845,50.96153846153846,143.84615384615384,653388.34,HEALTHY
64,8,Furniture,182.4814814814815,156.77777777777777,47.333333333333336,133.11111111111111,675885.86,HEALTHY
64,9,Furniture,184.0,156.37037037037038,46.44444444444444,147.11111111111111,681510.24,HEALTHY
64,10,Furniture,210.06666666666666,147.66666666666666,47.4,154.33333333333334,432254.18,HEALTHY
65,1,Electronics,176.04347826086956,107.1304347826087,32.78260869565217,79.30434782608695,1190851.39,HEALTHY
65,2,Electronics,161.37037037037038,108.85185185185185,36.03703703703704,71.5925925925926,1281437.27,HEALTHY
65,3,Electronics,171.5,87.86666666666666,29.266666666666666,71.86666666666666,1513195.95,HEALTHY
65,4,Electronics,194.32,96.8,33.56,74.4,1428786.38,HEALTHY
65,5,Electronics,187.76666666666668,83.36666666666666,29.5,68.1,1656721.6300000001,HEALTHY
65,6,Electronics,200.52173913043478,87.56521739130434,29.608695652173914,62.56521739130435,1356435.32,HEALTHY
65,7,Electronics,185.42105263157896,74.15789473684211,29.31578947368421,60.0,1036149.53,HEALTHY
65,8,Electronics,203.26923076923077,97.38461538461539,31.03846153846154,69.61538461538461,1554371.35,HEALTHY
65,9,Electronics,193.78571428571428,107.67857142857143,33.107142857142854,79.25,1595840.86,HEALTHY
65,10,Electronics,164.7826086956522,86.82608695652173,28.652173913043477,69.1304347826087,1114676.9,HEALTHY
66,1,Personal Care,168.57894736842104,81.84210526315789,28.157894736842106,78.26315789473684,669138.73,HEALTHY
66,2,Personal Care,158.2608695652174,106.30434782608695,36.95652173913044,87.34782608695652,760432.4,HEALTHY
66,3,Personal Care,185.26315789473685,94.26315789473684,30.789473684210527,83.94736842105263,735363.2,HEALTHY
66,4,Personal Care,176.8695652173913,109.21739130434783,33.95652173913044,88.73913043478261,849845.88,HEALTHY
66,5,Personal Care,180.375,98.375,34.708333333333336,84.91666666666667,904371.39,HEALTHY
66,6,Personal Care,197.34782608695653,109.6086956521739,31.08695652173913,91.56521739130434,948242.49,HEALTHY
66,7,Personal Care,181.61764705882354,110.11764705882354,35.5,93.38235294117646,1290019.25,HEALTHY
66,8,Personal Care,205.6153846153846,97.15384615384616,32.42307692307692,84.34615384615384,1116832.8599999999,HEALTHY
66,9,Personal Care,161.08695652173913,109.6086956521739,34.91304347826087,89.1304347826087,774011.55,HEALTHY
66,10,Personal Care,183.72,95.4,35.44,84.04,959523.63,HEALTHY
67,1,Home Appliances,189.20833333333334,117.25,34.25,125.95833333333333,492970.96,HEALTHY
67,2,Home Appliances,205.0,100.35714285714286,34.214285714285715,122.21428571428571,623134.4,HEALTHY
67,3,Home Appliances,151.77272727272728,94.31818181818181,33.09090909090909,124.86363636363636,362481.83999999997,HEALTHY
67,4,Home Appliances,156.16,85.36,28.6,122.36,423818.24,HEALTHY
67,5,Home Appliances,197.44827586206895,111.6896551724138,34.0,125.03448275862068,621614.56,HEALTHY
67,6,Home Appliances,177.8,80.96,31.64,110.44,482549.2,HEALTHY
67,7,Home Appliances,170.05555555555554,112.5,36.55555555555556,118.22222222222223,332302.16,HEALTHY
67,8,Home Appliances,211.25,114.70833333333333,35.541666666666664,122.75,550399.2,HEALTHY
67,9,Home Appliances,181.46153846153845,104.42307692307692,34.30769230769231,126.34615384615384,512186.08,HEALTHY
67,10,Home Appliances,180.92307692307693,110.46153846153847,37.84615384615385,133.15384615384616,510666.24,HEALTHY
68,1,Personal Care,192.35,77.5,28.05,75.85,970251.87,HEALTHY
68,2,Personal Care,179.6060606060606,82.54545454545455,29.272727272727273,70.54545454545455,1494848.67,HEALTHY
68,3,Personal Care,164.75862068965517,77.96551724137932,31.24137931034483,71.96551724137932,1205059.38,HEALTHY
68,4,Personal Care,157.57692307692307,99.76923076923077,33.5,74.07692307692308,1033304.37,HEALTHY
68,5,Personal Care,188.33333333333334,92.29629629629629,32.888888888888886,80.18518518518519,1282487.85,HEALTHY
68,6,Personal Care,199.625,80.83333333333333,31.208333333333332,65.58333333333333,1208338.11,HEALTHY
68,7,Personal Care,174.0,74.0,28.583333333333332,69.70833333333333,1053228.96,HEALTHY
68,8,Personal Care,185.89655172413794,80.62068965517241,30.862068965517242,66.89655172413794,1359664.11,HEALTHY
68,9,Personal Care,162.0,83.16,29.16,70.8,1021450.5,HEALTHY
68,10,Personal Care,166.75,91.2,31.15,71.1,841120.35,HEALTHY
69,1,Home Appliances,173.5483870967742,60.83870967741935,27.774193548387096,63.45161290322581,1013914.8,HEALTHY
69,2,Home Appliances,206.96,55.84,28.6,61.64,975092.04,OVERSTOCK
69,3,Home Appliances,182.97058823529412,56.294117647058826,24.0,61.11764705882353,1172409.66,OVERSTOCK
69,4,Home Appliances,158.2962962962963,58.77777777777778,25.074074074074073,64.92592592592592,805478.04,HEALTHY
69,5,Home Appliances,169.96,56.92,26.16,62.88,800766.54,HEALTHY
69,6,Home Appliances,172.09677419354838,62.54838709677419,26.741935483870968,62.903225806451616,1005434.1,HEALTHY
69,7,Home Appliances,150.30434782608697,66.73913043478261,26.956521739130434,64.47826086956522,651506.22,HEALTHY
69,8,Home Appliances,148.05,68.4,29.4,61.85,558030.0599999999,HEALTHY
69,9,Home Appliances,194.9655172413793,68.55172413793103,27.17241379310345,68.72413793103448,1065552.84,HEALTHY
69,10,Home Appliances,190.8235294117647,51.38235294117647,21.470588235294116,59.6764705882353,1222728.48,OVERSTOCK
70,1,Furniture,178.14814814814815,117.25925925925925,34.925925925925924,92.07407407407408,917651.8,HEALTHY
70,2,Furniture,197.2,104.6,33.25,92.55,752436.32,HEALTHY
70,3,Furniture,168.8695652173913,102.82608695652173,34.391304347826086,97.34782608695652,740989.52,HEALTHY
70,4,Furniture,175.13636363636363,95.72727272727273,29.636363636363637,87.72727272727273,735075.34,HEALTHY
70,5,Furniture,200.625,109.75,35.4375,95.5,1224807.6,HEALTHY
70,6,Furniture,210.13636363636363,105.63636363636364,32.86363636363637,90.9090909090909,881975.94,HEALTHY
70,7,Furniture,202.34615384615384,91.96153846153847,29.423076923076923,84.0,1003693.58,HEALTHY
70,8,Furniture,187.40740740740742,102.85185185185185,35.25925925925926,90.66666666666667,965346.8,HEALTHY
70,9,Furniture,174.96153846153845,94.0,30.03846153846154,104.15384615384616,867858.22,HEALTHY
70,10,Furniture,169.03333333333333,120.2,38.233333333333334,102.63333333333334,967445.38,HEALTHY
71,1,Furniture,188.26315789473685,209.31578947368422,68.84210526315789,166.05263157894737,617139.8099999999,REORDER
71,2,Furniture,170.48,228.24,61.2,152.44,735322.86,REORDER
71,3,Furniture,173.46153846153845,221.5,62.07692307692308,139.07692307692307,778110.3,REORDER
71,4,Furniture,174.2,276.6,68.04,149.96,751368.15,REORDER
71,5,Furniture,156.61904761904762,240.42857142857142,65.61904761904762,144.95238095238096,567451.17,REORDER
71,6,Furniture,183.0,226.35294117647058,67.11764705882354,153.38235294117646,1073481.66,REORDER
71,7,Furniture,183.0,267.0,63.964285714285715,156.96428571428572,884043.72,REORDER
71,8,Furniture,182.5,215.77272727272728,56.22727272727273,142.45454545454547,692707.95,REORDER
71,9,Furniture,201.57142857142858,214.0,55.095238095238095,158.52380952380952,730319.49,REORDER
71,10,Furniture,156.1153846153846,238.0,64.84615384615384,165.96153846153845,700299.27,REORDER
72,1,Furniture,190.5625,106.0625,36.75,103.375,1085322.04,HEALTHY
72,2,Furniture,198.69565217391303,123.3913043478261,40.26086956521739,112.21739130434783,813368.6,HEALTHY
72,3,Furniture,168.85,114.2,41.7,118.95,601038.46,HEALTHY
72,4,Furniture,161.47619047619048,129.23809523809524,42.76190476190476,122.33333333333333,603530.18,HEALTHY
72,5,Furniture,198.0909090909091,128.27272727272728,38.696969696969695,107.96969696969697,1163455.26,HEALTHY
72,6,Furniture,174.93333333333334,133.73333333333332,40.43333333333333,104.0,934039.04,HEALTHY
72,7,Furniture,159.8235294117647,116.23529411764706,36.0,118.52941176470588,483571.66000000003,HEALTHY
72,8,Furniture,181.37037037037038,124.37037037037037,39.0,109.14814814814815,871568.06,HEALTHY
72,9,Furniture,180.9655172413793,108.86206896551724,38.03448275862069,103.0,934039.04,HEALTHY
72,10,Furniture,200.7391304347826,134.7391304347826,41.608695652173914,108.17391304347827,821733.66,HEALTHY
73,1,Home Appliances,182.29166666666666,176.16666666666666,47.416666666666664,107.5,1180156.25,HEALTHY
73,2,Home Appliances,204.8181818181818,137.63636363636363,40.121212121212125,87.87878787878788,1823240.25,HEALTHY
73,3,Home Appliances,198.72,148.4,47.2,100.48,1340118.0,HEALTHY
73,4,Home Appliances,198.66666666666666,161.37037037037038,42.77777777777778,91.18518518518519,1446939.0,HEALTHY
73,5,Home Appliances,207.45454545454547,155.95454545454547,51.5,101.18181818181819,1231139.0,HEALTHY
73,6,Home Appliances,164.59259259259258,159.2962962962963,46.666666666666664,91.70370370370371,1198769.0,HEALTHY
73,7,Home Appliances,167.4090909090909,136.27272727272728,40.59090909090909,97.68181818181819,993489.25,HEALTHY
73,8,Home Appliances,157.6153846153846,154.53846153846155,38.69230769230769,99.61538461538461,1105435.5,HEALTHY
73,9,Home Appliances,175.89473684210526,132.89473684210526,42.78947368421053,94.57894736842105,901504.5,HEALTHY
73,10,Home Appliances,180.0,152.34615384615384,38.07692307692308,97.73076923076923,1262430.0,HEALTHY
74,1,Personal Care,190.93333333333334,126.8,38.86666666666667,198.33333333333334,123782.08,HEALTHY
74,2,Personal Care,177.57575757575756,121.78787878787878,41.0,204.27272727272728,253269.2,HEALTHY
74,3,Personal Care,155.6818181818182,141.77272727272728,42.95454545454545,192.72727272727272,148028.5,HEALTHY
74,4,Personal Care,195.42857142857142,103.57142857142857,33.142857142857146,221.0,177374.88,HEALTHY
74,5,Personal Care,180.95454545454547,139.22727272727272,40.90909090909091,227.6818181818182,172058.82,HEALTHY
74,6,Personal Care,161.44444444444446,117.66666666666667,36.51851851851852,211.14814814814815,188395.98,HEALTHY
74,7,Personal Care,193.0,129.57692307692307,36.07692307692308,207.0,216877.96,HEALTHY
74,8,Personal Care,170.60714285714286,113.32142857142857,37.035714285714285,212.78571428571428,206461.94,HEALTHY
74,9,Personal Care,188.12,139.08,39.76,216.68,203263.66,HEALTHY
74,10,Personal Care,177.59259259259258,134.59259259259258,38.2962962962963,228.25925925925927,207239.9,HEALTHY
75,1,Furniture,183.26315789473685,108.57894736842105,34.578947368421055,110.52631578947368,426022.7,HEALTHY
75,2,Furniture,213.55555555555554,125.61111111111111,39.833333333333336,114.94444444444444,470313.4,HEALTHY
75,3,Furniture,174.33333333333334,111.91666666666667,37.083333333333336,105.75,511912.4,HEALTHY
75,4,Furniture,146.14814814814815,104.74074074074075,34.0,115.66666666666667,482793.1,HEALTHY
75,5,Furniture,155.64705882352942,96.26470588235294,30.470588235294116,115.23529411764706,647476.2,HEALTHY
75,6,Furniture,181.83333333333334,110.125,31.125,118.875,533935.4,HEALTHY
75,7,Furniture,149.69565217391303,105.04347826086956,31.608695652173914,105.47826086956522,421251.05,HEALTHY
75,8,Furniture,164.875,108.6875,35.25,114.0,645518.6,HEALTHY
75,9,Furniture,175.64285714285714,99.64285714285714,32.392857142857146,113.0,601717.3,HEALTHY
75,10,Furniture,179.9047619047619,85.61904761904762,29.523809523809526,103.57142857142857,462238.3,HEALTHY
76,1,Office Supplies,177.42857142857142,239.14285714285714,65.32142857142857,321.7142857142857,168017.76,REORDER
76,2,Office Supplies,187.38235294117646,183.58823529411765,55.8235294117647,313.0882352941176,215467.22,HEALTHY
76,3,Office Supplies,203.40740740740742,192.11111111111111,54.77777777777778,314.74074074074076,185739.44,HEALTHY
76,4,Office Supplies,182.8695652173913,186.69565217391303,50.04347826086956,308.5217391304348,142246.91999999998,REORDER
76,5,Office Supplies,193.7,202.4,59.95,324.95,131018.68,REORDER
76,6,Office Supplies,185.96296296296296,215.33333333333334,60.111111111111114,321.6296296296296,169810.22,REORDER
76,7,Office Supplies,166.78571428571428,183.75,55.535714285714285,312.67857142857144,157939.4,REORDER
76,8,Office Supplies,191.17857142857142,203.28571428571428,56.607142857142854,323.67857142857144,181038.46,REORDER
76,9,Office Supplies,188.72727272727272,244.95454545454547,65.0,330.45454545454544,140420.64,REORDER
76,10,Office Supplies,208.86363636363637,252.27272727272728,68.81818181818181,328.8181818181818,155402.9,REORDER
77,1,Home Appliances,179.04,378.16,118.4,167.84,1188870.36,REORDER
77,2,Home Appliances,193.76923076923077,406.0769230769231,118.07692307692308,177.1153846153846,1338143.18,REORDER
77,3,Home Appliances,174.86666666666667,452.03333333333336,136.0,171.93333333333334,1393390.06,REORDER
77,4,Home Appliances,182.8095238095238,469.8095238095238,108.9047619047619,166.52380952380952,1019676.79,REORDER
77,5,Home Appliances,170.09677419354838,475.19354838709677,131.67741935483872,187.16129032258064,1400561.53,REORDER
77,6,Home Appliances,180.48387096774192,463.19354838709677,128.41935483870967,168.83870967741936,1486087.95,REORDER
77,7,Home Appliances,170.88,467.4,115.0,187.36,1134685.92,REORDER
77,8,Home Appliances,157.0625,547.75,127.4375,173.375,667477.93,REORDER
77,9,Home Appliances,198.92,506.44,130.72,164.16,1320878.53,REORDER
77,10,Home Appliances,179.79166666666666,429.875,114.25,172.875,1146107.15,REORDER
78,1,Home Appliances,176.93333333333334,314.06666666666666,74.26666666666667,220.06666666666666,268399.02,REORDER
78,2,Home Appliances,198.5,294.2307692307692,80.3076923076923,212.69230769230768,521931.93,REORDER
78,3,Home Appliances,183.04761904761904,275.3333333333333,86.33333333333333,226.33333333333334,388743.72,REORDER
78,4,Home Appliances,187.6551724137931,276.0344827586207,76.03448275862068,209.27586206896552,550349.46,REORDER
78,5,Home Appliances,200.27272727272728,301.54545454545456,84.0909090909091,210.6818181818182,445578.78,REORDER
78,6,Home Appliances,173.3846153846154,266.03846153846155,82.03846153846153,203.03846153846155,455894.04,REORDER
78,7,Home Appliances,191.27586206896552,270.2413793103448,75.13793103448276,233.51724137931035,560968.11,REORDER
78,8,Home Appliances,183.69565217391303,267.2608695652174,83.08695652173913,225.2173913043478,427274.25,REORDER
78,9,Home Appliances,194.34782608695653,263.0,67.69565217391305,213.6086956521739,452051.1,REORDER
78,10,Home Appliances,196.65384615384616,260.4230769230769,64.88461538461539,223.8846153846154,517077.69,REORDER
79,1,Personal Care,213.11111111111111,189.22222222222223,51.2962962962963,111.96296296296296,1812049.68,HEALTHY
79,2,Personal Care,167.82142857142858,186.78571428571428,54.464285714285715,100.78571428571429,1479809.08,REORDER
79,3,Personal Care,212.05882352941177,232.94117647058823,62.588235294117645,116.70588235294117,1135286.6,REORDER
79,4,Personal Care,178.0,188.88,53.92,105.28,1401394.0,REORDER
79,5,Personal Care,190.30769230769232,202.03846153846155,55.15384615384615,103.92307692307692,1558224.16,REORDER
79,6,Personal Care,178.95454545454547,246.95454545454547,66.13636363636364,105.54545454545455,1239840.04,REORDER
79,7,Personal Care,198.2,231.04,70.24,111.76,1560428.6,REORDER
79,8,Personal Care,191.64,196.84,55.68,111.92,1508781.72,REORDER
79,9,Personal Care,183.52173913043478,231.95652173913044,66.69565217391305,119.78260869565217,1329277.32,REORDER
79,10,Personal Care,187.63333333333333,198.13333333333333,59.06666666666667,106.0,1772684.6800000002,REORDER
80,1,Home Appliances,194.0,246.05263157894737,70.05263157894737,146.89473684210526,693299.74,REORDER
80,2,Home Appliances,181.16,251.84,62.28,146.56,851859.61,REORDER
80,3,Home Appliances,174.96,269.2,64.08,153.12,822705.66,REORDER
80,4,Home Appliances,190.12,262.36,63.52,150.4,893991.77,REORDER
80,5,Home Appliances,201.03333333333333,239.23333333333332,63.13333333333333,146.8,1134370.79,REORDER
80,6,Home Appliances,155.79310344827587,250.51724137931035,61.3448275862069,156.89655172413794,849790.62,REORDER
80,7,Home Appliances,200.28,302.08,73.44,155.8,941766.63,REORDER
80,8,Home Appliances,219.5,217.5625,62.5625,142.5625,660572.08,HEALTHY
80,9,Home Appliances,177.75,244.79166666666666,69.29166666666667,156.79166666666666,802391.9400000001,REORDER
80,10,Home Appliances,147.6451612903226,219.70967741935485,56.32258064516129,145.6451612903226,860887.93,REORDER
81,1,Home Appliances,176.0,254.74285714285713,61.05714285714286,117.88571428571429,1736257.6,REORDER
81,2,Home Appliances,181.0,287.0,62.0,111.57142857142857,714233.24,REORDER
81,3,Home Appliances,189.33333333333334,280.3809523809524,69.23809523809524,119.0952380952381,1120675.36,REORDER
81,4,Home Appliances,185.4,253.4,64.65,128.75,1045136.88,REORDER
81,5,Home Appliances,176.7,231.75,50.8,116.75,996093.24,REORDER
81,6,Home Appliances,159.3548387096774,229.51612903225808,62.774193548387096,115.48387096774194,1392388.4,REORDER
81,7,Home Appliances,183.58823529411765,246.1764705882353,75.3529411764706,126.88235294117646,879685.0599999999,REORDER
81,8,Home Appliances,191.44444444444446,242.86111111111111,62.05555555555556,121.58333333333333,1942579.1199999999,REORDER
81,9,Home Appliances,191.25,242.89285714285714,67.35714285714286,113.82142857142857,1509360.3,REORDER
81,10,Home Appliances,211.5,259.2857142857143,62.0,119.0,1669174.92,REORDER
82,1,Furniture,170.42857142857142,150.61904761904762,41.333333333333336,72.14285714285714,1226845.41,HEALTHY
82,2,Furniture,197.26315789473685,130.3421052631579,39.76315789473684,75.36842105263158,2569553.84,HEALTHY
82,3,Furniture,165.75,135.0,39.0,79.46875,1818158.16,HEALTHY
82,4,Furniture,180.76666666666668,122.93333333333334,38.666666666666664,78.56666666666666,1858950.17,HEALTHY
82,5,Furniture,149.17241379310346,128.79310344827587,36.206896551724135,78.75862068965517,1482909.54,HEALTHY
82,6,Furniture,153.90322580645162,119.09677419354838,38.193548387096776,77.2258064516129,1635451.09,HEALTHY
82,7,Furniture,182.17391304347825,151.08695652173913,44.82608695652174,88.1304347826087,1436290.1,HEALTHY
82,8,Furniture,166.05555555555554,121.22222222222223,36.77777777777778,74.88888888888889,1024599.31,HEALTHY
82,9,Furniture,160.5625,130.25,41.21875,77.375,1761255.02,HEALTHY
82,10,Furniture,176.89285714285714,136.07142857142858,40.25,83.0,1697838.8699999999,HEALTHY
83,1,Personal Care,172.66666666666666,207.44444444444446,67.29629629629629,121.96296296296296,1376269.02,REORDER
83,2,Personal Care,202.33333333333334,291.1666666666667,60.708333333333336,115.75,1433539.76,REORDER
83,3,Personal Care,204.15625,255.90625,63.75,124.4375,1928606.93,REORDER
83,4,Personal Care,191.32142857142858,224.67857142857142,66.25,118.35714285714286,1581439.97,REORDER
83,5,Personal Care,176.875,211.29166666666666,61.083333333333336,106.625,1253166.45,REORDER
83,6,Personal Care,161.2,223.72,67.96,123.04,1189696.3,REORDER
83,7,Personal Care,203.3448275862069,231.48275862068965,63.275862068965516,120.44827586206897,1740853.37,REORDER
83,8,Personal Care,191.07407407407408,181.07407407407408,64.81481481481481,106.66666666666667,1522988.3900000001,HEALTHY
83,9,Personal Care,190.19230769230768,211.0,60.15384615384615,121.61538461538461,1459813.45,REORDER
83,10,Personal Care,164.6,208.08,62.56,113.88,1214789.15,REORDER
84,1,Furniture,179.08695652173913,308.7391304347826,84.56521739130434,154.52173913043478,1254276.69,REORDER
84,2,Furniture,186.95833333333334,277.625,76.58333333333333,131.33333333333334,1366336.37,REORDER
84,3,Furniture,179.58333333333334,339.75,79.625,149.75,1312438.1,REORDER
84,4,Furniture,170.16,278.12,75.08,130.04,1295385.54,REORDER
84,5,Furniture,174.06451612903226,287.4193548387097,72.51612903225806,132.3548387096774,1643135.96,REORDER
84,6,Furniture,150.77777777777777,313.8888888888889,84.44444444444444,126.77777777777777,1239660.21,REORDER
84,7,Furniture,172.53571428571428,311.17857142857144,76.46428571428571,122.89285714285714,1471087.81,REORDER
84,8,Furniture,178.69565217391303,312.4782608695652,92.43478260869566,139.30434782608697,1251536.1,REORDER
84,9,Furniture,152.23809523809524,312.57142857142856,81.04761904761905,148.1904761904762,973518.47,REORDER
84,10,Furniture,191.8709677419355,271.4516129032258,76.93548387096774,124.38709677419355,1811225.48,REORDER
85,1,Furniture,138.38235294117646,300.97058823529414,80.70588235294117,183.55882352941177,694128.65,REORDER
85,2,Furniture,177.8846153846154,284.84615384615387,79.34615384615384,185.23076923076923,682326.25,REORDER
85,3,Furniture,194.375,302.46875,79.03125,186.5625,917636.6,REORDER
85,4,Furniture,184.79166666666666,305.625,76.375,202.0,654295.55,REORDER
85,5,Furniture,191.53846153846155,211.3846153846154,62.92307692307692,173.76923076923077,367349.7,REORDER
85,6,Furniture,176.17391304347825,245.43478260869566,66.95652173913044,182.47826086956522,597791.56,REORDER
85,7,Furniture,151.88888888888889,294.44444444444446,81.07407407407408,170.77777777777777,605020.53,REORDER
85,8,Furniture,154.13636363636363,264.04545454545456,81.54545454545455,177.0,500274.23,REORDER
85,9,Furniture,162.6206896551724,288.58620689655174,79.75862068965517,195.41379310344828,695751.48,REORDER
85,10,Furniture,191.13333333333333,253.73333333333332,70.4,196.73333333333332,422968.51,REORDER
86,1,Personal Care,165.4090909090909,255.36363636363637,64.13636363636364,135.5909090909091,715754.91,REORDER
86,2,Personal Care,206.79166666666666,237.66666666666666,52.375,135.91666666666666,976172.47,REORDER
86,3,Personal Care,189.66666666666666,225.71428571428572,60.0,152.14285714285714,783416.27,REORDER
86,4,Personal Care,183.52173913043478,235.82608695652175,70.43478260869566,149.43478260869566,830228.49,REORDER
86,5,Personal Care,176.56666666666666,207.7,63.333333333333336,143.4,1041866.93,REORDER
86,6,Personal Care,203.71875,227.875,63.90625,142.15625,1282222.11,REORDER
86,7,Personal Care,168.86363636363637,240.0,56.27272727272727,138.77272727272728,730703.35,REORDER
86,8,Personal Care,172.10526315789474,252.21052631578948,60.0,139.26315789473685,643176.2999999999,REORDER
86,9,Personal Care,179.69230769230768,226.30769230769232,59.07692307692308,142.92307692307693,918935.68,REORDER
86,10,Personal Care,200.52173913043478,234.43478260869566,55.69565217391305,135.52173913043478,907134.28,REORDER
87,1,Electronics,203.6,189.13333333333333,56.4,202.6,289610.82,HEALTHY
87,2,Electronics,182.7391304347826,243.2173913043478,59.52173913043478,182.34782608695653,398570.49,REORDER
87,3,Electronics,176.64,193.4,52.52,186.24,418769.28,REORDER
87,4,Electronics,206.4,178.16,59.08,196.76,489322.8,HEALTHY
87,5,Electronics,186.32558139534885,211.25581395348837,51.48837209302326,183.97674418604652,759777.96,REORDER
87,6,Electronics,191.65714285714284,208.6,51.142857142857146,183.37142857142857,636119.64,REORDER
87,7,Electronics,221.95833333333334,177.20833333333334,47.041666666666664,185.16666666666666,505159.41000000003,HEALTHY
87,8,Electronics,195.72,191.96,54.72,192.6,464003.19,HEALTHY
87,9,Electronics,190.76923076923077,205.96153846153845,60.76923076923077,183.34615384615384,470356.8,REORDER
87,10,Electronics,208.35294117647058,183.2941176470588,54.35294117647059,186.88235294117646,335887.86,HEALTHY
88,1,Furniture,186.88888888888889,374.6111111111111,91.22222222222223,290.5,252535.48,REORDER
88,2,Furniture,183.58333333333334,342.4583333333333,87.125,281.6666666666667,330758.42,REORDER
88,3,Furniture,176.93333333333334,364.93333333333334,86.03333333333333,295.7,398471.56,REORDER
88,4,Furniture,161.3030303030303,400.6060606060606,89.51515151515152,281.6060606060606,399597.61,REORDER
88,5,Furniture,165.13793103448276,364.1034482758621,97.06896551724138,279.2758620689655,359510.23,REORDER
88,6,Furniture,166.65,325.1,84.35,285.3,250208.31,REORDER
88,7,Furniture,159.76190476190476,320.6190476190476,89.57142857142857,278.2857142857143,251859.85,REORDER
88,8,Furniture,193.0,351.6666666666667,85.03703703703704,274.48148148148147,391189.77,REORDER
88,9,Furniture,194.71428571428572,338.04761904761904,88.57142857142857,310.4761904761905,306961.23,REORDER
88,10,Furniture,183.0,375.1,117.2,266.3,274756.2,REORDER
89,1,Office Supplies,166.66666666666666,89.76666666666667,32.53333333333333,88.93333333333334,904400.0,HEALTHY
89,2,Office Supplies,188.9,88.16666666666667,31.066666666666666,87.56666666666666,1025046.96,HEALTHY
89,3,Office Supplies,160.84,86.8,29.64,82.96,727318.48,HEALTHY
89,4,Office Supplies,185.96428571428572,86.21428571428571,30.285714285714285,85.03571428571429,941842.16,HEALTHY
89,5,Office Supplies,165.76,78.4,30.64,81.88,749566.72,HEALTHY
89,6,Office Supplies,178.05555555555554,87.0,30.22222222222222,85.47222222222223,1159440.8,HEALTHY
89,7,Office Supplies,187.8,85.46666666666667,29.066666666666666,95.86666666666666,1019077.92,HEALTHY
89,8,Office Supplies,188.25,78.39285714285714,29.035714285714285,83.39285714285714,953418.48,HEALTHY
89,9,Office Supplies,173.54166666666666,78.91666666666667,30.041666666666668,92.45833333333333,753365.2,HEALTHY
89,10,Office Supplies,198.16666666666666,101.375,31.708333333333332,90.25,860265.28,HEALTHY
90,1,Office Supplies,193.14285714285714,238.5,63.392857142857146,158.17857142857142,1143846.08,REORDER
90,2,Office Supplies,168.0,251.58064516129033,65.03225806451613,141.5483870967742,1101544.08,REORDER
90,3,Office Supplies,163.5,196.84375,52.34375,132.09375,1106620.32,REORDER
90,4,Office Supplies,161.33333333333334,201.11111111111111,54.55555555555556,124.14814814814815,921337.5599999999,REORDER
90,5,Office Supplies,172.20833333333334,225.04166666666666,61.041666666666664,137.83333333333334,874170.8300000001,REORDER
90,6,Office Supplies,191.25925925925927,185.96296296296296,53.370370370370374,122.92592592592592,1092237.64,HEALTHY
90,7,Office Supplies,184.2962962962963,210.33333333333334,58.629629629629626,129.2962962962963,1052473.76,REORDER
90,8,Office Supplies,176.17857142857142,206.28571428571428,50.32142857142857,127.75,1043378.83,REORDER
90,9,Office Supplies,183.08,199.6,58.28,125.48,968081.27,REORDER
90,10,Office Supplies,195.32,219.84,60.76,137.44,1032803.33,REORDER
91,1,Home Appliances,172.3684210526316,191.31578947368422,54.0,176.52631578947367,406198.25,REORDER
91,2,Home Appliances,193.25925925925927,217.03703703703704,58.77777777777778,174.4814814814815,647188.54,REORDER
91,3,Home Appliances,178.96875,182.375,52.90625,157.4375,710319.81,REORDER
91,4,Home Appliances,211.9047619047619,255.38095238095238,67.0952380952381,185.14285714285714,551933.5,REORDER
91,5,Home Appliances,176.57692307692307,239.92307692307693,62.88461538461539,173.84615384615384,569421.73,REORDER
91,6,Home Appliances,183.72727272727272,221.77272727272728,57.45454545454545,168.5909090909091,501329.26,REORDER
91,7,Home Appliances,177.23076923076923,235.0,65.76923076923077,180.42307692307693,571530.24,REORDER
91,8,Home Appliances,160.2608695652174,195.17391304347825,60.391304347826086,173.17391304347825,457174.58,REORDER
91,9,Home Appliances,198.76190476190476,226.8095238095238,60.476190476190474,170.71428571428572,517701.22,REORDER
91,10,Home Appliances,160.89473684210526,214.94736842105263,54.26315789473684,179.94736842105263,379159.71,REORDER
92,1,Office Supplies,187.40740740740742,273.7037037037037,75.22222222222223,157.11111111111111,1025915.0,REORDER
92,2,Office Supplies,187.9655172413793,275.6896551724138,81.13793103448276,153.48275862068965,1105190.25,REORDER
92,3,Office Supplies,179.71428571428572,270.14285714285717,68.92857142857143,158.0,510119.0,REORDER
92,4,Office Supplies,174.44444444444446,293.0740740740741,77.5925925925926,155.59259259259258,954952.5,REORDER
92,5,Office Supplies,149.68421052631578,333.05263157894734,92.73684210526316,153.10526315789474,576621.0,REORDER
92,6,Office Supplies,214.92592592592592,265.3333333333333,73.33333333333333,152.03703703703704,1176558.25,REORDER
92,7,Office Supplies,171.20833333333334,377.9166666666667,90.0,154.125,833099.75,REORDER
92,8,Office Supplies,169.41379310344828,267.0,58.58620689655172,157.44827586206895,996110.75,REORDER
92,9,Office Supplies,170.0,287.04,79.6,155.4,861687.5,REORDER
92,10,Office Supplies,163.58620689655172,288.7241379310345,75.20689655172414,163.27586206896552,961846.0,REORDER
93,1,Home Appliances,172.91304347826087,242.2173913043478,65.82608695652173,109.43478260869566,1238875.27,REORDER
93,2,Home Appliances,201.31034482758622,252.44827586206895,67.58620689655173,108.75862068965517,1818595.38,REORDER
93,3,Home Appliances,148.11111111111111,222.5185185185185,53.333333333333336,101.25925925925925,1245728.49,REORDER
93,4,Home Appliances,160.0909090909091,213.4090909090909,67.45454545454545,123.5,1097138.22,REORDER
93,5,Home Appliances,178.73076923076923,285.3076923076923,75.42307692307692,118.38461538461539,1447586.97,REORDER
93,6,Home Appliances,200.41666666666666,261.5,70.33333333333333,108.5,1498363.1,REORDER
93,7,Home Appliances,203.43243243243242,279.5405405405405,65.24324324324324,122.0,2344735.77,REORDER
93,8,Home Appliances,196.52380952380952,237.85714285714286,73.9047619047619,110.33333333333333,1285601.77,REORDER
93,9,Home Appliances,220.0909090909091,258.45454545454544,71.54545454545455,114.77272727272727,1508331.42,REORDER
93,10,Home Appliances,144.55,212.45,61.1,107.5,900575.41,REORDER
94,1,Electronics,197.85185185185185,50.96296296296296,23.666666666666668,54.44444444444444,1059852.8,OVERSTOCK
94,2,Electronics,217.64285714285714,45.535714285714285,21.678571428571427,49.42857142857143,1209049.6,OVERSTOCK
94,3,Electronics,166.35,46.65,23.9,60.15,660076.8,HEALTHY
94,4,Electronics,192.64285714285714,50.57142857142857,23.035714285714285,51.142857142857146,1070169.6,OVERSTOCK
94,5,Electronics,182.16129032258064,53.58064516129032,24.903225806451612,57.74193548387097,1120364.8,OVERSTOCK
94,6,Electronics,192.67741935483872,50.096774193548384,25.903225806451612,55.0,1185043.2,OVERSTOCK
94,7,Electronics,180.71428571428572,44.23809523809524,22.095238095238095,48.42857142857143,752928.0,OVERSTOCK
94,8,Electronics,187.35714285714286,60.42857142857143,25.5,60.285714285714285,1040806.4,OVERSTOCK
94,9,Electronics,209.6153846153846,49.69230769230769,22.653846153846153,51.23076923076923,1081280.0,OVERSTOCK
94,10,Electronics,195.82608695652175,57.34782608695652,26.08695652173913,62.47826086956522,893593.6,OVERSTOCK
95,1,Personal Care,216.91666666666666,198.75,51.5,126.5,1987546.68,HEALTHY
95,2,Personal Care,208.46153846153845,204.19230769230768,57.73076923076923,112.96153846153847,1379498.4,HEALTHY
95,3,Personal Care,181.31578947368422,210.6578947368421,50.31578947368421,119.60526315789474,1753642.8,REORDER
95,4,Personal Care,186.03571428571428,199.85714285714286,54.535714285714285,122.35714285714286,1325794.68,REORDER
95,5,Personal Care,167.8709677419355,192.4516129032258,54.12903225806452,115.2258064516129,1324522.08,REORDER
95,6,Personal Care,186.69230769230768,228.84615384615384,62.38461538461539,105.6923076923077,617720.04,REORDER
95,7,Personal Care,171.125,199.875,61.0625,120.6875,1393751.52,REORDER
95,8,Personal Care,167.78571428571428,215.21428571428572,55.035714285714285,123.82142857142857,1195734.96,REORDER
95,9,Personal Care,181.0,204.73684210526315,53.31578947368421,114.05263157894737,875294.28,REORDER
95,10,Personal Care,188.72,206.52,61.48,110.12,1200825.36,REORDER
96,1,Personal Care,185.5,163.88235294117646,51.26470588235294,101.70588235294117,1787529.94,HEALTHY
96,2,Personal Care,193.92307692307693,176.07692307692307,51.34615384615385,97.0,1429003.64,HEALTHY
96,3,Personal Care,176.95652173913044,197.43478260869566,47.95652173913044,97.73913043478261,1153519.4,REORDER
96,4,Personal Care,155.16666666666666,162.75,44.833333333333336,96.04166666666667,1055456.08,REORDER
96,5,Personal Care,170.05882352941177,171.52941176470588,54.411764705882355,102.58823529411765,819367.22,REORDER
96,6,Personal Care,179.74074074074073,192.25925925925927,46.592592592592595,104.07407407407408,1375437.26,REORDER
96,7,Personal Care,185.73076923076923,169.26923076923077,45.42307692307692,107.34615384615384,1368635.18,HEALTHY
96,8,Personal Care,189.0,189.8421052631579,48.421052631578945,87.57894736842105,1017761.22,REORDER
96,9,Personal Care,197.875,166.66666666666666,48.0,97.91666666666667,1345961.58,HEALTHY
96,10,Personal Care,178.02941176470588,164.11764705882354,43.970588235294116,100.91176470588235,1715541.26,HEALTHY
97,1,Personal Care,155.95454545454547,322.5,89.9090909090909,129.8181818181818,1187640.65,REORDER
97,2,Personal Care,146.375,302.7083333333333,89.83333333333333,115.75,1216024.95,REORDER
97,3,Personal Care,177.72222222222223,316.3333333333333,74.11111111111111,127.66666666666667,1107333.85,REORDER
97,4,Personal Care,179.38888888888889,291.55555555555554,81.72222222222223,130.38888888888889,1117718.35,REORDER
97,5,Personal Care,149.71428571428572,343.85714285714283,75.66666666666667,112.42857142857143,1088295.6,REORDER
97,6,Personal Care,158.92307692307693,328.15384615384613,96.23076923076923,123.15384615384616,1430291.8,REORDER
97,7,Personal Care,189.125,359.90625,86.125,124.1875,2094899.8,REORDER
97,8,Personal Care,188.05,325.25,85.95,118.2,1301870.15,REORDER
97,9,Personal Care,168.13636363636363,288.8636363636364,83.0909090909091,135.54545454545453,1280408.85,REORDER
97,10,Personal Care,183.14814814814815,287.85185185185185,82.44444444444444,112.66666666666667,1711711.75,REORDER
98,1,Office Supplies,191.08695652173913,317.2608695652174,72.95652173913044,149.1304347826087,941804.5499999999,REORDER
98,2,Office Supplies,183.2608695652174,293.82608695652175,79.3913043478261,158.6086956521739,903232.35,REORDER
98,3,Office Supplies,132.9047619047619,318.6190476190476,75.28571428571429,162.47619047619048,598083.39,REORDER
98,4,Office Supplies,174.47368421052633,287.8421052631579,82.36842105263158,136.21052631578948,710371.35,REORDER
98,5,Office Supplies,178.91176470588235,327.9117647058824,80.44117647058823,158.26470588235293,1303526.07,REORDER
98,6,Office Supplies,182.63333333333333,284.9,75.96666666666667,160.6,1174094.91,REORDER
98,7,Office Supplies,194.32142857142858,268.5,73.28571428571429,144.46428571428572,1165951.89,REORDER
98,8,Office Supplies,183.3913043478261,311.82608695652175,85.65217391304348,155.82608695652175,903875.22,REORDER
98,9,Office Supplies,174.5,307.9230769230769,79.26923076923077,144.03846153846155,972233.73,REORDER
98,10,Office Supplies,166.42307692307693,315.2692307692308,83.1923076923077,147.15384615384616,927232.8300000001,REORDER
99,1,Electronics,184.34782608695653,118.69565217391305,39.08695652173913,78.47826086956522,1203905.6,HEALTHY
99,2,Electronics,204.96,125.16,39.16,78.32,1454908.56,HEALTHY
99,3,Electronics,180.06666666666666,106.06666666666666,34.8,71.46666666666667,766921.94,HEALTHY
99,4,Electronics,179.47619047619048,100.0952380952381,34.23809523809524,78.95238095238095,1070169.86,HEALTHY
99,5,Electronics,203.52631578947367,108.6842105263158,36.421052631578945,78.47368421052632,1097995.98,HEALTHY
99,6,Electronics,173.0909090909091,118.27272727272727,35.06060606060606,77.36363636363636,1621865.28,HEALTHY
99,7,Electronics,216.4,125.1,37.3,85.6,1228892.32,HEALTHY
99,8,Electronics,197.66666666666666,98.72222222222223,32.27777777777778,78.72222222222223,1010258.52,HEALTHY
99,9,Electronics,189.8695652173913,124.95652173913044,38.91304347826087,80.17391304347827,1239965.98,HEALTHY
99,10,Electronics,182.25806451612902,116.93548387096774,37.29032258064516,86.0,1604261.0,HEALTHY
100,1,Office Supplies,179.0,165.43478260869566,50.869565217391305,93.78260869565217,1388375.91,HEALTHY
100,2,Office Supplies,185.0,174.33333333333334,48.111111111111114,98.44444444444444,1684463.85,HEALTHY
100,3,Office Supplies,193.63636363636363,152.21212121212122,46.333333333333336,85.15151515151516,2154899.7,HEALTHY
100,4,Office Supplies,156.92,168.8,49.32,93.48,1322953.29,REORDER
100,5,Office Supplies,215.47368421052633,147.3684210526316,38.78947368421053,103.52631578947368,1380619.62,HEALTHY
100,6,Office Supplies,220.41666666666666,177.33333333333334,49.125,86.375,1783946.7,HEALTHY
100,7,Office Supplies,191.3448275862069,157.75862068965517,53.89655172413793,97.10344827586206,1871289.27,HEALTHY
100,8,Office Supplies,154.46428571428572,216.85714285714286,53.0,103.39285714285714,1458519.75,REORDER
100,9,Office Supplies,180.82758620689654,176.41379310344828,49.724137931034484,87.75862068965517,1768434.1199999999,HEALTHY
100,10,Office Supplies,204.91666666666666,169.08333333333334,43.166666666666664,94.875,1658497.1400000001,HEALTHY
101,1,Office Supplies,191.42105263157896,121.21052631578948,35.26315789473684,80.6842105263158,1203810.63,HEALTHY
101,2,Office Supplies,166.59259259259258,123.66666666666667,37.370370370370374,78.07407407407408,1488793.02,HEALTHY
101,3,Office Supplies,181.19230769230768,103.65384615384616,35.30769230769231,79.26923076923077,1559293.89,HEALTHY
101,4,Office Supplies,197.38888888888889,108.44444444444444,38.166666666666664,70.66666666666667,1176007.47,HEALTHY
101,5,Office Supplies,206.9047619047619,110.71428571428571,34.285714285714285,69.52380952380952,1438151.55,HEALTHY
101,6,Office Supplies,140.0952380952381,88.57142857142857,30.428571428571427,63.333333333333336,973772.58,HEALTHY
101,7,Office Supplies,169.61290322580646,103.90322580645162,36.354838709677416,76.03225806451613,1740345.42,HEALTHY
101,8,Office Supplies,191.20833333333334,93.58333333333333,29.916666666666668,65.125,1518913.11,HEALTHY
101,9,Office Supplies,156.28,97.84,32.76,66.96,1293177.93,HEALTHY
101,10,Office Supplies,176.85,123.05,41.35,69.1,1170711.6300000001,HEALTHY
102,1,Electronics,174.05,123.2,38.1,191.85,195806.25,HEALTHY
102,2,Electronics,176.0,110.0,35.93103448275862,165.13793103448276,287100.0,HEALTHY
102,3,Electronics,168.22727272727272,137.5,39.63636363636363,193.1818181818182,208181.25,HEALTHY
102,4,Electronics,195.8181818181818,119.5,43.13636363636363,187.8181818181818,242325.0,HEALTHY
102,5,Electronics,168.53333333333333,115.4,38.93333333333333,194.56666666666666,284400.0,HEALTHY
102,6,Electronics,185.08333333333334,117.54166666666667,34.875,174.0,249862.5,HEALTHY
102,7,Electronics,173.51724137931035,115.72413793103448,32.86206896551724,182.3448275862069,283050.0,HEALTHY
102,8,Electronics,180.16129032258064,114.41935483870968,34.25806451612903,185.83870967741936,314156.25,HEALTHY
102,9,Electronics,164.57894736842104,134.73684210526315,38.89473684210526,169.42105263157896,175893.75,HEALTHY
102,10,Electronics,139.66666666666666,115.83333333333333,36.25,179.75,188550.0,HEALTHY
103,1,Electronics,158.76190476190476,48.142857142857146,22.714285714285715,72.04761904761905,490064.66000000003,HEALTHY
103,2,Electronics,197.15384615384616,60.73076923076923,24.384615384615383,66.57692307692308,753470.74,OVERSTOCK
103,3,Electronics,204.61904761904762,59.476190476190474,26.666666666666668,68.80952380952381,631616.03,OVERSTOCK
103,4,Electronics,200.79166666666666,49.708333333333336,24.375,65.875,708344.8099999999,OVERSTOCK
103,5,Electronics,156.5,57.90909090909091,24.636363636363637,73.72727272727273,506086.57,HEALTHY
103,6,Electronics,192.39285714285714,62.857142857142854,27.357142857142858,73.53571428571429,791835.13,HEALTHY
103,7,Electronics,177.0,62.6,27.4,73.32,650430.75,HEALTHY
103,8,Electronics,206.53846153846155,54.0,24.846153846153847,63.42307692307692,789336.3,OVERSTOCK
103,9,Electronics,190.56,53.6,25.08,62.8,700260.36,OVERSTOCK
103,10,Electronics,200.375,64.96875,26.0625,74.0625,942499.88,HEALTHY
104,1,Electronics,176.85185185185185,567.0,134.96296296296296,281.18518518518516,567270.0,REORDER
104,2,Electronics,199.375,499.7916666666667,118.75,275.8333333333333,568458.0,REORDER
104,3,Electronics,171.27777777777777,502.3888888888889,153.77777777777777,275.77777777777777,366260.4,REORDER
104,4,Electronics,193.05,526.35,158.15,267.4,458686.8,REORDER
104,5,Electronics,173.13636363636363,526.6363636363636,120.18181818181819,274.90909090909093,452509.2,REORDER
104,6,Electronics,189.04545454545453,615.1818181818181,140.6818181818182,296.40909090909093,494089.2,REORDER
104,7,Electronics,190.28,457.44,115.44,266.2,565131.6,REORDER
104,8,Electronics,216.46153846153845,527.7692307692307,118.5,268.9230769230769,668606.4,REORDER
104,9,Electronics,184.89285714285714,528.9285714285714,153.71428571428572,270.5,615027.6,REORDER
104,10,Electronics,184.0,521.9714285714285,120.54285714285714,274.37142857142857,765072.0,REORDER
105,1,Electronics,196.47826086956522,179.47826086956522,48.95652173913044,303.95652173913044,170501.87,HEALTHY
105,2,Electronics,165.22222222222223,190.74074074074073,46.851851851851855,272.7037037037037,168313.53,REORDER
105,3,Electronics,187.69565217391303,189.52173913043478,52.608695652173914,276.17391304347825,162880.41,REORDER
105,4,Electronics,163.30434782608697,194.8695652173913,55.391304347826086,284.5217391304348,141713.88,REORDER
105,5,Electronics,176.86206896551724,191.27586206896552,49.6551724137931,291.9655172413793,193517.16999999998,REORDER
105,6,Electronics,174.89655172413794,187.86206896551724,57.0,295.9655172413793,191366.56,REORDER
105,7,Electronics,189.35714285714286,187.17857142857142,51.642857142857146,262.10714285714283,200044.46,HEALTHY
105,8,Electronics,190.33333333333334,202.33333333333334,55.916666666666664,291.875,172350.64,REORDER
105,9,Electronics,177.71428571428572,163.82142857142858,55.214285714285715,299.42857142857144,187744.48,HEALTHY
105,10,Electronics,180.41379310344828,210.31034482758622,50.37931034482759,275.9655172413793,197403.36000000002,REORDER
106,1,Personal Care,185.5,305.7083333333333,90.625,162.33333333333334,999785.64,REORDER
106,2,Personal Care,169.36666666666667,303.8666666666667,69.6,166.03333333333333,1141040.17,REORDER
106,3,Personal Care,203.33333333333334,277.6333333333333,81.13333333333334,153.9,1369877.0,REORDER
106,4,Personal Care,198.91666666666666,288.4166666666667,83.41666666666667,166.0,1072097.18,REORDER
106,5,Personal Care,183.1290322580645,288.8709677419355,88.83870967741936,156.32258064516128,1274883.89,REORDER
106,6,Personal Care,166.96428571428572,347.0,97.07142857142857,152.85714285714286,1049864.75,REORDER
106,7,Personal Care,182.80645161290323,328.06451612903226,92.93548387096774,160.96774193548387,1272638.19,REORDER
106,8,Personal Care,173.15151515151516,328.93939393939394,84.12121212121212,146.9090909090909,1283192.98,REORDER
106,9,Personal Care,178.03571428571428,317.92857142857144,85.14285714285714,160.03571428571428,1119481.45,REORDER
106,10,Personal Care,169.14285714285714,293.42857142857144,83.0,159.35714285714286,1063563.52,REORDER
107,1,Grocery,221.04,172.16,49.52,108.12,1434991.68,HEALTHY
107,2,Grocery,168.06060606060606,159.06060606060606,48.666666666666664,106.24242424242425,1440185.28,HEALTHY
107,3,Grocery,191.6,177.53333333333333,49.833333333333336,108.5,1492640.64,HEALTHY
107,4,Grocery,154.0,151.47058823529412,44.94117647058823,104.52941176470588,679842.24,HEALTHY
107,5,Grocery,174.89655172413794,169.9655172413793,51.62068965517241,102.13793103448276,1317096.96,HEALTHY
107,6,Grocery,183.74193548387098,171.2258064516129,45.74193548387097,102.29032258064517,1479137.28,HEALTHY
107,7,Grocery,176.08,153.4,49.8,110.6,1143111.36,HEALTHY
107,8,Grocery,163.39285714285714,163.32142857142858,46.892857142857146,102.85714285714286,1188036.0,HEALTHY
107,9,Grocery,160.5,192.3,51.35,108.8,833572.8,REORDER
107,10,Grocery,196.32258064516128,180.83870967741936,48.32258064516129,107.16129032258064,1580412.48,HEALTHY
108,1,Grocery,181.61904761904762,329.0952380952381,78.47619047619048,127.19047619047619,1136800.84,REORDER
108,2,Grocery,183.125,321.9583333333333,87.45833333333333,135.33333333333334,1309973.7,REORDER
108,3,Grocery,151.1290322580645,324.51612903225805,86.0,135.09677419354838,1396411.1,REORDER
108,4,Grocery,186.66666666666666,278.3333333333333,74.6,139.73333333333332,834568.0,REORDER
108,5,Grocery,206.85714285714286,292.7142857142857,78.52380952380952,135.1904761904762,1294772.64,REORDER
108,6,Grocery,180.0,297.9375,78.875,130.375,1716825.6,REORDER
108,7,Grocery,164.34375,313.1875,85.34375,135.0625,1567497.54,REORDER
108,8,Grocery,195.8846153846154,270.2692307692308,81.57692307692308,121.96153846153847,1518019.58,REORDER
108,9,Grocery,178.69565217391303,299.6521739130435,90.56521739130434,123.26086956521739,1225026.6,REORDER
108,10,Grocery,199.0,322.7368421052632,93.15789473684211,145.47368421052633,1126964.86,REORDER
109,1,Electronics,199.43333333333334,150.1,40.2,216.83333333333334,299090.17,HEALTHY
109,2,Electronics,194.28571428571428,141.14285714285714,43.5,211.10714285714286,271945.6,HEALTHY
109,3,Electronics,154.13793103448276,137.10344827586206,38.48275862068966,227.55172413793105,223455.30000000002,HEALTHY
109,4,Electronics,180.43478260869566,146.91304347826087,41.17391304347826,238.82608695652175,207458.5,HEALTHY
109,5,Electronics,174.46428571428572,145.07142857142858,40.82142857142857,207.07142857142858,244201.15,HEALTHY
109,6,Electronics,172.36,145.52,42.2,209.84,215406.91,HEALTHY
109,7,Electronics,181.27272727272728,136.42424242424244,39.24242424242424,208.6969696969697,299040.18,HEALTHY
109,8,Electronics,190.70833333333334,137.25,42.041666666666664,219.75,228804.23,HEALTHY
109,9,Electronics,164.45833333333334,155.83333333333334,43.333333333333336,229.83333333333334,197310.53,HEALTHY
109,10,Electronics,197.45454545454547,132.0909090909091,37.90909090909091,216.9090909090909,217156.56,HEALTHY
110,1,Grocery,200.20833333333334,195.45833333333334,49.833333333333336,104.75,1478690.7,HEALTHY
110,2,Grocery,149.5,162.6,43.4,88.6,920142.6,REORDER
110,3,Grocery,169.625,227.54166666666666,58.458333333333336,110.25,1252809.54,REORDER
110,4,Grocery,184.47368421052633,241.3684210526316,65.94736842105263,108.15789473684211,1078628.7,REORDER
110,5,Grocery,145.72222222222223,223.61111111111111,55.333333333333336,102.77777777777777,807202.02,REORDER
110,6,Grocery,183.78571428571428,194.85714285714286,56.75,98.39285714285714,1583630.04,REORDER
110,7,Grocery,177.32,189.6,51.04,93.52,1364211.42,REORDER
110,8,Grocery,186.125,210.75,58.833333333333336,112.875,1374674.58,REORDER
110,9,Grocery,204.07692307692307,193.96153846153845,57.80769230769231,105.57692307692308,1632868.44,HEALTHY
110,10,Grocery,202.57894736842104,183.42105263157896,61.10526315789474,111.57894736842105,1184491.26,HEALTHY
111,1,Grocery,190.84848484848484,136.0,43.21212121212121,103.3030303030303,1435188.24,HEALTHY
111,2,Grocery,182.35,132.1,43.6,96.45,831078.36,HEALTHY
111,3,Grocery,182.625,130.79166666666666,41.541666666666664,104.54166666666667,998798.04,HEALTHY
111,4,Grocery,237.35,157.65,45.5,101.55,1081746.3599999999,HEALTHY
111,5,Grocery,196.40740740740742,149.33333333333334,43.111111111111114,102.74074074074075,1208447.6400000001,HEALTHY
111,6,Grocery,170.7941176470588,158.44117647058823,43.85294117647059,105.26470588235294,1323299.1600000001,HEALTHY
111,7,Grocery,161.53333333333333,129.66666666666666,33.666666666666664,107.06666666666666,552153.24,HEALTHY
111,8,Grocery,171.03125,152.21875,41.25,106.9375,1247187.24,HEALTHY
111,9,Grocery,178.9090909090909,140.77272727272728,36.31818181818182,109.36363636363636,896935.68,HEALTHY
111,10,Grocery,185.6875,156.4375,41.625,102.96875,1354062.96,HEALTHY
112,1,Electronics,184.8709677419355,197.96774193548387,55.70967741935484,128.8709677419355,1425586.25,REORDER
112,2,Electronics,167.3181818181818,262.8181818181818,66.63636363636364,123.04545454545455,915648.75,REORDER
112,3,Electronics,193.7058823529412,223.7941176470588,61.85294117647059,117.73529411764706,1638267.5,REORDER
112,4,Electronics,192.67857142857142,220.07142857142858,51.25,124.10714285714286,1342006.25,REORDER
112,5,Electronics,217.42857142857142,211.04761904761904,56.42857142857143,120.52380952380952,1135792.5,HEALTHY
112,6,Electronics,150.11111111111111,216.96296296296296,58.148148148148145,121.33333333333333,1008183.75,REORDER
112,7,Electronics,181.32258064516128,211.06451612903226,62.58064516129032,128.16129032258064,1398223.75,REORDER
112,8,Electronics,175.0,222.96774193548387,64.2258064516129,119.16129032258064,1349468.75,REORDER
112,9,Electronics,180.1851851851852,188.1851851851852,49.851851851851855,119.92592592592592,1210168.75,REORDER
112,10,Electronics,160.38888888888889,237.88888888888889,68.38888888888889,127.33333333333333,718141.25,REORDER
113,1,Grocery,194.35714285714286,190.0,51.464285714285715,93.28571428571429,1738338.06,HEALTHY
113,2,Grocery,166.25925925925927,161.85185185185185,48.111111111111114,90.4074074074074,1433921.27,HEALTHY
113,3,Grocery,206.8095238095238,165.0,46.857142857142854,100.85714285714286,1387284.49,HEALTHY
113,4,Grocery,185.34782608695653,179.7391304347826,43.04347826086956,92.95652173913044,1361730.09,HEALTHY
113,5,Grocery,165.86363636363637,178.8181818181818,48.63636363636363,92.13636363636364,1165600.07,REORDER
113,6,Grocery,181.24242424242425,172.84848484848484,48.878787878787875,97.72727272727273,1910510.83,HEALTHY
113,7,Grocery,183.1304347826087,147.08695652173913,46.65217391304348,93.69565217391305,1345439.16,HEALTHY
113,8,Grocery,169.33333333333334,158.40740740740742,51.77777777777778,91.37037037037037,1460433.96,HEALTHY
113,9,Grocery,165.77777777777777,171.33333333333334,53.833333333333336,90.33333333333333,953179.12,REORDER
113,10,Grocery,188.85714285714286,158.17857142857142,45.357142857142854,86.17857142857143,1689145.84,HEALTHY
114,1,Office Supplies,168.37037037037038,196.33333333333334,56.370370370370374,121.0,1007711.82,REORDER
114,2,Office Supplies,218.57142857142858,171.03571428571428,48.5,109.35714285714286,1356620.4,HEALTHY
114,3,Office Supplies,176.9,162.9,47.7,116.8,784268.46,HEALTHY
114,4,Office Supplies,140.30434782608697,187.7826086956522,50.869565217391305,123.30434782608695,715329.09,REORDER
114,5,Office Supplies,201.6,187.35,46.75,114.8,893773.44,HEALTHY
114,6,Office Supplies,173.66666666666666,217.66666666666666,45.5,129.05555555555554,692940.42,REORDER
114,7,Office Supplies,181.80769230769232,176.15384615384616,54.80769230769231,113.53846153846153,1047834.09,HEALTHY
114,8,Office Supplies,169.88235294117646,200.91176470588235,58.5,116.76470588235294,1280365.92,REORDER
114,9,Office Supplies,185.33333333333334,200.8095238095238,48.0,123.61904761904762,862739.64,REORDER
114,10,Office Supplies,199.6315789473684,168.47368421052633,47.526315789473685,111.0,840794.31,HEALTHY
115,1,Home Appliances,162.9375,394.1875,95.53125,223.21875,640644.18,REORDER
115,2,Home Appliances,164.42105263157896,410.3157894736842,112.63157894736842,243.10526315789474,383845.88,REORDER
115,3,Home Appliances,166.9655172413793,438.55172413793105,110.48275862068965,253.48275862068965,594936.54,REORDER
115,4,Home Appliances,222.85714285714286,416.85714285714283,109.85714285714286,236.07142857142858,383354.4,REORDER
115,5,Home Appliances,181.04,393.8,113.64,258.76,556109.62,REORDER
115,6,Home Appliances,179.33333333333334,369.1666666666667,88.5,224.79166666666666,528832.48,REORDER
115,7,Home Appliances,214.25,431.0416666666667,113.08333333333333,244.29166666666666,631797.54,REORDER
115,8,Home Appliances,219.73076923076923,424.7307692307692,97.26923076923077,241.34615384615384,701956.3099999999,REORDER
115,9,Home Appliances,196.28571428571428,426.04761904761904,102.14285714285714,243.42857142857142,506470.13999999996,REORDER
115,10,Home Appliances,179.64705882352942,333.8235294117647,86.58823529411765,223.7058823529412,750489.96,REORDER
116,1,Home Appliances,193.48275862068965,219.0,61.62068965517241,111.34482758620689,1628256.09,REORDER
116,2,Home Appliances,177.16,206.16,66.76,119.0,1285251.51,REORDER
116,3,Home Appliances,180.7,220.55,55.35,120.95,1048746.66,REORDER
116,4,Home Appliances,176.9655172413793,214.82758620689654,65.51724137931035,119.86206896551724,1489255.08,REORDER
116,5,Home Appliances,174.1851851851852,235.77777777777777,60.96296296296296,112.66666666666667,1364763.57,REORDER
116,6,Home Appliances,181.07142857142858,209.35714285714286,63.25,115.67857142857143,1471263.3,REORDER
116,7,Home Appliances,147.57142857142858,233.96428571428572,69.17857142857143,119.64285714285714,1199065.08,REORDER
116,8,Home Appliances,194.8846153846154,253.42307692307693,63.07692307692308,104.8076923076923,1470392.73,REORDER
116,9,Home Appliances,169.5909090909091,213.45454545454547,61.18181818181818,115.04545454545455,1082698.89,REORDER
116,10,Home Appliances,203.22222222222223,256.5,63.27777777777778,118.72222222222223,1061515.02,REORDER
117,1,Electronics,209.78947368421052,223.68421052631578,58.94736842105263,188.26315789473685,526829.62,REORDER
117,2,Electronics,181.95238095238096,232.8095238095238,60.57142857142857,175.33333333333334,505021.57,REORDER
117,3,Electronics,152.21052631578948,238.78947368421052,59.473684210526315,162.78947368421052,382235.64,REORDER
117,4,Electronics,186.55172413793105,225.51724137931035,67.20689655172414,182.6551724137931,715039.7,REORDER
117,5,Electronics,187.42857142857142,237.38095238095238,63.0,151.1904761904762,520221.12,REORDER
117,6,Electronics,169.75,203.8,54.4,159.25,448717.15,REORDER
117,7,Electronics,153.0,229.08695652173913,60.21739130434783,160.08695652173913,465106.23,REORDER
117,8,Electronics,169.4090909090909,197.9090909090909,60.18181818181818,167.22727272727272,492597.59,REORDER
117,9,Electronics,211.0,221.66666666666666,64.04166666666667,176.91666666666666,669308.88,REORDER
117,10,Electronics,185.0,247.31578947368422,71.73684210526316,186.57894736842104,464577.55,REORDER
118,1,Personal Care,172.04545454545453,79.31818181818181,30.0,217.4090909090909,74602.35,HEALTHY
118,2,Personal Care,149.48,79.12,29.16,212.44,73656.27,HEALTHY
118,3,Personal Care,191.15384615384616,72.57692307692308,28.615384615384617,250.69230769230768,97958.7,HEALTHY
118,4,Personal Care,177.7674418604651,94.30232558139535,32.95348837209303,237.1627906976744,150663.24,HEALTHY
118,5,Personal Care,195.33333333333334,81.08333333333333,31.583333333333332,247.04166666666666,92400.48,HEALTHY
118,6,Personal Care,169.94444444444446,80.05555555555556,30.77777777777778,242.11111111111111,60292.89,HEALTHY
118,7,Personal Care,168.84375,84.71875,31.09375,241.65625,106493.13,HEALTHY
118,8,Personal Care,188.9090909090909,82.72727272727273,31.5,258.8181818181818,81914.76,HEALTHY
118,9,Personal Care,190.6,73.8,28.8,255.45,75134.52,HEALTHY
118,10,Personal Care,181.82608695652175,91.08695652173913,31.434782608695652,229.95652173913044,82427.22,HEALTHY
119,1,Electronics,172.46153846153845,81.46153846153847,28.384615384615383,63.34615384615385,1309686.72,HEALTHY
119,2,Electronics,163.0,66.7,29.15,61.3,952180.8,HEALTHY
119,3,Electronics,205.4,82.0,32.55,63.9,1199864.64,HEALTHY
119,4,Electronics,139.6875,79.1875,29.59375,61.375,1305597.6,HEALTHY
119,5,Electronics,200.72222222222223,94.05555555555556,31.11111111111111,73.16666666666667,1055285.04,HEALTHY
119,6,Electronics,152.92857142857142,83.96428571428571,28.25,70.64285714285714,1250686.56,HEALTHY
119,7,Electronics,189.11111111111111,79.88888888888889,29.074074074074073,60.48148148148148,1491360.48,HEALTHY
119,8,Electronics,182.29032258064515,86.6774193548387,31.193548387096776,64.70967741935483,1650544.08,HEALTHY
119,9,Electronics,177.4090909090909,79.63636363636364,25.0,59.90909090909091,1139988.24,HEALTHY
119,10,Electronics,170.0,85.75862068965517,31.344827586206897,67.17241379310344,1439954.4,HEALTHY
120,1,Personal Care,189.0909090909091,526.4090909090909,143.5,265.8636363636364,524409.6,REORDER
120,2,Personal Care,150.4375,485.5,131.75,276.6875,303426.42,REORDER
120,3,Personal Care,189.58064516129033,519.0322580645161,127.0,264.8709677419355,740854.62,REORDER
120,4,Personal Care,174.52380952380952,581.8571428571429,154.52380952380952,266.9047619047619,462009.9,REORDER
120,5,Personal Care,198.58333333333334,534.9166666666666,136.41666666666666,274.6666666666667,600801.96,REORDER
120,6,Personal Care,167.30434782608697,559.3913043478261,133.2173913043478,277.1304347826087,485078.88,REORDER
120,7,Personal Care,213.04545454545453,512.9545454545455,135.5909090909091,275.3181818181818,590843.22,REORDER
120,8,Personal Care,161.95652173913044,481.7391304347826,119.8695652173913,270.2173913043478,469573.5,REORDER
120,9,Personal Care,185.75,506.14285714285717,129.60714285714286,276.2857142857143,655638.06,REORDER
120,10,Personal Care,162.45,489.6,119.3,250.3,409568.94,REORDER
121,1,Home Appliances,207.44,97.12,33.72,82.28,1413962.9,HEALTHY
121,2,Home Appliances,167.3030303030303,100.93939393939394,34.78787878787879,87.96969696969697,1505300.65,HEALTHY
121,3,Home Appliances,193.8095238095238,97.52380952380952,33.095238095238095,70.23809523809524,1109685.5,HEALTHY
121,4,Home Appliances,210.59259259259258,113.37037037037037,36.22222222222222,81.37037037037037,1550287.9000000001,HEALTHY
121,5,Home Appliances,155.6551724137931,116.86206896551724,37.275862068965516,75.55172413793103,1230742.0999999999,HEALTHY
121,6,Home Appliances,170.68,93.4,30.8,80.36,1163397.55,HEALTHY
121,7,Home Appliances,202.2173913043478,107.47826086956522,35.78260869565217,82.1304347826087,1268095.15,HEALTHY
121,8,Home Appliances,163.7391304347826,121.65217391304348,35.869565217391305,85.30434782608695,1026799.9,HEALTHY
121,9,Home Appliances,159.6,109.6,38.32,83.28,1087873.5,HEALTHY
121,10,Home Appliances,199.375,95.125,31.458333333333332,82.58333333333333,1304630.25,HEALTHY
122,1,Electronics,187.05263157894737,142.10526315789474,38.63157894736842,130.3684210526316,469341.24,HEALTHY
122,2,Electronics,168.21052631578948,134.78947368421052,43.473684210526315,123.84210526315789,422063.76,HEALTHY
122,3,Electronics,160.0,133.03846153846155,40.23076923076923,123.15384615384616,549369.6,HEALTHY
122,4,Electronics,184.25,120.71875,37.6875,130.3125,778625.76,HEALTHY
122,5,Electronics,178.375,129.125,37.625,124.0,753798.48,HEALTHY
122,6,Electronics,158.8695652173913,122.3913043478261,40.73913043478261,131.8695652173913,482547.24,HEALTHY
122,7,Electronics,168.07407407407408,126.85185185185185,41.074074074074076,128.7037037037037,599288.28,HEALTHY
122,8,Electronics,227.33333333333334,115.95238095238095,35.57142857142857,132.9047619047619,630454.44,HEALTHY
122,9,Electronics,168.05,125.25,39.9,132.65,443853.66,HEALTHY
122,10,Electronics,180.9090909090909,143.8181818181818,42.77272727272727,137.4090909090909,525598.8,HEALTHY
123,1,Furniture,200.42857142857142,504.57142857142856,112.71428571428571,169.32142857142858,1697573.88,REORDER
123,2,Furniture,193.72222222222223,563.5555555555555,149.61111111111111,181.66666666666666,1054782.63,REORDER
123,3,Furniture,172.31578947368422,460.0,112.78947368421052,157.10526315789474,990352.26,REORDER
123,4,Furniture,163.13636363636363,555.9545454545455,112.54545454545455,173.86363636363637,1085636.61,REORDER
123,5,Furniture,196.72,491.28,130.56,172.12,1487645.82,REORDER
123,6,Furniture,195.53846153846155,443.4230769230769,109.84615384615384,171.26923076923077,1537859.16,REORDER
123,7,Furniture,164.1818181818182,593.5909090909091,147.0,165.77272727272728,1092593.88,REORDER
123,8,Furniture,198.96153846153845,455.7692307692308,117.61538461538461,159.46153846153845,1564780.77,REORDER
123,9,Furniture,204.88888888888889,510.0,122.14814814814815,180.07407407407408,1673374.68,REORDER
123,10,Furniture,164.32142857142858,552.6785714285714,121.71428571428571,153.35714285714286,1391756.49,REORDER
124,1,Office Supplies,157.8148148148148,213.0,60.370370370370374,222.33333333333334,353961.27,REORDER
124,2,Office Supplies,203.05,250.65,64.35,220.6,337347.27,REORDER
124,3,Office Supplies,172.0909090909091,272.3636363636364,72.22727272727273,207.95454545454547,314503.02,REORDER
124,4,Office Supplies,160.76,260.6,74.04,232.32,333858.33,REORDER
124,5,Office Supplies,172.75,272.0,69.91666666666667,212.04166666666666,344408.22,REORDER
124,6,Office Supplies,194.05263157894737,295.36842105263156,71.26315789473684,227.21052631578948,306279.09,REORDER
124,7,Office Supplies,166.08333333333334,238.58333333333334,70.45833333333333,221.54166666666666,331117.02,REORDER
124,8,Office Supplies,188.30769230769232,217.34615384615384,63.46153846153846,204.57692307692307,406710.72,REORDER
124,9,Office Supplies,174.86363636363637,191.5909090909091,56.77272727272727,199.45454545454547,319570.29,REORDER
124,10,Office Supplies,191.25,226.95,62.4,223.5,317742.75,REORDER
125,1,Grocery,189.875,102.25,29.5625,74.4375,1036869.4,HEALTHY
125,2,Grocery,195.3783783783784,110.13513513513513,35.432432432432435,72.56756756756756,2467257.7,HEALTHY
125,3,Grocery,169.07407407407408,97.51851851851852,34.77777777777778,72.03703703703704,1558034.5,HEALTHY
125,4,Grocery,188.14285714285714,114.28571428571429,33.5,81.14285714285714,1797968.4000000001,HEALTHY
125,5,Grocery,176.72727272727272,95.45454545454545,33.68181818181818,70.4090909090909,1326974.4,HEALTHY
125,6,Grocery,214.83333333333334,113.72222222222223,33.27777777777778,60.27777777777778,1319807.1,HEALTHY
125,7,Grocery,169.7391304347826,107.69565217391305,32.08695652173913,65.69565217391305,1332435.2,HEALTHY
125,8,Grocery,177.10526315789474,94.3157894736842,31.94736842105263,69.05263157894737,1148474.5,HEALTHY
125,9,Grocery,171.8709677419355,115.45161290322581,36.354838709677416,72.58064516129032,1818446.4,HEALTHY
125,10,Grocery,186.89655172413794,113.06896551724138,38.41379310344828,72.79310344827586,1849846.0,HEALTHY
126,1,Personal Care,181.0,195.16,52.68,102.4,1242927.0,REORDER
126,2,Personal Care,163.58823529411765,168.23529411764707,54.8235294117647,114.6470588235294,763885.0800000001,REORDER
126,3,Personal Care,179.82608695652175,176.34782608695653,55.34782608695652,102.52173913043478,1136076.48,HEALTHY
126,4,Personal Care,173.93939393939394,176.66666666666666,51.15151515151515,102.18181818181819,1576663.2,REORDER
126,5,Personal Care,199.47368421052633,178.89473684210526,50.68421052631579,105.73684210526316,1041037.2,HEALTHY
126,6,Personal Care,166.58333333333334,187.33333333333334,51.291666666666664,109.54166666666667,1098170.64,REORDER
126,7,Personal Care,231.34782608695653,193.17391304347825,54.47826086956522,116.08695652173913,1461572.28,HEALTHY
126,8,Personal Care,192.5,192.1153846153846,51.84615384615385,115.96153846153847,1374773.4,HEALTHY
126,9,Personal Care,199.14705882352942,171.61764705882354,45.88235294117647,108.73529411764706,1859858.28,HEALTHY
126,10,Personal Care,196.75,175.08333333333334,49.125,107.33333333333333,1297038.96,HEALTHY
127,1,Furniture,154.45454545454547,118.45454545454545,35.45454545454545,189.27272727272728,159943.86,HEALTHY
127,2,Furniture,187.04761904761904,101.0,34.61904761904762,188.76190476190476,184890.96,HEALTHY
127,3,Furniture,156.15625,107.59375,32.78125,190.4375,235208.79,HEALTHY
127,4,Furniture,163.1904761904762,113.23809523809524,34.80952380952381,196.1904761904762,161308.89,HEALTHY
127,5,Furniture,194.16666666666666,107.5,33.5,176.63333333333333,274182.75,HEALTHY
127,6,Furniture,194.93333333333334,97.73333333333333,35.266666666666666,186.2,137632.68,HEALTHY
127,7,Furniture,194.3793103448276,105.55172413793103,31.96551724137931,194.0,265333.59,HEALTHY
127,8,Furniture,187.91304347826087,116.69565217391305,37.69565217391305,210.34782608695653,203436.54,HEALTHY
127,9,Furniture,169.68965517241378,105.3103448275862,37.3448275862069,201.89655172413794,231631.47,HEALTHY
127,10,Furniture,153.95,106.7,34.7,194.35,144928.53,HEALTHY
128,1,Grocery,209.3846153846154,303.03846153846155,79.0,163.76923076923077,1096966.0,REORDER
128,2,Grocery,164.0909090909091,272.95454545454544,76.36363636363636,158.36363636363637,727415.0,REORDER
128,3,Grocery,176.65217391304347,239.2608695652174,78.82608695652173,153.65217391304347,818694.5,REORDER
128,4,Grocery,184.4,298.4,81.0,147.7,743132.0,REORDER
128,5,Grocery,172.27272727272728,231.4090909090909,53.77272727272727,130.63636363636363,763685.0,REORDER
128,6,Grocery,166.45,311.75,71.65,146.65,670793.5,REORDER
128,7,Grocery,147.27586206896552,265.62068965517244,70.96551724137932,143.55172413793105,860606.5,REORDER
128,8,Grocery,201.7027027027027,249.43243243243242,71.72972972972973,151.24324324324326,1503794.5,REORDER
128,9,Grocery,203.66666666666666,222.16666666666666,62.583333333333336,139.58333333333334,984932.0,REORDER
128,10,Grocery,177.23809523809524,277.8095238095238,60.333333333333336,140.71428571428572,749983.0,REORDER
129,1,Grocery,179.84,133.76,39.76,80.08,1551120.0,HEALTHY
129,2,Grocery,211.07142857142858,131.35714285714286,36.857142857142854,72.64285714285714,1019475.0,HEALTHY
129,3,Grocery,178.91304347826087,114.95652173913044,31.695652173913043,85.8695652173913,1419675.0,HEALTHY
129,4,Grocery,189.48,141.2,42.44,76.88,1634265.0,HEALTHY
129,5,Grocery,181.2941176470588,120.29411764705883,43.05882352941177,90.17647058823529,1063290.0,HEALTHY
129,6,Grocery,178.95833333333334,141.33333333333334,45.208333333333336,76.79166666666667,1481775.0,HEALTHY
129,7,Grocery,167.48,135.48,40.16,87.24,1444515.0,HEALTHY
129,8,Grocery,168.66666666666666,143.2962962962963,44.888888888888886,76.37037037037037,1571130.0,HEALTHY
129,9,Grocery,209.82758620689654,130.48275862068965,37.0,81.17241379310344,2099325.0,HEALTHY
129,10,Grocery,154.0625,143.625,42.3125,84.0,850425.0,HEALTHY
130,1,Electronics,184.9047619047619,109.52380952380952,36.76190476190476,101.0,656615.3,HEALTHY
130,2,Electronics,185.55555555555554,126.4074074074074,38.2962962962963,107.44444444444444,847191.0,HEALTHY
130,3,Electronics,139.6,162.55,39.5,121.85,472127.2,REORDER
130,4,Electronics,202.96428571428572,150.96428571428572,45.107142857142854,122.5,960995.3,HEALTHY
130,5,Electronics,169.0,126.78260869565217,40.0,110.34782608695652,657291.7,HEALTHY
130,6,Electronics,184.42857142857142,134.42857142857142,38.285714285714285,106.0952380952381,654924.3,HEALTHY
130,7,Electronics,154.4,123.15,39.95,113.85,522180.8,HEALTHY
130,8,Electronics,174.625,109.3125,40.1875,110.9375,472465.4,HEALTHY
130,9,Electronics,187.92592592592592,133.55555555555554,36.81481481481482,117.48148148148148,858013.4,HEALTHY
130,10,Electronics,198.22222222222223,124.33333333333333,35.75,110.25,1206697.6,HEALTHY
131,1,Grocery,198.88,307.44,78.08,270.24,349432.16,REORDER
131,2,Grocery,158.53571428571428,284.14285714285717,77.10714285714286,290.85714285714283,311972.92,REORDER
131,3,Grocery,194.95833333333334,300.4166666666667,80.95833333333333,270.7916666666667,328840.12,REORDER
131,4,Grocery,156.85,273.2,72.4,291.05,220468.36000000002,REORDER
131,5,Grocery,182.6315789473684,371.7894736842105,76.0,297.36842105263156,243871.6,REORDER
131,6,Grocery,209.3181818181818,319.04545454545456,89.9090909090909,275.77272727272725,323639.4,REORDER
131,7,Grocery,238.42857142857142,271.7857142857143,77.21428571428571,239.64285714285714,234594.64,REORDER
131,8,Grocery,175.85,275.1,68.05,268.25,247174.76,REORDER
131,9,Grocery,212.0,311.94444444444446,73.55555555555556,263.55555555555554,268188.48,REORDER
131,10,Grocery,178.40740740740742,303.0,75.96296296296296,266.1111111111111,338538.76,REORDER
132,1,Office Supplies,159.51612903225808,360.8709677419355,104.83870967741936,200.06451612903226,859391.55,REORDER
132,2,Office Supplies,188.2258064516129,401.38709677419354,107.03225806451613,186.58064516129033,1014064.65,REORDER
132,3,Office Supplies,155.0,360.7368421052632,115.57894736842105,194.42105263157896,511811.55,REORDER
132,4,Office Supplies,236.6315789473684,358.2631578947368,113.63157894736842,191.47368421052633,781359.84,REORDER
132,5,Office Supplies,186.13333333333333,401.0,100.7,198.7,970443.36,REORDER
132,6,Office Supplies,190.37037037037038,344.25925925925924,89.85185185185185,186.8148148148148,893280.6,REORDER
132,7,Office Supplies,140.5,379.0357142857143,110.75,201.42857142857142,683689.86,REORDER
132,8,Office Supplies,193.27272727272728,448.6818181818182,126.0909090909091,209.77272727272728,738955.08,REORDER
132,9,Office Supplies,159.625,333.4375,95.3125,206.5,443859.66,REORDER
132,10,Office Supplies,193.32,431.24,109.68,201.44,839927.07,REORDER
133,1,Furniture,175.72727272727272,132.63636363636363,40.333333333333336,113.66666666666667,1062724.74,HEALTHY
133,2,Furniture,217.1578947368421,148.1578947368421,44.421052631578945,118.36842105263158,756130.76,HEALTHY
133,3,Furniture,154.08695652173913,132.52173913043478,37.08695652173913,106.43478260869566,649473.44,HEALTHY
133,4,Furniture,200.27586206896552,144.27586206896552,43.48275862068966,112.65517241379311,1064374.08,HEALTHY
133,5,Furniture,156.82608695652175,134.08695652173913,42.30434782608695,105.8695652173913,661018.82,HEALTHY
133,6,Furniture,175.0,154.16666666666666,46.75,114.95833333333333,769692.0,HEALTHY
133,7,Furniture,187.5,149.76666666666668,40.4,106.76666666666667,1030837.5,HEALTHY
133,8,Furniture,192.14285714285714,140.28571428571428,36.5,109.64285714285714,985938.8,HEALTHY
133,9,Furniture,168.5,139.9,38.9,107.85,617586.2,HEALTHY
133,10,Furniture,172.1153846153846,169.96153846153845,47.96153846153846,116.84615384615384,820088.5,HEALTHY
134,1,Grocery,191.0,407.3478260869565,126.17391304347827,179.7826086956522,1149472.3800000001,REORDER
134,2,Grocery,167.44827586206895,447.51724137931035,100.3103448275862,173.93103448275863,1270620.96,REORDER
134,3,Grocery,187.8148148148148,431.81481481481484,110.4074074074074,158.14814814814815,1326877.8599999999,REORDER
134,4,Grocery,183.6206896551724,433.6551724137931,112.24137931034483,169.41379310344828,1393339.5,REORDER
134,5,Grocery,184.35714285714286,410.5357142857143,117.17857142857143,174.28571428571428,1350688.92,REORDER
134,6,Grocery,169.2,413.65,110.8,164.8,885457.4400000001,REORDER
134,7,Grocery,155.78571428571428,440.5357142857143,122.07142857142857,164.53571428571428,1141360.92,REORDER
134,8,Grocery,198.47368421052633,486.05263157894734,109.78947368421052,171.42105263157896,986719.86,REORDER
134,9,Grocery,179.9047619047619,376.3809523809524,96.23809523809524,161.04761904761904,988551.48,REORDER
134,10,Grocery,161.77777777777777,406.81481481481484,103.44444444444444,162.74074074074073,1142930.88,REORDER
135,1,Electronics,176.91666666666666,202.20833333333334,55.958333333333336,115.16666666666667,1048804.46,REORDER
135,2,Electronics,182.55,218.45,61.35,125.7,901833.51,REORDER
135,3,Electronics,162.875,198.95833333333334,62.541666666666664,119.375,965562.0900000001,REORDER
135,4,Electronics,190.17142857142858,220.65714285714284,55.77142857142857,134.4857142857143,1644098.56,REORDER
135,5,Electronics,186.5,199.15,59.85,126.5,921347.3,REORDER
135,6,Electronics,193.2173913043478,231.2608695652174,59.608695652173914,122.08695652173913,1097712.44,REORDER
135,7,Electronics,146.5,193.76666666666668,57.93333333333333,125.36666666666666,1085608.95,REORDER
135,8,Electronics,191.76470588235293,258.05882352941177,63.64705882352941,129.7058823529412,805252.6,REORDER
135,9,Electronics,192.1818181818182,234.3181818181818,62.04545454545455,125.0909090909091,1044358.28,REORDER
135,10,Electronics,160.0,244.85714285714286,68.42857142857143,119.61904761904762,829953.6,REORDER
136,1,Office Supplies,177.61111111111111,175.38888888888889,51.611111111111114,145.88888888888889,465706.99,HEALTHY
136,2,Office Supplies,181.0,167.08,49.64,148.08,659156.75,HEALTHY
136,3,Office Supplies,202.55882352941177,188.1764705882353,50.088235294117645,150.8235294117647,1003229.29,HEALTHY
136,4,Office Supplies,205.96,168.88,47.48,128.68,750054.83,HEALTHY
136,5,Office Supplies,164.44,145.64,45.64,119.04,598849.37,HEALTHY
136,6,Office Supplies,178.26923076923077,174.1153846153846,48.0,132.69230769230768,675180.45,HEALTHY
136,7,Office Supplies,204.68,174.24,52.32,142.2,745393.39,HEALTHY
136,8,Office Supplies,149.8095238095238,167.95238095238096,44.38095238095238,149.71428571428572,458277.82,REORDER
136,9,Office Supplies,168.6818181818182,162.27272727272728,46.18181818181818,138.3181818181818,540581.37,HEALTHY
136,10,Office Supplies,125.625,157.0,54.958333333333336,135.375,439195.05,REORDER
137,1,Home Appliances,163.64,178.2,46.68,174.88,337752.96,REORDER
137,2,Home Appliances,188.05,158.5,41.4,183.7,310508.16,HEALTHY
137,3,Home Appliances,174.5,174.04545454545453,50.13636363636363,188.5909090909091,316947.84,HEALTHY
137,4,Home Appliances,199.96969696969697,151.66666666666666,43.72727272727273,174.6060606060606,544813.44,HEALTHY
137,5,Home Appliances,151.92307692307693,167.92307692307693,49.38461538461539,199.73076923076923,326112.0,REORDER
137,6,Home Appliances,195.57894736842104,168.68421052631578,48.473684210526315,205.10526315789474,306792.96,HEALTHY
137,7,Home Appliances,181.09677419354838,147.83870967741936,40.516129032258064,191.16129032258064,463491.83999999997,HEALTHY
137,8,Home Appliances,188.16129032258064,179.80645161290323,43.87096774193548,200.32258064516128,481572.48,HEALTHY
137,9,Home Appliances,180.05,178.55,46.25,174.85,297298.56,HEALTHY
137,10,Home Appliances,194.96296296296296,164.11111111111111,47.629629629629626,192.03703703703704,434595.83999999997,HEALTHY
138,1,Furniture,189.14814814814815,102.33333333333333,33.22222222222222,81.11111111111111,1167511.27,HEALTHY
138,2,Furniture,179.8095238095238,84.14285714285714,31.571428571428573,77.76190476190476,863231.36,HEALTHY
138,3,Furniture,165.6,88.16,30.16,81.04,946445.4,HEALTHY
138,4,Furniture,157.2,95.73333333333333,34.8,81.33333333333333,539062.38,HEALTHY
138,5,Furniture,199.55,88.1,33.45,82.25,912382.51,HEALTHY
138,6,Furniture,201.0,104.07692307692308,32.42307692307692,84.6923076923077,1194715.86,HEALTHY
138,7,Furniture,210.83333333333334,97.375,30.916666666666668,85.625,1156766.6,HEALTHY
138,8,Furniture,197.26666666666668,102.26666666666667,33.833333333333336,75.2,1352913.98,HEALTHY
138,9,Furniture,155.92,111.6,34.84,76.28,891121.78,HEALTHY
138,10,Furniture,201.6206896551724,89.55172413793103,32.3448275862069,78.44827586206897,1336682.67,HEALTHY
139,1,Grocery,174.1875,41.78125,22.46875,56.3125,848474.28,OVERSTOCK
139,2,Grocery,171.7037037037037,42.55555555555556,24.37037037037037,51.148148148148145,705691.92,OVERSTOCK
139,3,Grocery,152.6086956521739,49.04347826086956,24.47826086956522,50.391304347826086,534292.2,OVERSTOCK
139,4,Grocery,162.45,51.05,25.25,56.95,494562.77999999997,HEALTHY
139,5,Grocery,217.92307692307693,52.65384615384615,24.807692307692307,62.30769230769231,862478.52,OVERSTOCK
139,6,Grocery,178.25925925925927,41.407407407407405,22.74074074074074,51.925925925925924,732634.86,OVERSTOCK
139,7,Grocery,158.68,42.12,26.2,45.44,603856.74,OVERSTOCK
139,8,Grocery,184.28,42.16,21.08,56.36,701277.54,OVERSTOCK
139,9,Grocery,169.9090909090909,48.90909090909091,27.227272727272727,54.04545454545455,568998.36,OVERSTOCK
139,10,Grocery,195.36363636363637,41.13636363636363,26.363636363636363,54.77272727272727,654241.56,OVERSTOCK
140,1,Electronics,174.42105263157896,65.15789473684211,29.789473684210527,115.89473684210526,176437.36000000002,HEALTHY
140,2,Electronics,162.24,60.28,27.2,104.56,215941.44,HEALTHY
140,3,Electronics,169.0,42.65217391304348,21.17391304347826,93.47826086956522,206943.88,HEALTHY
140,4,Electronics,192.08333333333334,58.541666666666664,25.083333333333332,107.66666666666667,245436.4,HEALTHY
140,5,Electronics,165.37142857142857,57.857142857142854,28.085714285714285,124.97142857142858,308153.12,HEALTHY
140,6,Electronics,214.6875,48.15625,23.25,97.3125,365758.8,HEALTHY
140,7,Electronics,144.66666666666666,58.714285714285715,25.38095238095238,100.0,161743.12,HEALTHY
140,8,Electronics,146.04545454545453,52.77272727272727,23.727272727272727,107.22727272727273,171060.12,HEALTHY
140,9,Electronics,179.92307692307693,48.30769230769231,25.0,110.53846153846153,249056.72,HEALTHY
140,10,Electronics,201.21052631578948,46.578947368421055,23.210526315789473,99.26315789473684,203536.52,HEALTHY
141,1,Home Appliances,162.73333333333332,390.06666666666666,109.2,149.46666666666667,1542712.0,REORDER
141,2,Home Appliances,191.61904761904762,457.14285714285717,113.47619047619048,148.38095238095238,1271584.0,REORDER
141,3,Home Appliances,140.13793103448276,366.44827586206895,95.86206896551724,151.55172413793105,1284224.0,REORDER
141,4,Home Appliances,185.03571428571428,462.07142857142856,110.46428571428571,154.67857142857142,1637196.0,REORDER
141,5,Home Appliances,174.73333333333332,403.3333333333333,97.63333333333334,156.53333333333333,1656472.0,REORDER
141,6,Home Appliances,173.8181818181818,433.09090909090907,120.86363636363636,160.5909090909091,1208384.0,REORDER
141,7,Home Appliances,196.15625,438.59375,108.09375,146.875,1983532.0,REORDER
141,8,Home Appliances,192.52173913043478,402.7391304347826,115.08695652173913,148.69565217391303,1399248.0,REORDER
141,9,Home Appliances,173.90322580645162,423.6774193548387,99.74193548387096,149.80645161290323,1703556.0,REORDER
141,10,Home Appliances,165.125,429.1875,107.90625,152.46875,1669744.0,REORDER
142,1,Home Appliances,173.58064516129033,122.25806451612904,35.61290322580645,87.7741935483871,1315116.4,HEALTHY
142,2,Home Appliances,200.30434782608697,114.82608695652173,35.47826086956522,87.1304347826087,1125950.8,HEALTHY
142,3,Home Appliances,165.29166666666666,149.45833333333334,40.416666666666664,88.375,969534.8,HEALTHY
142,4,Home Appliances,208.27272727272728,135.95454545454547,39.36363636363637,83.54545454545455,1119840.8,HEALTHY
142,5,Home Appliances,181.64,137.28,44.16,95.12,1109820.4,HEALTHY
142,6,Home Appliances,190.8695652173913,112.73913043478261,33.391304347826086,85.95652173913044,1072916.0,HEALTHY
142,7,Home Appliances,163.58620689655172,111.10344827586206,34.724137931034484,78.3103448275862,1159433.6,HEALTHY
142,8,Home Appliances,195.3181818181818,117.63636363636364,32.04545454545455,89.18181818181819,1050186.8,HEALTHY
142,9,Home Appliances,173.6818181818182,118.31818181818181,37.63636363636363,93.77272727272727,933852.4,HEALTHY
142,10,Home Appliances,143.86363636363637,114.31818181818181,34.09090909090909,85.63636363636364,773526.0,HEALTHY
143,1,Personal Care,184.4,162.0,52.96,104.96,1114006.5,HEALTHY
143,2,Personal Care,187.69565217391303,192.04347826086956,56.08695652173913,115.08695652173913,1043203.05,REORDER
143,3,Personal Care,169.52,165.16,45.92,118.68,1024112.7,HEALTHY
143,4,Personal Care,197.6153846153846,189.30769230769232,53.19230769230769,118.38461538461539,1241597.7,HEALTHY
143,5,Personal Care,175.7826086956522,185.3913043478261,50.30434782608695,109.52173913043478,976990.9500000001,REORDER
143,6,Personal Care,187.25,179.10714285714286,48.25,107.89285714285714,1266970.95,HEALTHY
143,7,Personal Care,185.2972972972973,176.75675675675674,47.027027027027025,110.89189189189189,1656752.4,HEALTHY
143,8,Personal Care,170.91304347826087,185.47826086956522,48.869565217391305,108.65217391304348,949926.15,REORDER
143,9,Personal Care,203.95454545454547,172.5,51.90909090909091,107.0909090909091,1084283.55,HEALTHY
143,10,Personal Care,163.6206896551724,202.10344827586206,49.241379310344826,120.10344827586206,1146629.25,REORDER
144,1,Office Supplies,193.55555555555554,236.0,69.83333333333333,120.44444444444444,1007990.88,REORDER
144,2,Office Supplies,197.25806451612902,254.83870967741936,70.16129032258064,120.19354838709677,1769191.8,REORDER
144,3,Office Supplies,175.6,235.26666666666668,74.0,132.06666666666666,762068.88,REORDER
144,4,Office Supplies,167.19354838709677,244.03225806451613,70.90322580645162,124.96774193548387,1499545.56,REORDER
144,5,Office Supplies,208.85,295.1,73.05,119.4,1208489.64,REORDER
144,6,Office Supplies,160.58333333333334,207.41666666666666,62.541666666666664,122.83333333333333,1115039.28,REORDER
144,7,Office Supplies,183.43333333333334,272.96666666666664,81.6,124.36666666666666,1592127.96,REORDER
144,8,Office Supplies,170.7391304347826,213.7826086956522,63.130434782608695,123.30434782608695,1136159.64,REORDER
144,9,Office Supplies,192.47368421052633,264.63157894736844,71.84210526315789,136.3684210526316,1058043.24,REORDER
144,10,Office Supplies,217.45833333333334,274.1666666666667,68.54166666666667,120.625,1509961.08,REORDER
145,1,Grocery,200.375,219.66666666666666,55.75,132.33333333333334,909574.26,REORDER
145,2,Grocery,185.52631578947367,210.42105263157896,55.10526315789474,133.52631578947367,666718.5,REORDER
145,3,Grocery,197.0909090909091,180.0,45.90909090909091,134.04545454545453,820111.04,HEALTHY
145,4,Grocery,161.875,207.75,56.125,127.33333333333333,734808.9,REORDER
145,5,Grocery,154.22222222222223,183.5185185185185,49.51851851851852,119.14814814814815,787578.96,REORDER
145,6,Grocery,179.55,196.6,49.35,125.7,679201.74,REORDER
145,7,Grocery,159.88235294117646,175.52941176470588,54.61764705882353,118.26470588235294,1028165.04,REORDER
145,8,Grocery,189.6875,191.90625,51.15625,133.90625,1148079.8,REORDER
145,9,Grocery,204.5151515151515,177.96969696969697,46.121212121212125,131.21212121212122,1276505.86,HEALTHY
145,10,Grocery,187.6875,198.78125,51.375,127.78125,1135974.84,REORDER
146,1,Electronics,181.25714285714287,72.08571428571429,26.742857142857144,56.885714285714286,1819142.0,HEALTHY
146,2,Electronics,174.2,68.0,29.6,58.95,999037.0,HEALTHY
146,3,Electronics,170.44,75.36,28.32,58.92,1221841.75,HEALTHY
146,4,Electronics,202.5,69.36666666666666,26.8,63.36666666666667,1742006.25,OVERSTOCK
146,5,Electronics,196.76923076923077,69.57692307692308,25.192307692307693,64.61538461538461,1467013.0,HEALTHY
146,6,Electronics,165.71875,55.625,23.15625,54.65625,1520635.25,OVERSTOCK
146,7,Electronics,191.11111111111111,78.62962962962963,26.88888888888889,64.51851851851852,1479630.0,HEALTHY
146,8,Electronics,179.63333333333333,76.7,27.6,61.333333333333336,1545295.75,HEALTHY
146,9,Electronics,186.72413793103448,65.86206896551724,26.448275862068964,56.37931034482759,1552751.25,OVERSTOCK
146,10,Electronics,215.53125,66.125,27.8125,50.21875,1977714.75,OVERSTOCK
147,1,Personal Care,130.33333333333334,215.8095238095238,67.95238095238095,156.23809523809524,488143.95,REORDER
147,2,Personal Care,165.32258064516128,256.5806451612903,70.58064516129032,154.32258064516128,914043.75,REORDER
147,3,Personal Care,176.42307692307693,248.76923076923077,73.3076923076923,154.8846153846154,818091.45,REORDER
147,4,Personal Care,166.7741935483871,271.2903225806452,66.3225806451613,150.80645161290323,922069.5,REORDER
147,5,Personal Care,193.92,268.72,71.76,151.92,864640.8,REORDER
147,6,Personal Care,215.95652173913044,233.30434782608697,61.69565217391305,153.65217391304347,885864.45,REORDER
147,7,Personal Care,204.625,251.125,66.83333333333333,156.70833333333334,875876.85,REORDER
147,8,Personal Care,184.89285714285714,282.64285714285717,73.89285714285714,160.92857142857142,923317.95,REORDER
147,9,Personal Care,177.3,252.2,71.55,152.05,632429.1,REORDER
147,10,Personal Care,180.83333333333334,262.1666666666667,62.111111111111114,153.44444444444446,580529.25,REORDER
148,1,Office Supplies,177.47058823529412,344.47058823529414,80.70588235294117,414.3529411764706,186872.98,REORDER
148,2,Office Supplies,164.4090909090909,248.95454545454547,80.81818181818181,381.22727272727275,112018.49,REORDER
148,3,Office Supplies,225.6875,337.4375,94.8125,414.1875,111832.67,REORDER
148,4,Office Supplies,187.83333333333334,360.44444444444446,100.72222222222223,415.05555555555554,104709.57,REORDER
148,5,Office Supplies,176.29166666666666,314.9166666666667,61.25,428.125,131034.06999999999,REORDER
148,6,Office Supplies,149.65384615384616,307.2692307692308,75.73076923076923,431.88461538461536,120504.26999999999,REORDER
148,7,Office Supplies,184.61904761904762,293.76190476190476,90.14285714285714,468.9047619047619,120070.69,REORDER
148,8,Office Supplies,201.04,301.0,84.28,405.88,155655.22,REORDER
148,9,Office Supplies,207.2,334.64,100.68,429.88,160424.6,REORDER
148,10,Office Supplies,212.45454545454547,317.90909090909093,88.45454545454545,411.27272727272725,144753.78,REORDER
149,1,Personal Care,167.46153846153845,347.8076923076923,97.61538461538461,201.34615384615384,638252.86,REORDER
149,2,Personal Care,161.31034482758622,354.41379310344826,86.24137931034483,193.3448275862069,685748.02,REORDER
149,3,Personal Care,181.8421052631579,295.10526315789474,82.89473684210526,183.47368421052633,506468.45,REORDER
149,4,Personal Care,168.30769230769232,311.79487179487177,80.46153846153847,199.66666666666666,962216.76,REORDER
149,5,Personal Care,209.22857142857143,353.3142857142857,89.54285714285714,186.71428571428572,1073478.57,REORDER
149,6,Personal Care,183.46428571428572,360.17857142857144,85.21428571428571,193.28571428571428,753032.83,REORDER
149,7,Personal Care,181.46875,294.4375,71.78125,204.28125,851248.13,REORDER
149,8,Personal Care,177.0,336.9,82.85,208.05,518928.60000000003,REORDER
149,9,Personal Care,181.22857142857143,367.48571428571427,89.68571428571428,209.97142857142856,929820.37,REORDER
149,10,Personal Care,179.1304347826087,316.1304347826087,85.65217391304348,188.8695652173913,603950.8,REORDER
150,1,Furniture,189.95454545454547,186.1818181818182,47.40909090909091,129.54545454545453,744405.27,HEALTHY
150,2,Furniture,221.22222222222223,176.0,50.611111111111114,132.72222222222223,709313.6599999999,HEALTHY
150,3,Furniture,177.70967741935485,209.4516129032258,55.32258064516129,134.96774193548387,981318.17,REORDER
150,4,Furniture,167.16,174.24,47.76,133.36,744405.27,REORDER
150,5,Furniture,180.6315789473684,196.1578947368421,54.10526315789474,133.10526315789474,611342.16,REORDER
150,6,Furniture,149.5909090909091,193.86363636363637,51.59090909090909,144.72727272727272,586225.8300000001,REORDER
150,7,Furniture,166.03125,201.28125,60.90625,133.78125,946404.69,REORDER
150,8,Furniture,177.2941176470588,183.58823529411765,54.0,134.52941176470588,536883.82,REORDER
150,9,Furniture,178.65217391304347,203.7826086956522,57.08695652173913,142.91304347826087,731936.17,REORDER
150,10,Furniture,179.6086956521739,186.91304347826087,47.30434782608695,135.8695652173913,735855.03,REORDER
151,1,Office Supplies,172.39285714285714,297.57142857142856,81.28571428571429,141.75,1227554.3699999999,REORDER
151,2,Office Supplies,203.20833333333334,292.1666666666667,73.95833333333333,127.04166666666667,1240269.8699999999,REORDER
151,3,Office Supplies,196.68421052631578,300.8421052631579,78.6842105263158,138.47368421052633,950356.47,REORDER
151,4,Office Supplies,197.16666666666666,385.1111111111111,90.5,160.0,902546.19,REORDER
151,5,Office Supplies,173.25714285714287,328.77142857142854,79.71428571428571,155.77142857142857,1542135.84,REORDER
151,6,Office Supplies,165.0625,311.90625,84.03125,141.90625,1343265.42,REORDER
151,7,Office Supplies,177.26315789473685,292.4736842105263,78.78947368421052,150.94736842105263,856516.08,REORDER
151,8,Office Supplies,192.88235294117646,347.05882352941177,78.17647058823529,141.8235294117647,833882.49,REORDER
151,9,Office Supplies,184.1304347826087,306.2173913043478,75.78260869565217,135.69565217391303,1077002.85,REORDER
151,10,Office Supplies,173.11764705882354,290.1764705882353,77.3529411764706,140.2941176470588,748434.33,REORDER
152,1,Office Supplies,168.43333333333334,414.23333333333335,114.56666666666666,392.6333333333333,224605.85,REORDER
152,2,Office Supplies,140.79166666666666,406.2083333333333,97.625,403.8333333333333,150196.55,REORDER
152,3,Office Supplies,193.28571428571428,416.04761904761904,125.57142857142857,368.85714285714283,180422.55,REORDER
152,4,Office Supplies,193.42105263157896,495.42105263157896,127.89473684210526,425.8421052631579,163353.75,REORDER
152,5,Office Supplies,200.10526315789474,552.8421052631579,140.1578947368421,465.6842105263158,168998.9,REORDER
152,6,Office Supplies,189.6060606060606,452.42424242424244,112.03030303030303,422.1212121212121,278123.65,REORDER
152,7,Office Supplies,181.09677419354838,404.5806451612903,104.06451612903226,377.83870967741933,249542.3,REORDER
152,8,Office Supplies,154.05263157894737,400.94736842105266,109.21052631578948,432.4736842105263,130105.15,REORDER
152,9,Office Supplies,178.8695652173913,454.7826086956522,123.95652173913044,397.95652173913044,182867.3,REORDER
152,10,Office Supplies,150.03571428571428,443.10714285714283,101.53571428571429,411.9642857142857,186734.45,REORDER
153,1,Grocery,164.7391304347826,137.17391304347825,39.130434782608695,197.56521739130434,211767.21,HEALTHY
153,2,Grocery,210.1578947368421,119.21052631578948,37.10526315789474,212.1578947368421,223168.77,HEALTHY
153,3,Grocery,182.76,134.4,37.2,189.4,255361.41,HEALTHY
153,4,Grocery,211.1153846153846,134.57692307692307,37.11538461538461,204.76923076923077,306780.21,HEALTHY
153,5,Grocery,180.10714285714286,133.07142857142858,39.57142857142857,202.85714285714286,281853.27,HEALTHY
153,6,Grocery,212.0,134.0952380952381,40.38095238095238,185.61904761904762,248822.28,HEALTHY
153,7,Grocery,179.48,114.04,34.84,196.04,250778.43,HEALTHY
153,8,Grocery,162.8,133.0,39.5,205.5,181977.84,HEALTHY
153,9,Grocery,161.7391304347826,136.3913043478261,39.130434782608695,191.17391304347825,207910.80000000002,HEALTHY
153,10,Grocery,173.51724137931035,146.6551724137931,42.13793103448276,204.6206896551724,281238.48,HEALTHY
154,1,Office Supplies,203.79166666666666,87.125,29.541666666666668,114.95833333333333,480198.38,HEALTHY
154,2,Office Supplies,171.55555555555554,93.33333333333333,31.51851851851852,115.92592592592592,454769.76,HEALTHY
154,3,Office Supplies,146.51724137931035,84.96551724137932,31.24137931034483,110.34482758620689,417166.82,HEALTHY
154,4,Office Supplies,179.63636363636363,88.18181818181819,34.5,111.9090909090909,388007.36,HEALTHY
154,5,Office Supplies,173.56,75.04,31.24,100.24,426003.02,HEALTHY
154,6,Office Supplies,200.37037037037038,78.33333333333333,29.25925925925926,104.62962962962963,531153.8,HEALTHY
154,7,Office Supplies,162.64102564102564,77.02564102564102,28.153846153846153,110.7948717948718,622755.74,HEALTHY
154,8,Office Supplies,168.15,93.4,31.7,115.85,330179.34,HEALTHY
154,9,Office Supplies,188.02941176470588,86.97058823529412,29.294117647058822,109.8529411764706,627664.74,HEALTHY
154,10,Office Supplies,199.31034482758622,105.41379310344827,34.37931034482759,122.58620689655173,567480.4,HEALTHY
155,1,Personal Care,190.77777777777777,94.66666666666667,32.666666666666664,124.25925925925925,510670.14,HEALTHY
155,2,Personal Care,182.0,109.41176470588235,31.529411764705884,129.11764705882354,306739.16,HEALTHY
155,3,Personal Care,181.1875,98.78125,31.84375,118.34375,574813.72,HEALTHY
155,4,Personal Care,205.03703703703704,104.22222222222223,34.148148148148145,126.62962962962963,548839.04,HEALTHY
155,5,Personal Care,193.82142857142858,104.14285714285714,33.464285714285715,117.46428571428571,538032.78,HEALTHY
155,6,Personal Care,154.88888888888889,95.85185185185185,32.74074074074074,119.03703703703704,414603.48,HEALTHY
155,7,Personal Care,177.7826086956522,125.73913043478261,35.608695652173914,132.0,405383.46,HEALTHY
155,8,Personal Care,182.66666666666666,101.33333333333333,32.57142857142857,120.04761904761905,380301.04,HEALTHY
155,9,Personal Care,200.19230769230768,111.5,36.96153846153846,128.92307692307693,516023.7,HEALTHY
155,10,Personal Care,192.89285714285714,88.75,30.571428571428573,110.10714285714286,535455.14,HEALTHY
156,1,Office Supplies,173.42857142857142,232.07142857142858,62.857142857142854,120.10714285714286,1254838.96,REORDER
156,2,Office Supplies,168.6,246.64,70.72,115.36,1089198.15,REORDER
156,3,Office Supplies,174.42857142857142,229.82142857142858,64.75,118.92857142857143,1262074.44,REORDER
156,4,Office Supplies,197.04347826086956,219.52173913043478,66.82608695652173,128.08695652173913,1171114.1199999999,REORDER
156,5,Office Supplies,155.89655172413794,220.6206896551724,58.3448275862069,123.65517241379311,1168271.61,REORDER
156,6,Office Supplies,182.08,240.84,65.88,125.88,1176282.32,REORDER
156,7,Office Supplies,172.07407407407408,272.7037037037037,76.22222222222223,138.85185185185185,1200572.86,REORDER
156,8,Office Supplies,213.21052631578948,216.31578947368422,57.526315789473685,120.3157894736842,1046818.91,REORDER
156,9,Office Supplies,207.80769230769232,277.6923076923077,67.76923076923077,131.80769230769232,1396189.23,REORDER
156,10,Office Supplies,170.14285714285714,239.42857142857142,63.23809523809524,119.85714285714286,923298.93,REORDER
157,1,Grocery,198.91304347826087,196.52173913043478,46.82608695652174,168.56521739130434,428906.25,HEALTHY
157,2,Grocery,146.69565217391303,190.7391304347826,56.78260869565217,185.1304347826087,316312.5,REORDER
157,3,Grocery,169.23333333333332,178.13333333333333,48.666666666666664,172.96666666666667,475968.75,REORDER
157,4,Grocery,198.35,184.0,49.05,177.55,371906.25,HEALTHY
157,5,Grocery,174.76,166.64,59.68,180.2,409593.75,HEALTHY
157,6,Grocery,168.0,173.89473684210526,51.94736842105263,169.52631578947367,299250.0,REORDER
157,7,Grocery,157.0,174.71428571428572,49.035714285714285,186.35714285714286,412125.0,REORDER
157,8,Grocery,176.91666666666666,164.25,57.833333333333336,190.41666666666666,199031.25,HEALTHY
157,9,Grocery,159.0,175.52,48.6,163.2,372656.25,REORDER
157,10,Grocery,157.83333333333334,153.66666666666666,46.458333333333336,175.08333333333334,355125.0,HEALTHY
158,1,Grocery,207.52,102.4,32.4,74.48,1164809.76,HEALTHY
158,2,Grocery,193.2258064516129,104.19354838709677,34.225806451612904,86.80645161290323,1344874.8,HEALTHY
158,3,Grocery,177.0625,103.3125,33.96875,85.125,1272130.32,HEALTHY
158,4,Grocery,174.75,77.0625,29.5,80.25,627757.92,HEALTHY
158,5,Grocery,192.75,113.53571428571429,37.82142857142857,84.89285714285714,1211734.44,HEALTHY
158,6,Grocery,167.0,98.89655172413794,32.13793103448276,84.62068965517241,1087350.36,HEALTHY
158,7,Grocery,172.15384615384616,96.96153846153847,34.65384615384615,77.65384615384616,1004951.52,HEALTHY
158,8,Grocery,186.46428571428572,99.17857142857143,31.642857142857142,81.89285714285714,1172218.92,HEALTHY
158,9,Grocery,144.5625,98.0625,32.0,77.8125,519314.76,HEALTHY
158,10,Grocery,186.16,80.36,28.6,78.24,1044916.0800000001,HEALTHY
159,1,Furniture,179.47058823529412,108.82352941176471,37.11764705882353,95.0,540149.04,HEALTHY
159,2,Furniture,204.44,104.92,30.4,105.28,904851.4400000001,HEALTHY
159,3,Furniture,169.28571428571428,110.57142857142857,36.38095238095238,91.61904761904762,629377.2,HEALTHY
159,4,Furniture,203.28571428571428,126.0,42.333333333333336,104.85714285714286,755783.76,HEALTHY
159,5,Furniture,144.8,103.25,34.95,100.5,512707.83999999997,HEALTHY
159,6,Furniture,166.2608695652174,119.6086956521739,38.608695652173914,100.56521739130434,677000.96,HEALTHY
159,7,Furniture,200.8181818181818,119.77272727272727,38.27272727272727,107.63636363636364,782162.72,HEALTHY
159,8,Furniture,184.75,116.53571428571429,36.42857142857143,100.14285714285714,915827.92,HEALTHY
159,9,Furniture,194.42307692307693,132.76923076923077,38.46153846153846,113.07692307692308,894937.2,HEALTHY
159,10,Furniture,151.42857142857142,122.85714285714286,39.07142857142857,103.0,750649.6,HEALTHY
160,1,Personal Care,165.17391304347825,448.95652173913044,110.1304347826087,177.43478260869566,775261.9299999999,REORDER
160,2,Personal Care,170.22727272727272,443.40909090909093,119.5,183.27272727272728,764242.15,REORDER
160,3,Personal Care,158.63636363636363,463.72727272727275,108.04545454545455,199.77272727272728,712204.3,REORDER
160,4,Personal Care,176.72727272727272,489.3636363636364,123.0,200.0,793424.16,REORDER
160,5,Personal Care,214.76923076923077,473.0769230769231,107.42307692307692,188.96153846153845,1139526.88,REORDER
160,6,Personal Care,187.45833333333334,475.4166666666667,123.29166666666667,200.625,918110.93,REORDER
160,7,Personal Care,178.5,441.125,130.1875,197.1875,582823.92,REORDER
160,8,Personal Care,176.28571428571428,428.14285714285717,121.78571428571429,196.92857142857142,1007289.52,REORDER
160,9,Personal Care,163.27586206896552,406.41379310344826,114.13793103448276,190.48275862068965,966271.45,REORDER
160,10,Personal Care,189.04,479.96,104.76,201.28,964434.82,REORDER
161,1,Home Appliances,215.125,148.91666666666666,45.583333333333336,87.0,1521174.69,HEALTHY
161,2,Home Appliances,194.3181818181818,150.9090909090909,41.09090909090909,89.36363636363636,1259543.25,HEALTHY
161,3,Home Appliances,178.8846153846154,140.26923076923077,44.61538461538461,84.6923076923077,1370324.1300000001,HEALTHY
161,4,Home Appliances,163.28571428571428,134.92857142857142,41.714285714285715,86.35714285714286,1347048.3599999999,HEALTHY
161,5,Home Appliances,164.69230769230768,162.53846153846155,45.69230769230769,100.07692307692308,630802.83,HEALTHY
161,6,Home Appliances,177.8,126.08,38.64,83.92,1309630.35,HEALTHY
161,7,Home Appliances,203.15384615384616,133.5,38.80769230769231,82.42307692307692,1556235.6600000001,HEALTHY
161,8,Home Appliances,157.46153846153845,125.88461538461539,39.0,82.07692307692308,1206215.22,HEALTHY
161,9,Home Appliances,193.89655172413794,124.24137931034483,41.51724137931034,87.34482758620689,1656704.49,HEALTHY
161,10,Home Appliances,173.54166666666666,144.33333333333334,43.291666666666664,94.125,1227133.95,HEALTHY
162,1,Home Appliances,175.29032258064515,102.12903225806451,33.70967741935484,98.80645161290323,794994.2000000001,HEALTHY
162,2,Home Appliances,158.32,121.12,38.44,113.08,579055.4,HEALTHY
162,3,Home Appliances,191.25925925925927,115.96296296296296,38.7037037037037,109.14814814814815,755493.2,HEALTHY
162,4,Home Appliances,183.0,90.5,30.15,101.85,535458.0,HEALTHY
162,5,Home Appliances,148.83333333333334,104.79166666666667,32.416666666666664,109.79166666666667,522583.6,HEALTHY
162,6,Home Appliances,201.14814814814815,107.07407407407408,34.18518518518518,112.88888888888889,794555.3,HEALTHY
162,7,Home Appliances,200.76190476190476,109.19047619047619,36.95238095238095,101.0952380952381,616800.8,HEALTHY
162,8,Home Appliances,182.75,112.07142857142857,37.464285714285715,112.17857142857143,748617.1,HEALTHY
162,9,Home Appliances,159.1875,91.46875,32.03125,106.65625,745252.2,HEALTHY
162,10,Home Appliances,170.2,101.3,32.13333333333333,99.9,747007.8,HEALTHY
163,1,Office Supplies,179.8235294117647,69.94117647058823,28.941176470588236,57.8235294117647,830434.05,HEALTHY
163,2,Office Supplies,170.61904761904762,107.42857142857143,32.42857142857143,80.42857142857143,973321.95,HEALTHY
163,3,Office Supplies,175.42424242424244,74.75757575757575,29.515151515151516,64.72727272727273,1572581.85,HEALTHY
163,4,Office Supplies,157.1764705882353,83.05882352941177,31.0,62.23529411764706,725848.8,HEALTHY
163,5,Office Supplies,170.95833333333334,93.83333333333333,31.708333333333332,70.45833333333333,1114579.95,HEALTHY
163,6,Office Supplies,197.2,116.75,35.85,78.4,1071387.6,HEALTHY
163,7,Office Supplies,202.64,64.32,26.16,60.48,1376178.9,OVERSTOCK
163,8,Office Supplies,203.0,73.94736842105263,29.94736842105263,67.42105263157895,1047754.05,HEALTHY
163,9,Office Supplies,175.51724137931035,83.37931034482759,29.344827586206897,69.6896551724138,1382698.5,HEALTHY
163,10,Office Supplies,183.47619047619048,79.23809523809524,28.714285714285715,61.23809523809524,1046667.45,HEALTHY
164,1,Furniture,187.59375,471.15625,120.4375,232.03125,914497.02,REORDER
164,2,Furniture,180.03571428571428,493.75,121.46428571428571,234.60714285714286,767945.9400000001,REORDER
164,3,Furniture,134.2173913043478,551.0,113.04347826086956,257.0869565217391,470273.58,REORDER
164,4,Furniture,206.7037037037037,420.14814814814815,126.62962962962963,238.03703703703704,850209.54,REORDER
164,5,Furniture,180.0,540.1304347826087,120.1304347826087,224.08695652173913,630687.6,REORDER
164,6,Furniture,184.45,498.9,115.0,239.65,561982.26,REORDER
164,7,Furniture,150.28571428571428,455.23809523809524,123.61904761904762,222.76190476190476,480785.04,REORDER
164,8,Furniture,178.0,404.22222222222223,97.96296296296296,223.88888888888889,732146.04,REORDER
164,9,Furniture,162.92857142857142,569.5357142857143,145.60714285714286,244.57142857142858,694975.08,REORDER
164,10,Furniture,197.6206896551724,483.7586206896552,112.89655172413794,246.0344827586207,873060.54,REORDER
165,1,Electronics,178.04545454545453,212.54545454545453,60.04545454545455,175.86363636363637,505371.34,REORDER
165,2,Electronics,193.27272727272728,236.45454545454547,66.0909090909091,174.6818181818182,548593.04,REORDER
165,3,Electronics,199.04347826086956,192.69565217391303,52.391304347826086,164.2608695652174,590653.5599999999,HEALTHY
165,4,Electronics,153.93103448275863,193.93103448275863,54.62068965517241,150.51724137931035,575945.28,REORDER
165,5,Electronics,156.25925925925927,230.25925925925927,52.888888888888886,163.74074074074073,544335.38,REORDER
165,6,Electronics,185.86363636363637,242.4090909090909,61.09090909090909,176.1818181818182,527562.78,REORDER
165,7,Electronics,196.20833333333334,235.54166666666666,53.666666666666664,163.29166666666666,607555.18,REORDER
165,8,Electronics,165.06666666666666,236.13333333333333,52.2,181.0,319453.52,REORDER
165,9,Electronics,179.29032258064515,212.29032258064515,55.58064516129032,158.48387096774192,717093.16,REORDER
165,10,Electronics,212.5,191.57142857142858,54.92857142857143,158.85714285714286,383834.5,HEALTHY
166,1,Office Supplies,191.23333333333332,197.2,51.733333333333334,94.56666666666666,1926771.45,REORDER
166,2,Office Supplies,206.5,182.72222222222223,52.05555555555556,91.94444444444444,1248354.45,HEALTHY
166,3,Office Supplies,188.0,219.66666666666666,59.53333333333333,107.06666666666666,1894194.0,REORDER
166,4,Office Supplies,198.5185185185185,171.62962962962962,49.55555555555556,102.85185185185185,1800156.0,HEALTHY
166,5,Office Supplies,187.05405405405406,184.9189189189189,55.08108108108108,101.0,2324417.85,HEALTHY
166,6,Office Supplies,194.8095238095238,197.38095238095238,56.23809523809524,101.9047619047619,1373962.35,REORDER
166,7,Office Supplies,201.8421052631579,202.1578947368421,59.0,97.63157894736842,1287984.75,REORDER
166,8,Office Supplies,172.44,180.36,56.8,103.44,1447849.35,REORDER
166,9,Office Supplies,176.1764705882353,174.23529411764707,59.64705882352941,104.3529411764706,1005870.75,HEALTHY
166,10,Office Supplies,169.77142857142857,189.68571428571428,52.05714285714286,101.25714285714285,1995620.7,REORDER
167,1,Furniture,152.05,611.8,171.6,403.3,216063.05,CRITICAL
167,2,Furniture,191.85714285714286,563.0357142857143,142.14285714285714,356.75,381680.6,REORDER
167,3,Furniture,176.96666666666667,555.8666666666667,160.13333333333333,362.2,377204.45,REORDER
167,4,Furniture,173.79166666666666,563.1666666666666,166.125,356.375,296349.55,REORDER
167,5,Furniture,162.5,543.5384615384615,139.73076923076923,377.15384615384613,300186.25,REORDER
167,6,Furniture,173.05714285714285,624.5142857142857,173.4,360.1714285714286,430349.85,CRITICAL
167,7,Furniture,188.25,550.9583333333334,135.75,358.5416666666667,321003.9,REORDER
167,8,Furniture,192.44,531.04,139.84,362.8,341821.55,REORDER
167,9,Furniture,188.76923076923077,551.9230769230769,148.8846153846154,386.2307692307692,348713.4,REORDER
167,10,Furniture,185.46153846153845,525.5384615384615,138.57692307692307,334.6923076923077,342603.1,REORDER
168,1,Personal Care,176.58333333333334,261.1666666666667,60.791666666666664,316.9166666666667,164858.2,REORDER
168,2,Personal Care,171.0,267.96,73.12,361.68,166297.5,REORDER
168,3,Personal Care,188.73529411764707,230.35294117647058,65.02941176470588,344.3529411764706,249621.3,REORDER
168,4,Personal Care,146.76190476190476,210.52380952380952,52.19047619047619,298.6666666666667,119889.8,REORDER
168,5,Personal Care,192.36363636363637,245.5,65.86363636363636,322.0,164624.8,REORDER
168,6,Personal Care,206.77777777777777,238.0,62.888888888888886,302.6111111111111,144785.8,REORDER
168,7,Personal Care,157.3939393939394,241.1818181818182,69.24242424242425,337.6060606060606,202046.6,REORDER
168,8,Personal Care,164.76470588235293,297.05882352941177,78.17647058823529,371.44117647058823,217917.8,REORDER
168,9,Personal Care,163.11111111111111,210.33333333333334,63.94444444444444,327.44444444444446,114210.4,REORDER
168,10,Personal Care,167.42105263157896,244.57894736842104,56.21052631578947,348.05263157894734,123740.9,REORDER
169,1,Personal Care,156.47058823529412,93.23529411764706,31.764705882352942,65.58823529411765,722668.7999999999,HEALTHY
169,2,Personal Care,172.0,90.6,30.75,69.5,1869158.4,HEALTHY
169,3,Personal Care,191.19230769230768,89.07692307692308,29.23076923076923,71.38461538461539,1350521.28,HEALTHY
169,4,Personal Care,163.55172413793105,99.65517241379311,32.758620689655174,73.62068965517241,1288578.24,HEALTHY
169,5,Personal Care,206.33333333333334,88.4074074074074,30.40740740740741,77.88888888888889,1513529.28,HEALTHY
169,6,Personal Care,167.66666666666666,107.28571428571429,33.95238095238095,66.76190476190476,956585.28,HEALTHY
169,7,Personal Care,158.0,85.8125,30.875,79.6875,686807.0399999999,HEALTHY
169,8,Personal Care,195.0,86.84375,29.875,69.375,1695283.2,HEALTHY
169,9,Personal Care,158.04347826086956,98.17391304347827,34.21739130434783,75.52173913043478,987556.8,HEALTHY
169,10,Personal Care,176.125,80.08333333333333,28.333333333333332,73.95833333333333,1148391.3599999999,HEALTHY
170,1,Personal Care,200.51724137931035,105.17241379310344,34.51724137931034,222.93103448275863,182242.1,HEALTHY
170,2,Personal Care,166.24137931034483,94.37931034482759,32.241379310344826,239.9655172413793,151090.13999999998,HEALTHY
170,3,Personal Care,191.6206896551724,104.65517241379311,33.724137931034484,218.0,174156.38,HEALTHY
170,4,Personal Care,199.0,101.84210526315789,31.526315789473685,223.73684210526315,118496.54,HEALTHY
170,5,Personal Care,175.5,85.89285714285714,27.75,197.07142857142858,154004.76,HEALTHY
170,6,Personal Care,172.8,95.05,30.7,219.75,108311.04,HEALTHY
170,7,Personal Care,183.8181818181818,114.36363636363636,33.13636363636363,216.13636363636363,126738.95999999999,HEALTHY
170,8,Personal Care,162.36363636363637,127.95454545454545,36.59090909090909,227.36363636363637,111946.48000000001,HEALTHY
170,9,Personal Care,192.8181818181818,96.9090909090909,38.09090909090909,245.9090909090909,132944.28,HEALTHY
170,10,Personal Care,164.36,111.2,34.0,239.0,128776.06,HEALTHY
171,1,Personal Care,161.0,252.6551724137931,70.17241379310344,107.03448275862068,1373993.32,REORDER
171,2,Personal Care,185.1818181818182,190.9090909090909,56.95454545454545,106.86363636363636,1198896.72,REORDER
171,3,Personal Care,176.88888888888889,219.4814814814815,54.629629629629626,106.4074074074074,1405481.28,REORDER
171,4,Personal Care,185.0,238.3846153846154,54.5,121.84615384615384,1415486.8,REORDER
171,5,Personal Care,199.58333333333334,193.375,60.333333333333336,111.95833333333333,1409601.2,HEALTHY
171,6,Personal Care,188.04545454545453,203.4090909090909,59.31818181818182,117.5909090909091,1217436.36,REORDER
171,7,Personal Care,156.65384615384616,225.46153846153845,58.07692307692308,120.84615384615384,1198602.44,REORDER
171,8,Personal Care,204.0909090909091,224.77272727272728,56.59090909090909,102.0,1321317.2,REORDER
171,9,Personal Care,175.26923076923077,243.73076923076923,63.42307692307692,129.8846153846154,1341033.96,REORDER
171,10,Personal Care,198.0,218.30769230769232,57.15384615384615,114.8076923076923,1514953.44,REORDER
172,1,Personal Care,174.1818181818182,124.77272727272727,38.04545454545455,114.27272727272727,603616.64,HEALTHY
172,2,Personal Care,165.66666666666666,146.08333333333334,38.208333333333336,116.5,626299.52,HEALTHY
172,3,Personal Care,226.7391304347826,142.6086956521739,41.04347826086956,119.52173913043478,821466.8,HEALTHY
172,4,Personal Care,172.6,151.8,42.2,118.04,679698.8,HEALTHY
172,5,Personal Care,209.84615384615384,119.46153846153847,35.76923076923077,116.84615384615384,859429.12,HEALTHY
172,6,Personal Care,188.76190476190476,115.95238095238095,33.666666666666664,111.33333333333333,624409.28,HEALTHY
172,7,Personal Care,186.46666666666667,139.73333333333332,40.46666666666667,132.26666666666668,440583.44,HEALTHY
172,8,Personal Care,185.0909090909091,163.13636363636363,44.0,123.5909090909091,641421.44,HEALTHY
172,9,Personal Care,218.91304347826087,114.34782608695652,35.47826086956522,119.04347826086956,793113.2,HEALTHY
172,10,Personal Care,185.84375,155.40625,44.3125,118.5625,936771.44,HEALTHY
173,1,Furniture,189.82758620689654,167.17241379310346,46.206896551724135,95.3103448275862,1767710.55,HEALTHY
173,2,Furniture,194.3,179.65,50.95,97.4,1247833.46,HEALTHY
173,3,Furniture,182.7826086956522,164.43478260869566,51.52173913043478,95.0,1349946.44,HEALTHY
173,4,Furniture,179.51724137931035,180.31034482758622,55.13793103448276,102.62068965517241,1671698.66,REORDER
173,5,Furniture,178.4,171.72,48.24,101.84,1432150.6,HEALTHY
173,6,Furniture,193.36,183.36,54.56,99.32,1552245.74,HEALTHY
173,7,Furniture,191.28,192.44,55.8,91.36,1535548.02,REORDER
173,8,Furniture,186.4,185.45,51.7,97.05,1197098.08,HEALTHY
173,9,Furniture,185.07142857142858,183.75,55.17857142857143,98.53571428571429,1663992.02,HEALTHY
173,10,Furniture,175.3030303030303,165.21212121212122,46.666666666666664,90.42424242424242,1857621.35,HEALTHY
174,1,Furniture,176.78571428571428,180.32142857142858,54.75,114.78571428571429,1261062.0,REORDER
174,2,Furniture,177.5,202.6,62.233333333333334,117.93333333333334,1356597.0,REORDER
174,3,Furniture,190.90625,230.5625,58.34375,115.34375,1556328.84,REORDER
174,4,Furniture,194.5,243.76923076923077,68.42307692307692,113.84615384615384,1288321.32,REORDER
174,5,Furniture,160.33333333333334,234.11111111111111,60.925925925925924,114.4074074074074,1102856.04,REORDER
174,6,Furniture,199.23529411764707,213.47058823529412,62.11764705882353,116.3529411764706,862872.12,REORDER
174,7,Furniture,164.07692307692307,197.07692307692307,53.03846153846154,115.73076923076923,1086806.16,REORDER
174,8,Furniture,183.1875,197.0625,58.6875,125.8125,746701.5599999999,REORDER
174,9,Furniture,181.54545454545453,238.95454545454547,67.81818181818181,124.0909090909091,1017511.4400000001,REORDER
174,10,Furniture,178.57894736842104,206.1578947368421,57.578947368421055,122.47368421052632,864400.6799999999,REORDER
175,1,Grocery,176.57142857142858,482.76190476190476,117.52380952380952,199.0,803746.08,REORDER
175,2,Grocery,183.17857142857142,438.7142857142857,110.53571428571429,192.21428571428572,1111762.04,REORDER
175,3,Grocery,198.0625,382.75,99.0625,177.9375,686912.44,REORDER
175,4,Grocery,215.89473684210526,483.36842105263156,125.52631578947368,216.57894736842104,889149.52,REORDER
175,5,Grocery,189.63636363636363,444.1515151515151,115.78787878787878,192.03030303030303,1356484.08,REORDER
175,6,Grocery,187.2173913043478,410.0869565217391,103.26086956521739,174.17391304347825,933368.56,REORDER
175,7,Grocery,201.4516129032258,430.0,111.90322580645162,181.09677419354838,1353666.2,REORDER
175,8,Grocery,192.56521739130434,463.60869565217394,111.8695652173913,186.0,960030.0399999999,REORDER
175,9,Grocery,167.89285714285714,438.67857142857144,105.07142857142857,187.14285714285714,1018988.76,REORDER
175,10,Grocery,184.95454545454547,473.1818181818182,110.72727272727273,190.27272727272728,881996.44,REORDER
176,1,Home Appliances,157.7826086956522,162.34782608695653,49.73913043478261,94.8695652173913,1207223.14,REORDER
176,2,Home Appliances,175.75,186.83333333333334,51.25,97.375,1403159.88,REORDER
176,3,Home Appliances,178.09375,153.21875,48.3125,89.75,1895829.34,HEALTHY
176,4,Home Appliances,206.24,194.68,50.88,95.36,1715194.96,HEALTHY
176,5,Home Appliances,166.75,196.75,59.083333333333336,97.25,1331305.32,REORDER
176,6,Home Appliances,175.9047619047619,195.04761904761904,49.61904761904762,91.71428571428571,1228846.04,REORDER
176,7,Home Appliances,180.30769230769232,191.30769230769232,51.26923076923077,98.6923076923077,1559510.08,REORDER
176,8,Home Appliances,183.17391304347825,160.2608695652174,50.65217391304348,94.08695652173913,1401496.58,HEALTHY
176,9,Home Appliances,201.26315789473685,184.68421052631578,45.36842105263158,93.84210526315789,1272091.84,HEALTHY
176,10,Home Appliances,184.42307692307693,199.96153846153845,53.92307692307692,104.0,1595104.7,REORDER
177,1,Personal Care,163.75,304.5,76.6,176.45,470453.75,REORDER
177,2,Personal Care,167.33333333333334,278.875,73.95833333333333,192.875,576898.4,REORDER
177,3,Personal Care,185.71428571428572,243.32142857142858,67.28571428571429,189.07142857142858,746980.0,REORDER
177,4,Personal Care,176.0,220.4090909090909,69.13636363636364,166.0,556212.8,REORDER
177,5,Personal Care,201.20689655172413,253.20689655172413,78.3103448275862,175.51724137931035,838197.75,REORDER
177,6,Personal Care,187.55,248.75,66.45,164.3,538831.15,REORDER
177,7,Personal Care,187.75,291.2916666666667,77.54166666666667,180.875,647286.9,REORDER
177,8,Personal Care,159.69565217391303,320.6521739130435,80.30434782608695,178.17391304347825,527626.45,REORDER
177,9,Personal Care,187.71428571428572,269.5,76.35714285714286,179.85714285714286,755024.4,REORDER
177,10,Personal Care,159.53333333333333,249.8,77.2,167.93333333333334,343754.45,REORDER
178,1,Electronics,187.5,406.88461538461536,111.11538461538461,170.65384615384616,1629712.5,REORDER
178,2,Electronics,146.52941176470588,424.70588235294116,105.17647058823529,144.58823529411765,832741.3,REORDER
178,3,Electronics,177.16666666666666,495.0,139.55555555555554,164.0,1066082.7,REORDER
178,4,Electronics,216.21428571428572,480.14285714285717,132.46428571428572,158.21428571428572,2023852.2,REORDER
178,5,Electronics,165.8709677419355,543.516129032258,140.58064516129033,168.58064516129033,1718970.6,REORDER
178,6,Electronics,234.2,523.55,125.65,162.8,1565861.2,REORDER
178,7,Electronics,167.68,528.36,130.84,156.88,1401385.6,REORDER
178,8,Electronics,209.125,509.9375,131.71875,163.875,2237135.6,REORDER
178,9,Electronics,162.11764705882354,493.11764705882354,115.70588235294117,157.64705882352942,921330.8,REORDER
178,10,Electronics,189.61111111111111,447.0,113.44444444444444,156.61111111111111,1140965.9,REORDER
179,1,Furniture,193.8,262.43333333333334,72.66666666666667,287.2,314944.38,REORDER
179,2,Furniture,179.04761904761904,288.4761904761905,63.80952380952381,316.23809523809524,203679.2,REORDER
179,3,Furniture,181.85714285714286,309.2142857142857,68.46428571428571,315.5357142857143,275833.64,REORDER
179,4,Furniture,192.88888888888889,279.8888888888889,79.62962962962963,277.51851851851853,282117.36,REORDER
179,5,Furniture,189.45454545454547,302.45454545454544,73.81818181818181,291.6818181818182,225780.56,REORDER
179,6,Furniture,196.8709677419355,301.51612903225805,80.70967741935483,305.38709677419354,330599.51,REORDER
179,7,Furniture,174.05882352941177,280.5882352941176,74.23529411764706,298.8235294117647,160289.03,REORDER
179,8,Furniture,163.0,299.9259259259259,73.74074074074075,325.44444444444446,238402.17,REORDER
179,9,Furniture,178.6551724137931,290.17241379310343,80.24137931034483,296.6896551724138,280654.77,REORDER
179,10,Furniture,123.66666666666667,288.875,79.5,320.0,160776.56,REORDER
180,1,Electronics,186.5483870967742,172.2258064516129,52.096774193548384,121.29032258064517,1003003.52,HEALTHY
180,2,Electronics,195.78947368421052,127.57894736842105,35.73684210526316,108.57894736842105,645196.8,HEALTHY
180,3,Electronics,167.47058823529412,135.26470588235293,40.911764705882355,114.11764705882354,987567.36,HEALTHY
180,4,Electronics,166.10344827586206,139.0,41.93103448275862,111.51724137931035,835460.48,HEALTHY
180,5,Electronics,171.2962962962963,163.37037037037038,43.2962962962963,119.03703703703704,802160.0,HEALTHY
180,6,Electronics,180.57142857142858,143.52380952380952,41.19047619047619,115.19047619047619,657684.48,HEALTHY
180,7,Electronics,202.8,146.2,42.6,113.9,1055208.96,HEALTHY
180,8,Electronics,157.46428571428572,140.32142857142858,42.5,113.17857142857143,764696.96,HEALTHY
180,9,Electronics,203.66666666666666,139.55555555555554,40.5,112.22222222222223,635831.04,HEALTHY
180,10,Electronics,187.32142857142858,118.82142857142857,40.0,106.67857142857143,909692.8,HEALTHY
181,1,Electronics,199.05,128.15,37.3,138.1,399334.11,HEALTHY
181,2,Electronics,205.45,120.125,35.1,141.8,824347.58,HEALTHY
181,3,Electronics,184.35294117647058,108.76470588235294,34.705882352941174,141.76470588235293,314371.54,HEALTHY
181,4,Electronics,181.94444444444446,100.16666666666667,33.77777777777778,135.94444444444446,328515.25,HEALTHY
181,5,Electronics,150.44444444444446,107.88888888888889,35.74074074074074,129.0,407459.22,HEALTHY
181,6,Electronics,176.20689655172413,106.48275862068965,32.0,126.72413793103448,512584.10000000003,HEALTHY
181,7,Electronics,174.73333333333332,104.83333333333333,34.63333333333333,131.76666666666668,525825.02,HEALTHY
181,8,Electronics,154.1875,131.0625,42.5,133.1875,247464.77,HEALTHY
181,9,Electronics,179.48,112.2,33.84,119.4,450090.97,HEALTHY
181,10,Electronics,156.57692307692307,103.92307692307692,34.88461538461539,127.3076923076923,408362.01,HEALTHY
182,1,Electronics,202.25925925925927,256.5925925925926,66.11111111111111,146.5185185185185,1051952.43,REORDER
182,2,Electronics,190.88888888888889,215.0,63.55555555555556,137.77777777777777,992815.02,REORDER
182,3,Electronics,159.54545454545453,235.27272727272728,57.40909090909091,143.8181818181818,676131.3,REORDER
182,4,Electronics,185.25806451612902,263.06451612903226,69.58064516129032,145.48387096774192,1106274.09,REORDER
182,5,Electronics,202.3,183.8,50.15,146.65,779380.98,HEALTHY
182,6,Electronics,233.33333333333334,204.0952380952381,56.857142857142854,147.52380952380952,943887.0,HEALTHY
182,7,Electronics,177.03571428571428,230.46428571428572,61.142857142857146,148.10714285714286,954866.91,REORDER
182,8,Electronics,168.625,165.4375,60.75,144.6875,519715.74,HEALTHY
182,9,Electronics,187.16666666666666,217.08333333333334,66.04166666666667,137.20833333333334,865293.96,REORDER
182,10,Electronics,173.5,178.07142857142858,55.82142857142857,139.03571428571428,935796.54,REORDER
183,1,Grocery,188.1904761904762,160.76190476190476,45.523809523809526,194.85714285714286,250596.32,HEALTHY
183,2,Grocery,179.0,119.41379310344827,35.37931034482759,176.86206896551724,329161.31,HEALTHY
183,3,Grocery,195.27272727272728,104.9090909090909,38.22727272727273,182.1818181818182,272409.36,HEALTHY
183,4,Grocery,196.5909090909091,127.86363636363636,40.86363636363637,184.63636363636363,274248.25,HEALTHY
183,5,Grocery,172.2,131.16,39.48,172.68,272980.05,HEALTHY
183,6,Grocery,178.76,134.2,41.28,191.8,283379.29,HEALTHY
183,7,Grocery,188.41379310344828,117.58620689655173,36.03448275862069,182.41379310344828,346472.24,HEALTHY
183,8,Grocery,189.73333333333332,124.76666666666667,41.46666666666667,181.6,360929.72000000003,HEALTHY
183,9,Grocery,147.3793103448276,114.34482758620689,35.93103448275862,177.31034482758622,271014.34,HEALTHY
183,10,Grocery,178.74074074074073,115.96296296296296,34.925925925925924,167.55555555555554,306016.66,HEALTHY
184,1,Furniture,212.08695652173913,168.08695652173913,47.26086956521739,94.08695652173913,1442912.4,HEALTHY
184,2,Furniture,187.6,187.6,50.56,111.28,1387302.0,REORDER
184,3,Furniture,157.375,152.875,46.125,101.8125,744824.4,HEALTHY
184,4,Furniture,198.04166666666666,189.54166666666666,51.333333333333336,95.20833333333333,1405937.4,HEALTHY
184,5,Furniture,170.875,206.33333333333334,54.958333333333336,96.91666666666667,1213075.8,REORDER
184,6,Furniture,175.83333333333334,169.53333333333333,48.333333333333336,105.4,1560345.0,HEALTHY
184,7,Furniture,182.65217391304347,172.30434782608697,46.869565217391305,105.82608695652173,1242655.8,HEALTHY
184,8,Furniture,153.36363636363637,180.72727272727272,51.36363636363637,100.31818181818181,998029.2,REORDER
184,9,Furniture,225.42307692307693,203.03846153846155,50.88461538461539,91.73076923076923,1733683.8,HEALTHY
184,10,Furniture,185.33333333333334,180.125,51.625,106.45833333333333,1315718.4,HEALTHY
185,1,Electronics,167.0,215.47826086956522,63.43478260869565,112.56521739130434,1142582.27,REORDER
185,2,Electronics,195.1818181818182,205.9090909090909,59.22727272727273,111.81818181818181,1277336.18,REORDER
185,3,Electronics,184.1304347826087,233.82608695652175,61.08695652173913,121.26086956521739,1259785.45,REORDER
185,4,Electronics,170.64285714285714,199.78571428571428,59.785714285714285,113.25,1421311.66,REORDER
185,5,Electronics,183.21428571428572,215.03571428571428,57.392857142857146,106.17857142857143,1526021.1,REORDER
185,6,Electronics,190.39285714285714,200.42857142857142,54.392857142857146,109.75,1585812.57,REORDER
185,7,Electronics,200.91304347826087,158.52173913043478,42.95652173913044,106.91304347826087,1374608.87,HEALTHY
185,8,Electronics,133.05263157894737,211.10526315789474,55.94736842105263,106.05263157894737,752004.16,REORDER
185,9,Electronics,163.80555555555554,206.77777777777777,62.916666666666664,106.72222222222223,1754180.59,REORDER
185,10,Electronics,160.2,216.0,51.75,101.25,953093.88,REORDER
186,1,Personal Care,216.55555555555554,164.14814814814815,53.96296296296296,94.14814814814815,1956932.43,HEALTHY
186,2,Personal Care,170.21621621621622,164.24324324324326,49.648648648648646,92.91891891891892,2107877.62,HEALTHY
186,3,Personal Care,191.7037037037037,188.14814814814815,57.370370370370374,99.4074074074074,1732355.44,HEALTHY
186,4,Personal Care,163.0,177.6,48.35,89.4,1091089.4,REORDER
186,5,Personal Care,184.68,186.44,52.8,99.56,1545263.73,REORDER
186,6,Personal Care,195.23809523809524,169.28571428571428,50.285714285714285,88.38095238095238,1372229.0,HEALTHY
186,7,Personal Care,176.72727272727272,188.0,49.27272727272727,96.66666666666667,1951912.08,REORDER
186,8,Personal Care,181.88888888888889,217.8148148148148,60.48148148148148,98.85185185185185,1643662.59,REORDER
186,9,Personal Care,183.7741935483871,180.61290322580646,49.29032258064516,100.03225806451613,1906728.93,HEALTHY
186,10,Personal Care,180.03030303030303,191.54545454545453,54.24242424242424,91.45454545454545,1988393.29,REORDER
187,1,Office Supplies,156.07692307692307,298.6923076923077,78.65384615384616,301.6923076923077,247132.2,REORDER
187,2,Office Supplies,155.125,331.3125,76.125,317.9375,151153.8,REORDER
187,3,Office Supplies,200.42857142857142,328.04761904761904,86.0952380952381,311.4761904761905,256328.1,REORDER
187,4,Office Supplies,175.0,374.125,85.625,285.1875,341040.0,REORDER
187,5,Office Supplies,168.41935483870967,328.5806451612903,85.09677419354838,306.1290322580645,317958.9,REORDER
187,6,Office Supplies,163.70833333333334,294.5416666666667,70.375,273.2916666666667,239276.1,REORDER
187,7,Office Supplies,156.63333333333333,326.5,84.4,305.43333333333334,286169.1,REORDER
187,8,Office Supplies,169.56,320.52,85.28,294.76,258155.1,REORDER
187,9,Office Supplies,163.03846153846155,396.5,91.3076923076923,306.96153846153845,258155.1,REORDER
187,10,Office Supplies,173.36,320.16,92.64,290.4,263940.6,REORDER
188,1,Electronics,184.96,239.28,74.28,144.52,1022736.32,REORDER
188,2,Electronics,162.40740740740742,302.25925925925924,79.55555555555556,144.1851851851852,969874.3,REORDER
188,3,Electronics,159.92307692307693,286.53846153846155,66.61538461538461,136.80769230769232,919666.4400000001,REORDER
188,4,Electronics,198.47058823529412,253.94117647058823,75.44117647058823,150.47058823529412,1492522.6400000001,REORDER
188,5,Electronics,192.74074074074073,301.55555555555554,72.62962962962963,142.59259259259258,1151020.72,REORDER
188,6,Electronics,179.36,306.44,75.48,146.88,991771.12,REORDER
188,7,Electronics,182.04347826086956,307.4782608695652,79.08695652173913,155.52173913043478,926080.66,REORDER
188,8,Electronics,190.0,251.07692307692307,69.15384615384616,135.80769230769232,1092629.2,REORDER
188,9,Electronics,218.57692307692307,266.1923076923077,74.0,143.96153846153845,1256965.94,REORDER
188,10,Electronics,168.92307692307693,269.0,77.15384615384616,136.30769230769232,485711.27999999997,REORDER
189,1,Grocery,196.8,205.76,48.92,142.2,837334.8,REORDER
189,2,Grocery,184.8181818181818,178.36363636363637,45.45454545454545,135.27272727272728,691992.54,HEALTHY
189,3,Grocery,180.64285714285714,189.64285714285714,48.785714285714285,140.10714285714286,860821.02,REORDER
189,4,Grocery,201.96875,212.1875,58.375,143.5,1099937.97,REORDER
189,5,Grocery,167.76666666666668,202.76666666666668,57.3,134.96666666666667,856566.27,REORDER
189,6,Grocery,188.55555555555554,185.66666666666666,57.74074074074074,147.4814814814815,866437.29,HEALTHY
189,7,Grocery,181.45,175.275,50.8,140.95,1235239.02,HEALTHY
189,8,Grocery,195.48,176.2,43.48,129.8,831718.53,HEALTHY
189,9,Grocery,180.8181818181818,205.66666666666666,55.57575757575758,138.75757575757575,1015523.73,REORDER
189,10,Grocery,207.79166666666666,189.5,49.458333333333336,138.45833333333334,848737.53,HEALTHY
190,1,Furniture,206.84615384615384,119.61538461538461,39.73076923076923,117.84615384615384,676444.84,HEALTHY
190,2,Furniture,195.5,120.05555555555556,38.083333333333336,129.83333333333334,885239.64,HEALTHY
190,3,Furniture,186.03571428571428,107.46428571428571,37.0,111.82142857142857,655188.02,HEALTHY
190,4,Furniture,187.77272727272728,112.72727272727273,35.95454545454545,122.72727272727273,519597.18,HEALTHY
190,5,Furniture,180.72222222222223,122.33333333333333,32.611111111111114,116.33333333333333,409162.34,HEALTHY
190,6,Furniture,212.6153846153846,116.61538461538461,38.5,120.11538461538461,695311.84,HEALTHY
190,7,Furniture,165.6,120.45,37.55,130.15,416583.36,HEALTHY
190,8,Furniture,165.5909090909091,97.77272727272727,39.59090909090909,115.54545454545455,458216.54,HEALTHY
190,9,Furniture,177.1,114.1,34.5,117.05,445512.76,HEALTHY
190,10,Furniture,169.10526315789474,107.89473684210526,32.05263157894737,106.47368421052632,404131.14,HEALTHY
191,1,Grocery,154.53125,166.8125,47.75,145.90625,634097.35,REORDER
191,2,Grocery,182.94444444444446,185.55555555555554,49.388888888888886,148.77777777777777,422261.39,REORDER
191,3,Grocery,180.22222222222223,149.83333333333334,46.72222222222222,140.72222222222223,415978.12,HEALTHY
191,4,Grocery,185.21212121212122,146.87878787878788,41.18181818181818,129.72727272727272,783741.76,HEALTHY
191,5,Grocery,181.875,138.1875,34.78125,138.375,746298.6,HEALTHY
191,6,Grocery,140.07692307692307,133.84615384615384,37.92307692307692,137.07692307692307,467013.66,HEALTHY
191,7,Grocery,137.45454545454547,131.95454545454547,40.54545454545455,133.13636363636363,387767.52,HEALTHY
191,8,Grocery,190.59259259259258,149.0,42.18518518518518,139.40740740740742,659871.58,HEALTHY
191,9,Grocery,217.72727272727272,123.18181818181819,39.18181818181818,147.86363636363637,614221.7,HEALTHY
191,10,Grocery,224.21428571428572,152.78571428571428,44.392857142857146,139.14285714285714,805027.94,HEALTHY
192,1,Electronics,150.55,308.75,78.85,185.45,449180.98,REORDER
192,2,Electronics,158.69230769230768,276.1923076923077,74.96153846153847,170.96153846153845,615516.6799999999,REORDER
192,3,Electronics,151.95238095238096,278.04761904761904,78.04761904761905,193.28571428571428,476033.38,REORDER
192,4,Electronics,172.8148148148148,299.5925925925926,75.74074074074075,179.33333333333334,696073.88,REORDER
192,5,Electronics,183.33333333333334,300.0,82.33333333333333,191.33333333333334,574343.0,REORDER
192,6,Electronics,177.48,314.72,91.36,189.52,661911.66,REORDER
192,7,Electronics,156.8181818181818,307.6818181818182,70.27272727272727,190.63636363636363,514671.0,REORDER
192,8,Electronics,167.36363636363637,332.95454545454544,84.63636363636364,169.0,549280.76,REORDER
192,9,Electronics,200.85714285714286,276.57142857142856,73.42857142857143,193.52380952380952,629241.24,REORDER
192,10,Electronics,157.32142857142858,332.57142857142856,87.07142857142857,175.71428571428572,657137.9,REORDER
193,1,Furniture,204.07142857142858,177.0,43.714285714285715,105.57142857142857,711621.5599999999,HEALTHY
193,2,Furniture,196.55555555555554,165.77777777777777,47.611111111111114,98.94444444444444,881245.04,HEALTHY
193,3,Furniture,191.8095238095238,175.95238095238096,48.61904761904762,104.04761904761905,1003294.24,HEALTHY
193,4,Furniture,185.21052631578948,164.26315789473685,43.578947368421055,100.57894736842105,876512.52,HEALTHY
193,5,Furniture,156.02941176470588,166.6764705882353,43.61764705882353,105.05882352941177,1321369.4,REORDER
193,6,Furniture,166.2962962962963,157.2962962962963,46.592592592592595,114.18518518518519,1118369.2,HEALTHY
193,7,Furniture,179.36,202.72,58.48,101.48,1116874.72,REORDER
193,8,Furniture,174.92,171.24,47.16,106.44,1089226.84,HEALTHY
193,9,Furniture,199.0,144.8,45.3,103.05,991338.4,HEALTHY
193,10,Furniture,177.46428571428572,178.28571428571428,52.285714285714285,99.10714285714286,1237678.52,REORDER
194,1,Office Supplies,161.06666666666666,312.3333333333333,81.53333333333333,190.4,513665.76,REORDER
194,2,Office Supplies,164.31034482758622,421.2068965517241,103.89655172413794,197.9655172413793,1013086.65,REORDER
194,3,Office Supplies,194.85714285714286,276.14285714285717,71.57142857142857,165.71428571428572,580000.08,REORDER
194,4,Office Supplies,165.6,378.32,101.04,175.16,880205.4,REORDER
194,5,Office Supplies,213.7037037037037,379.4074074074074,96.11111111111111,169.14814814814815,1226759.7,REORDER
194,6,Office Supplies,208.06666666666666,354.6,110.13333333333334,168.93333333333334,663555.8099999999,REORDER
194,7,Office Supplies,179.03571428571428,360.5,97.0,182.82142857142858,1065813.93,REORDER
194,8,Office Supplies,191.86206896551724,416.2758620689655,114.41379310344827,174.72413793103448,1182962.04,REORDER
194,9,Office Supplies,201.92592592592592,378.8888888888889,99.62962962962963,180.11111111111111,1159149.72,REORDER
194,10,Office Supplies,195.5,419.21875,108.375,173.8125,1330088.16,REORDER
195,1,Electronics,142.7,199.9,45.05,143.05,471509.34,REORDER
195,2,Electronics,150.36,256.32,73.0,156.44,621024.39,REORDER
195,3,Electronics,193.4,227.48,58.12,161.52,798790.35,REORDER
195,4,Electronics,162.6,209.36666666666667,58.56666666666667,152.13333333333333,805894.38,REORDER
195,5,Electronics,171.5185185185185,247.2962962962963,61.0,168.59259259259258,765087.51,REORDER
195,6,Electronics,186.3913043478261,225.3913043478261,60.0,156.2608695652174,708255.27,REORDER
195,7,Electronics,170.96296296296296,237.07407407407408,57.96296296296296,158.88888888888889,762609.36,REORDER
195,8,Electronics,211.11764705882354,238.64705882352942,65.58823529411765,136.1764705882353,592938.6900000001,REORDER
195,9,Electronics,196.77272727272728,190.36363636363637,64.45454545454545,140.04545454545453,715194.09,HEALTHY
195,10,Electronics,151.85714285714286,213.85714285714286,67.14285714285714,142.28571428571428,702472.92,REORDER
196,1,Grocery,154.27777777777777,356.72222222222223,102.94444444444444,442.8333333333333,94334.69,REORDER
196,2,Grocery,176.03703703703704,351.22222222222223,89.37037037037037,435.5925925925926,161459.41,REORDER
196,3,Grocery,196.96296296296296,360.55555555555554,89.96296296296296,404.55555555555554,180652.46,REORDER
196,4,Grocery,157.8125,298.9375,80.1875,393.3125,85774.25,REORDER
196,5,Grocery,211.92307692307693,401.46153846153845,87.84615384615384,379.0,93587.35,REORDER
196,6,Grocery,162.65217391304347,330.0869565217391,84.21739130434783,429.5652173913044,127081.77,REORDER
196,7,Grocery,177.0,330.0,97.11764705882354,458.4117647058824,102215.73,REORDER
196,8,Grocery,183.8095238095238,329.42857142857144,92.66666666666667,420.23809523809524,131124.2,REORDER
196,9,Grocery,179.0,342.72222222222223,91.44444444444444,414.27777777777777,109451.34,REORDER
196,10,Grocery,178.24137931034483,368.0344827586207,104.37931034482759,424.55172413793105,175590.93,REORDER
197,1,Home Appliances,174.1875,286.5,70.625,344.0,96430.2,REORDER
197,2,Home Appliances,174.84,201.52,60.56,340.76,151236.6,REORDER
197,3,Home Appliances,169.2,233.56,68.0,354.36,146358.0,REORDER
197,4,Home Appliances,154.0952380952381,216.61904761904762,54.142857142857146,364.8095238095238,111965.6,REORDER
197,5,Home Appliances,215.68571428571428,263.7142857142857,67.6,354.77142857142854,261195.4,REORDER
197,6,Home Appliances,173.57142857142858,299.9047619047619,65.42857142857143,369.14285714285717,126117.0,REORDER
197,7,Home Appliances,193.4,224.2,59.8,318.26666666666665,100374.6,REORDER
197,8,Home Appliances,181.85185185185185,258.8888888888889,66.51851851851852,379.6666666666667,169886.0,REORDER
197,9,Home Appliances,209.65384615384616,252.5,61.38461538461539,329.84615384615387,188604.6,REORDER
197,10,Home Appliances,201.14285714285714,238.61904761904762,69.61904761904762,328.5238095238095,146150.4,REORDER
198,1,Personal Care,178.17391304347825,472.5217391304348,121.34782608695652,1085.5652173913043,36062.4,REORDER
198,2,Personal Care,186.52173913043478,417.04347826086956,111.17391304347827,918.8695652173913,37752.0,REORDER
198,3,Personal Care,163.72413793103448,428.6896551724138,115.65517241379311,1025.8620689655172,41782.4,REORDER
198,4,Personal Care,198.2173913043478,497.0,132.7826086956522,934.304347826087,40119.2,REORDER
198,5,Personal Care,171.16666666666666,425.25,92.66666666666667,877.8333333333334,18075.2,REORDER
198,6,Personal Care,203.03703703703704,432.6666666666667,131.44444444444446,944.4814814814815,48241.6,REORDER
198,7,Personal Care,161.58620689655172,498.6551724137931,121.10344827586206,939.7241379310345,41236.8,REORDER
198,8,Personal Care,201.0,499.9230769230769,128.3846153846154,1072.6923076923076,45988.8,REORDER
198,9,Personal Care,181.68421052631578,518.6842105263158,144.52631578947367,981.1578947368421,30377.6,REORDER
198,10,Personal Care,166.8695652173913,409.60869565217394,128.47826086956522,969.0434782608696,33774.4,REORDER
199,1,Grocery,169.0,82.5,27.25,58.375,1374781.2,HEALTHY
199,2,Grocery,177.52380952380952,83.0,27.523809523809526,62.80952380952381,1263605.6,HEALTHY
199,3,Grocery,164.09677419354838,84.25806451612904,29.838709677419356,58.58064516129032,1724238.6500000001,HEALTHY
199,4,Grocery,176.64,87.48,31.6,63.76,1496803.2,HEALTHY
199,5,Grocery,192.82142857142858,81.57142857142857,29.785714285714285,59.107142857142854,1829991.05,HEALTHY
199,6,Grocery,196.95454545454547,88.13636363636364,30.363636363636363,59.68181818181818,1468670.35,HEALTHY
199,7,Grocery,198.51724137931035,72.48275862068965,29.82758620689655,59.13793103448276,1951335.15,OVERSTOCK
199,8,Grocery,163.88235294117646,88.82352941176471,28.176470588235293,59.94117647058823,944314.7,HEALTHY
199,9,Grocery,159.80555555555554,83.27777777777777,30.63888888888889,62.52777777777778,1949979.35,HEALTHY
199,10,Grocery,205.375,77.79166666666667,26.041666666666668,55.916666666666664,1670684.55,OVERSTOCK
200,1,Furniture,189.42857142857142,110.76190476190476,36.333333333333336,395.85714285714283,38984.4,HEALTHY
200,2,Furniture,175.6315789473684,91.15789473684211,30.526315789473685,397.63157894736844,32702.6,HEALTHY
200,3,Furniture,177.65384615384616,93.46153846153847,32.57692307692308,390.11538461538464,45266.2,HEALTHY
200,4,Furniture,176.64,90.92,33.92,390.16,43276.8,HEALTHY
200,5,Furniture,189.1578947368421,97.84210526315789,33.89473684210526,415.1578947368421,35221.2,HEALTHY
200,6,Furniture,156.0,93.38888888888889,33.111111111111114,372.8333333333333,27518.4,HEALTHY
200,7,Furniture,199.84615384615384,99.76923076923077,36.15384615384615,328.53846153846155,50920.799999999996,HEALTHY
200,8,Furniture,177.66666666666666,108.96296296296296,35.925925925925924,387.7037037037037,47010.6,HEALTHY
200,9,Furniture,178.5,92.72222222222223,29.61111111111111,392.1111111111111,31487.4,HEALTHY
200,10,Furniture,176.9047619047619,99.9047619047619,34.38095238095238,391.57142857142856,36407.0,HEALTHY
201,1,Electronics,196.85,157.6,40.45,246.5,170314.62,HEALTHY
201,2,Electronics,194.03125,136.125,37.15625,234.46875,268601.34,HEALTHY
201,3,Electronics,173.0,131.30769230769232,40.34615384615385,226.96153846153845,194583.47999999998,HEALTHY
201,4,Electronics,145.9090909090909,136.1818181818182,38.13636363636363,230.77272727272728,138864.6,HEALTHY
201,5,Electronics,145.44,136.88,43.0,231.24,157293.36,HEALTHY
201,6,Electronics,158.79310344827587,140.6206896551724,43.48275862068966,210.58620689655172,199212.3,HEALTHY
201,7,Electronics,208.6315789473684,146.94736842105263,38.63157894736842,218.6315789473684,171482.64,HEALTHY
201,8,Electronics,183.7391304347826,126.43478260869566,35.65217391304348,204.2173913043478,182816.76,HEALTHY
201,9,Electronics,167.19230769230768,138.19230769230768,42.46153846153846,239.65384615384616,188051.22,HEALTHY
201,10,Electronics,166.45,136.9,43.8,240.65,144012.54,HEALTHY
202,1,Personal Care,168.86363636363637,126.86363636363636,41.22727272727273,136.5909090909091,429416.85,HEALTHY
202,2,Personal Care,170.92857142857142,133.78571428571428,41.07142857142857,150.17857142857142,553213.74,HEALTHY
202,3,Personal Care,190.46153846153845,151.5,43.57692307692308,129.23076923076923,572401.6799999999,HEALTHY
202,4,Personal Care,209.42857142857142,133.35714285714286,39.785714285714285,148.07142857142858,338909.88,HEALTHY
202,5,Personal Care,147.03846153846155,135.30769230769232,46.76923076923077,145.1153846153846,441900.57,HEALTHY
202,6,Personal Care,196.13636363636363,136.5,43.27272727272727,138.95454545454547,498770.85,HEALTHY
202,7,Personal Care,172.25,141.60714285714286,42.964285714285715,139.92857142857142,557490.57,HEALTHY
202,8,Personal Care,158.02702702702703,142.83783783783784,42.486486486486484,134.0810810810811,675854.73,HEALTHY
202,9,Personal Care,205.38095238095238,153.1904761904762,43.80952380952381,144.42857142857142,498539.67,HEALTHY
202,10,Personal Care,177.33333333333334,125.2,38.7,143.46666666666667,614938.8,HEALTHY
203,1,Electronics,164.66666666666666,153.42857142857142,44.19047619047619,92.42857142857143,982556.12,HEALTHY
203,2,Electronics,181.1304347826087,144.3913043478261,39.04347826086956,92.1304347826087,1183727.24,HEALTHY
203,3,Electronics,181.08333333333334,133.875,37.916666666666664,83.91666666666667,1234872.44,HEALTHY
203,4,Electronics,173.17391304347825,114.56521739130434,36.30434782608695,88.0,1131729.62,HEALTHY
203,5,Electronics,194.04347826086956,114.08695652173913,35.43478260869565,80.47826086956522,1268116.82,HEALTHY
203,6,Electronics,177.2258064516129,146.4516129032258,43.29032258064516,83.58064516129032,1561065.16,HEALTHY
203,7,Electronics,161.64,117.92,36.76,89.48,1148209.74,HEALTHY
203,8,Electronics,191.8846153846154,110.46153846153847,37.57692307692308,86.61538461538461,1417574.46,HEALTHY
203,9,Electronics,172.4814814814815,134.1851851851852,39.666666666666664,85.88888888888889,1323239.98,HEALTHY
203,10,Electronics,170.3448275862069,147.89655172413794,41.89655172413793,92.75862068965517,1403651.6,HEALTHY
204,1,Furniture,167.1764705882353,138.47058823529412,43.11764705882353,80.41176470588235,957867.6799999999,HEALTHY
204,2,Furniture,193.07692307692307,137.6153846153846,41.69230769230769,91.96153846153847,1691940.8,HEALTHY
204,3,Furniture,168.7391304347826,137.95652173913044,43.91304347826087,90.78260869565217,1308052.24,HEALTHY
204,4,Furniture,145.0,172.91304347826087,51.43478260869565,87.6086956521739,1124028.4,REORDER
204,5,Furniture,206.3181818181818,148.36363636363637,47.22727272727273,92.86363636363636,1529824.56,HEALTHY
204,6,Furniture,168.6206896551724,154.0,43.86206896551724,90.24137931034483,1648125.6,HEALTHY
204,7,Furniture,186.04166666666666,158.54166666666666,42.958333333333336,92.375,1504883.6,HEALTHY
204,8,Furniture,187.5483870967742,151.51612903225808,43.354838709677416,84.35483870967742,1959550.56,HEALTHY
204,9,Furniture,195.8,171.08,47.16,87.48,1649810.8,HEALTHY
204,10,Furniture,177.42857142857142,150.89285714285714,49.285714285714285,85.71428571428571,1674414.72,HEALTHY
205,1,Electronics,149.0,66.1923076923077,26.0,60.42307692307692,1077669.32,HEALTHY
205,2,Electronics,175.1904761904762,84.66666666666667,29.19047619047619,62.38095238095238,1023424.22,HEALTHY
205,3,Electronics,189.0,68.0909090909091,26.136363636363637,59.09090909090909,1156672.44,OVERSTOCK
205,4,Electronics,168.84615384615384,70.73076923076923,25.923076923076923,58.80769230769231,1221210.2,HEALTHY
205,5,Electronics,159.3125,90.5625,27.5,64.875,709080.82,HEALTHY
205,6,Electronics,182.38709677419354,96.48387096774194,28.258064516129032,70.12903225806451,1572829.72,HEALTHY
205,7,Electronics,137.26315789473685,87.6842105263158,31.526315789473685,67.3157894736842,725493.44,HEALTHY
205,8,Electronics,175.55555555555554,79.27777777777777,30.5,61.333333333333336,879048.8,HEALTHY
205,9,Electronics,158.0,97.14285714285714,34.035714285714285,69.10714285714286,1230668.32,HEALTHY
205,10,Electronics,161.75,85.35714285714286,32.392857142857146,67.10714285714286,1259877.22,HEALTHY
206,1,Home Appliances,173.86206896551724,406.13793103448273,106.62068965517241,171.55172413793105,1231105.14,REORDER
206,2,Home Appliances,178.55555555555554,456.037037037037,99.88888888888889,168.5185185185185,1177143.57,REORDER
206,3,Home Appliances,178.47368421052633,406.6842105263158,107.6842105263158,181.89473684210526,827980.47,REORDER
206,4,Home Appliances,141.42105263157896,388.7894736842105,95.73684210526316,167.8421052631579,656084.79,REORDER
206,5,Home Appliances,173.29166666666666,362.75,88.41666666666667,175.29166666666666,1015503.03,REORDER
206,6,Home Appliances,190.52173913043478,446.60869565217394,104.52173913043478,182.43478260869566,1069952.94,REORDER
206,7,Home Appliances,204.58333333333334,436.7083333333333,129.04166666666666,172.375,1198874.7,REORDER
206,8,Home Appliances,144.52631578947367,468.2631578947368,101.47368421052632,161.6315789473684,670490.8200000001,REORDER
206,9,Home Appliances,185.4,484.9,108.3,175.75,905382.36,REORDER
206,10,Home Appliances,195.0,422.22222222222223,105.05555555555556,188.27777777777777,857036.7,REORDER
207,1,Personal Care,161.85,128.8,37.95,103.05,602988.36,HEALTHY
207,2,Personal Care,192.08,133.2,40.8,114.12,894516.56,HEALTHY
207,3,Personal Care,140.86363636363637,119.5909090909091,38.86363636363637,107.81818181818181,577281.72,HEALTHY
207,4,Personal Care,171.2,132.45,37.55,111.6,637822.72,HEALTHY
207,5,Personal Care,191.96296296296296,143.77777777777777,41.96296296296296,108.96296296296296,965489.24,HEALTHY
207,6,Personal Care,189.44827586206895,153.44827586206895,44.06896551724138,119.51724137931035,1023422.32,HEALTHY
207,7,Personal Care,159.48275862068965,136.48275862068965,41.44827586206897,122.03448275862068,861545.0,HEALTHY
207,8,Personal Care,181.76923076923077,124.15384615384616,34.65384615384615,111.07692307692308,880359.28,HEALTHY
207,9,Personal Care,206.04166666666666,156.33333333333334,48.125,114.54166666666667,921154.6,HEALTHY
207,10,Personal Care,185.36666666666667,144.2,46.8,113.7,1035903.08,HEALTHY
208,1,Personal Care,150.275,66.3,26.85,142.3,226314.15,HEALTHY
208,2,Personal Care,192.63636363636363,70.24242424242425,26.515151515151516,151.21212121212122,239341.05000000002,HEALTHY
208,3,Personal Care,186.125,76.58333333333333,30.458333333333332,156.91666666666666,168182.55,HEALTHY
208,4,Personal Care,134.27272727272728,67.27272727272727,27.136363636363637,138.77272727272728,111218.1,HEALTHY
208,5,Personal Care,192.77777777777777,65.83333333333333,26.72222222222222,138.38888888888889,130645.5,HEALTHY
208,6,Personal Care,207.25,48.65,21.55,137.35,156059.25,HEALTHY
208,7,Personal Care,182.6206896551724,65.24137931034483,26.379310344827587,160.13793103448276,199394.4,HEALTHY
208,8,Personal Care,164.7037037037037,56.25925925925926,26.25925925925926,140.77777777777777,167429.55,HEALTHY
208,9,Personal Care,187.64705882352942,58.8235294117647,26.235294117647058,151.64705882352942,120103.5,HEALTHY
208,10,Personal Care,173.33333333333334,71.81481481481481,26.814814814814813,153.03703703703704,176202.0,HEALTHY
209,1,Furniture,166.31034482758622,369.17241379310343,87.03448275862068,135.58620689655172,1619032.87,REORDER
209,2,Furniture,167.95833333333334,384.125,97.95833333333333,146.29166666666666,1353166.39,REORDER
209,3,Furniture,180.44444444444446,373.0,103.29629629629629,144.8148148148148,1635481.68,REORDER
209,4,Furniture,184.36666666666667,408.1333333333333,86.7,143.7,1856701.39,REORDER
209,5,Furniture,157.125,368.25,108.95833333333333,145.33333333333334,1265886.99,REORDER
209,6,Furniture,174.0344827586207,385.2413793103448,97.75862068965517,141.82758620689654,1694227.43,REORDER
209,7,Furniture,162.91666666666666,376.6666666666667,87.58333333333333,150.5,1312547.9,REORDER
209,8,Furniture,188.96296296296296,405.3333333333333,109.14814814814815,131.14814814814815,1712690.38,REORDER
209,9,Furniture,185.07142857142858,407.35714285714283,115.21428571428571,144.17857142857142,1739545.58,REORDER
209,10,Furniture,216.37037037037038,432.3703703703704,111.03703703703704,154.40740740740742,1961100.98,REORDER
210,1,Home Appliances,164.3684210526316,231.47368421052633,59.31578947368421,113.73684210526316,834996.51,REORDER
210,2,Home Appliances,171.42857142857142,239.33333333333334,61.285714285714285,126.33333333333333,962532.0,REORDER
210,3,Home Appliances,180.35714285714286,231.57142857142858,64.07142857142857,127.78571428571429,675109.25,REORDER
210,4,Home Appliances,197.94736842105263,217.8421052631579,53.89473684210526,116.3157894736842,1005578.5700000001,REORDER
210,5,Home Appliances,157.80769230769232,227.92307692307693,55.76923076923077,117.8076923076923,1097019.11,REORDER
210,6,Home Appliances,165.88,245.96,65.36,113.4,1108783.39,REORDER
210,7,Home Appliances,171.0,201.8709677419355,59.32258064516129,118.35483870967742,1417328.37,REORDER
210,8,Home Appliances,183.79166666666666,194.41666666666666,61.041666666666664,110.91666666666667,1179369.07,REORDER
210,9,Home Appliances,141.29032258064515,229.51612903225808,58.483870967741936,122.61290322580645,1171080.6,REORDER
210,10,Home Appliances,182.91666666666666,234.375,63.333333333333336,113.25,1173754.3,REORDER
211,1,Grocery,194.68571428571428,137.02857142857144,42.714285714285715,100.91428571428571,1543507.28,HEALTHY
211,2,Grocery,214.95238095238096,173.52380952380952,44.95238095238095,105.9047619047619,1022511.28,HEALTHY
211,3,Grocery,176.9655172413793,147.10344827586206,49.03448275862069,108.62068965517241,1162500.64,HEALTHY
211,4,Grocery,171.0,144.5,44.25,104.375,929638.08,HEALTHY
211,5,Grocery,177.68,102.16,36.64,94.96,1006201.84,HEALTHY
211,6,Grocery,167.84,152.08,42.96,99.32,950477.92,HEALTHY
211,7,Grocery,220.20833333333334,144.95833333333334,44.541666666666664,104.83333333333333,1197158.2,HEALTHY
211,8,Grocery,197.8095238095238,161.95238095238096,49.23809523809524,108.95238095238095,940964.08,HEALTHY
211,9,Grocery,209.92307692307693,143.80769230769232,40.15384615384615,102.65384615384616,1236346.16,HEALTHY
211,10,Grocery,186.30769230769232,144.34615384615384,43.80769230769231,105.46153846153847,1097262.88,HEALTHY
212,1,Electronics,160.25925925925927,286.74074074074076,79.22222222222223,120.70370370370371,1157861.93,REORDER
212,2,Electronics,153.2,222.88,56.92,120.08,1024869.7,REORDER
212,3,Electronics,196.76190476190476,254.14285714285714,63.142857142857146,134.0952380952381,1105681.88,REORDER
212,4,Electronics,157.33333333333334,270.0,75.75,129.58333333333334,1010419.84,REORDER
212,5,Electronics,193.4516129032258,243.48387096774192,70.48387096774194,128.3548387096774,1604737.23,REORDER
212,6,Electronics,206.29166666666666,273.0,69.29166666666667,132.625,1324838.09,REORDER
212,7,Electronics,152.72727272727272,265.1212121212121,75.93939393939394,131.93939393939394,1348653.6,REORDER
212,8,Electronics,143.8181818181818,242.4090909090909,56.04545454545455,121.22727272727273,846654.76,REORDER
212,9,Electronics,184.625,251.4375,63.5625,128.65625,1580921.72,REORDER
212,10,Electronics,143.17391304347825,293.4782608695652,71.47826086956522,129.30434782608697,881173.87,REORDER
213,1,Office Supplies,159.70731707317074,157.8780487804878,42.34146341463415,99.04878048780488,1673930.72,HEALTHY
213,2,Office Supplies,179.77272727272728,135.13636363636363,43.40909090909091,93.77272727272727,1011056.2,HEALTHY
213,3,Office Supplies,183.6,145.9,37.56666666666667,92.7,1408065.12,HEALTHY
213,4,Office Supplies,160.2962962962963,124.44444444444444,39.592592592592595,91.25925925925925,1106409.92,HEALTHY
213,5,Office Supplies,170.79166666666666,116.33333333333333,37.333333333333336,91.04166666666667,1047868.36,HEALTHY
213,6,Office Supplies,179.69230769230768,139.80769230769232,40.96153846153846,96.53846153846153,1194350.08,HEALTHY
213,7,Office Supplies,190.96428571428572,145.57142857142858,44.142857142857146,93.42857142857143,1366907.08,HEALTHY
213,8,Office Supplies,169.1304347826087,134.56521739130434,39.869565217391305,87.3913043478261,994439.6,HEALTHY
213,9,Office Supplies,212.31578947368422,125.63157894736842,44.0,95.15789473684211,1031251.76,HEALTHY
213,10,Office Supplies,163.0952380952381,127.47619047619048,36.57142857142857,97.80952380952381,875567.0,HEALTHY
214,1,Electronics,163.9189189189189,80.8108108108108,32.027027027027025,63.945945945945944,1370265.45,HEALTHY
214,2,Electronics,191.6451612903226,75.93548387096774,30.806451612903224,70.41935483870968,1342250.13,HEALTHY
214,3,Electronics,153.2941176470588,51.94117647058823,23.41176470588235,54.294117647058826,588773.58,HEALTHY
214,4,Electronics,163.43333333333334,65.73333333333333,25.266666666666666,64.8,1107734.79,HEALTHY
214,5,Electronics,180.30434782608697,68.0,24.391304347826086,61.69565217391305,936931.71,HEALTHY
214,6,Electronics,162.59375,79.40625,29.75,66.15625,1175513.79,HEALTHY
214,7,Electronics,164.75,64.58333333333333,29.5,63.041666666666664,893327.22,HEALTHY
214,8,Electronics,196.8,85.53333333333333,29.433333333333334,67.53333333333333,1333890.72,HEALTHY
214,9,Electronics,165.58333333333334,80.61111111111111,29.52777777777778,68.63888888888889,1346768.73,HEALTHY
214,10,Electronics,167.0,70.48148148148148,23.25925925925926,60.7037037037037,1018718.37,HEALTHY
215,1,Electronics,158.44117647058823,172.0,48.8235294117647,88.29411764705883,1849680.32,REORDER
215,2,Electronics,144.78947368421052,165.47368421052633,42.421052631578945,79.36842105263158,944583.36,REORDER
215,3,Electronics,188.11428571428573,171.4857142857143,50.02857142857143,89.45714285714286,2260682.2399999998,HEALTHY
215,4,Electronics,198.6578947368421,184.3421052631579,49.10526315789474,90.6842105263158,2592024.64,HEALTHY
215,5,Electronics,209.75,144.6875,46.5,96.0625,1152316.16,HEALTHY
215,6,Electronics,183.14285714285714,168.38095238095238,50.23809523809524,96.38095238095238,1320562.56,HEALTHY
215,7,Electronics,179.56,163.36,45.52,91.88,1541343.04,HEALTHY
215,8,Electronics,183.0,166.5,48.97222222222222,93.80555555555556,2262055.68,HEALTHY
215,9,Electronics,143.1,176.83333333333334,52.13333333333333,95.3,1474044.48,REORDER
215,10,Electronics,176.0952380952381,172.9047619047619,53.04761904761905,93.33333333333333,1269745.28,HEALTHY
216,1,Grocery,176.79166666666666,194.83333333333334,60.875,95.08333333333333,1344818.85,REORDER
216,2,Grocery,209.8235294117647,218.2941176470588,58.05882352941177,108.52941176470588,1130560.65,REORDER
216,3,Grocery,165.56666666666666,179.53333333333333,51.06666666666667,97.6,1574290.65,REORDER
216,4,Grocery,161.65384615384616,229.23076923076923,59.34615384615385,104.92307692307692,1332140.85,REORDER
216,5,Grocery,189.84848484848484,204.24242424242425,55.39393939393939,97.9090909090909,1985691.75,REORDER
216,6,Grocery,206.47619047619048,209.0952380952381,50.333333333333336,114.0952380952381,1374295.2,REORDER
216,7,Grocery,158.2,196.16666666666666,59.2,101.93333333333334,1504244.7,REORDER
216,8,Grocery,171.30434782608697,208.8695652173913,60.30434782608695,107.56521739130434,1248783.0,REORDER
216,9,Grocery,183.52631578947367,195.94736842105263,49.36842105263158,114.73684210526316,1105204.65,REORDER
216,10,Grocery,208.93103448275863,178.06896551724137,57.793103448275865,109.82758620689656,1920400.05,HEALTHY
217,1,Electronics,213.14285714285714,36.142857142857146,21.523809523809526,44.76190476190476,1025720.16,OVERSTOCK
217,2,Electronics,168.75,35.892857142857146,22.071428571428573,42.535714285714285,1082781.0,OVERSTOCK
217,3,Electronics,190.5,51.72222222222222,22.944444444444443,54.72222222222222,785789.64,OVERSTOCK
217,4,Electronics,187.95833333333334,51.958333333333336,24.5,46.291666666666664,1033740.76,OVERSTOCK
217,5,Electronics,187.4,41.46666666666667,23.133333333333333,40.86666666666667,1288337.52,OVERSTOCK
217,6,Electronics,159.22222222222223,43.72222222222222,21.833333333333332,52.72222222222222,656772.5599999999,OVERSTOCK
217,7,Electronics,189.3,56.2,25.566666666666666,48.96666666666667,1301399.64,OVERSTOCK
217,8,Electronics,186.34782608695653,38.608695652173914,21.434782608695652,38.69565217391305,982179.76,OVERSTOCK
217,9,Electronics,172.2,50.56666666666667,27.2,41.46666666666667,1183840.56,OVERSTOCK
217,10,Electronics,170.4090909090909,43.31818181818182,23.0,42.81818181818182,859120.84,OVERSTOCK
218,1,Home Appliances,211.8,112.96,33.52,84.76,1297645.65,HEALTHY
218,2,Home Appliances,178.02941176470588,92.73529411764706,31.235294117647058,77.97058823529412,1483408.71,HEALTHY
218,3,Home Appliances,171.61904761904762,74.95238095238095,30.095238095238095,77.42857142857143,883232.28,HEALTHY
218,4,Home Appliances,171.75862068965517,100.58620689655173,32.58620689655172,80.96551724137932,1220693.67,HEALTHY
218,5,Home Appliances,176.45,84.775,32.625,77.7,1729704.06,HEALTHY
218,6,Home Appliances,178.75,93.125,30.875,78.375,1051350.3,HEALTHY
218,7,Home Appliances,153.8,102.5,33.0,74.2,753835.32,HEALTHY
218,8,Home Appliances,230.47619047619048,83.80952380952381,28.904761904761905,74.23809523809524,1186138.8,HEALTHY
218,9,Home Appliances,169.75862068965517,117.65517241379311,36.58620689655172,82.48275862068965,1206479.61,HEALTHY
218,10,Home Appliances,209.1851851851852,100.48148148148148,31.555555555555557,77.55555555555556,1384155.36,HEALTHY
219,1,Home Appliances,152.07692307692307,336.3076923076923,95.07692307692308,514.6923076923077,101420.1,REORDER
219,2,Home Appliances,160.69565217391303,299.9130434782609,84.65217391304348,443.6521739130435,94802.4,REORDER
219,3,Home Appliances,166.44,314.12,83.56,472.0,106729.65,REORDER
219,4,Home Appliances,173.75,306.5,79.29166666666667,436.0,106960.5,REORDER
219,5,Home Appliances,181.14285714285714,309.7142857142857,83.19047619047619,456.9047619047619,97572.6,REORDER
219,6,Home Appliances,186.8421052631579,317.8421052631579,81.63157894736842,462.2631578947368,91057.5,REORDER
219,7,Home Appliances,210.4090909090909,322.3181818181818,92.18181818181819,465.6363636363636,118733.85,REORDER
219,8,Home Appliances,157.91304347826087,351.4782608695652,96.52173913043478,479.17391304347825,93160.8,REORDER
219,9,Home Appliances,170.3793103448276,282.7241379310345,75.58620689655173,440.0,126736.65,REORDER
219,10,Home Appliances,179.09677419354838,292.0967741935484,84.58064516129032,471.258064516129,142408.8,REORDER
220,1,Personal Care,188.55172413793105,672.9655172413793,159.82758620689654,231.10344827586206,1296517.48,REORDER
220,2,Personal Care,160.14285714285714,627.2,163.0,224.05714285714285,1329001.55,CRITICAL
220,3,Personal Care,190.29166666666666,529.125,134.79166666666666,216.33333333333334,1082881.3699999999,REORDER
220,4,Personal Care,187.75,623.05,177.05,235.3,890348.05,REORDER
220,5,Personal Care,137.16666666666666,609.9166666666666,149.83333333333334,213.75,390283.06,CRITICAL
220,6,Personal Care,174.3684210526316,617.421052631579,173.26315789473685,214.21052631578948,785545.43,REORDER
220,7,Personal Care,170.1153846153846,617.5,161.92307692307693,218.3846153846154,1048737.53,REORDER
220,8,Personal Care,171.08333333333334,680.3333333333334,162.83333333333334,218.83333333333334,973573.66,REORDER
220,9,Personal Care,190.55172413793105,609.9310344827586,177.13793103448276,219.3448275862069,1310269.86,REORDER
220,10,Personal Care,168.9,708.4333333333333,180.0,222.7,1201436.37,CRITICAL
221,1,Furniture,171.1578947368421,277.63157894736844,72.84210526315789,459.2631578947368,75121.2,REORDER
221,2,Furniture,183.6,269.68,72.0,450.12,106029.0,REORDER
221,3,Furniture,131.5,269.94117647058823,64.23529411764706,451.5,103280.09999999999,REORDER
221,4,Furniture,182.83870967741936,292.0,80.54838709677419,438.9032258064516,130930.8,REORDER
221,5,Furniture,182.0,269.03125,73.59375,457.21875,134534.4,REORDER
221,6,Furniture,180.47222222222223,260.1388888888889,70.41666666666667,425.1666666666667,150080.7,REORDER
221,7,Furniture,169.26470588235293,269.61764705882354,71.58823529411765,462.7352941176471,132940.5,REORDER
221,8,Furniture,158.0,256.1111111111111,71.74074074074075,409.2962962962963,98544.6,REORDER
221,9,Furniture,156.3793103448276,312.3448275862069,74.20689655172414,448.0,104758.5,REORDER
221,10,Furniture,189.30769230769232,275.53846153846155,70.15384615384616,437.9230769230769,56849.1,REORDER
222,1,Office Supplies,194.53846153846155,118.03846153846153,37.42307692307692,96.53846153846153,1058083.02,HEALTHY
222,2,Office Supplies,163.0,127.16,38.72,100.04,852449.25,HEALTHY
222,3,Office Supplies,215.96428571428572,119.28571428571429,39.32142857142857,95.21428571428571,1264971.93,HEALTHY
222,4,Office Supplies,194.82608695652175,146.6086956521739,45.73913043478261,99.30434782608695,937380.39,HEALTHY
222,5,Office Supplies,209.61290322580646,123.09677419354838,38.03225806451613,99.64516129032258,1359316.62,HEALTHY
222,6,Office Supplies,172.23076923076923,132.84615384615384,40.96153846153846,108.46153846153847,936752.82,HEALTHY
222,7,Office Supplies,191.6086956521739,116.17391304347827,35.34782608695652,91.78260869565217,921900.33,HEALTHY
222,8,Office Supplies,162.23076923076923,114.07692307692308,38.38461538461539,101.5,882363.42,HEALTHY
222,9,Office Supplies,168.91304347826087,135.69565217391303,38.34782608695652,106.65217391304348,812703.15,HEALTHY
222,10,Office Supplies,171.36363636363637,106.68181818181819,34.45454545454545,96.5909090909091,788646.3,HEALTHY
223,1,Electronics,154.33333333333334,206.8,58.733333333333334,96.86666666666666,809740.7,REORDER
223,2,Electronics,182.45454545454547,195.4090909090909,56.09090909090909,105.9090909090909,1404016.92,REORDER
223,3,Electronics,151.1,204.5,59.46666666666667,104.56666666666666,1585552.74,REORDER
223,4,Electronics,202.26923076923077,206.57692307692307,71.0,106.42307692307692,1839493.02,REORDER
223,5,Electronics,199.16666666666666,216.8,57.4,96.33333333333333,2089935.5,REORDER
223,6,Electronics,174.86363636363637,233.8181818181818,56.31818181818182,108.4090909090909,1345603.66,REORDER
223,7,Electronics,148.52631578947367,218.89473684210526,62.526315789473685,102.84210526315789,987079.16,REORDER
223,8,Electronics,176.7826086956522,212.34782608695653,64.08695652173913,111.78260869565217,1422205.48,REORDER
223,9,Electronics,169.4814814814815,253.8148148148148,71.07407407407408,110.18518518518519,1600593.28,REORDER
223,10,Electronics,191.52631578947367,233.52631578947367,64.78947368421052,120.57894736842105,1272849.42,REORDER
224,1,Electronics,199.24242424242425,147.78787878787878,42.39393939393939,119.9090909090909,1302441.75,HEALTHY
224,2,Electronics,168.31034482758622,149.13793103448276,42.86206896551724,117.82758620689656,966877.29,HEALTHY
224,3,Electronics,176.3448275862069,164.72413793103448,46.10344827586207,121.86206896551724,1013032.26,HEALTHY
224,4,Electronics,193.14285714285714,136.8095238095238,47.61904761904762,122.47619047619048,803453.04,HEALTHY
224,5,Electronics,186.74074074074073,152.8148148148148,45.96296296296296,118.44444444444444,998769.78,HEALTHY
224,6,Electronics,226.1875,166.5625,43.625,126.9375,716887.71,HEALTHY
224,7,Electronics,160.44,174.56,47.52,125.12,794538.99,REORDER
224,8,Electronics,161.15,168.1,45.55,121.75,638444.07,REORDER
224,9,Electronics,188.46153846153845,183.1153846153846,50.23076923076923,114.92307692307692,970641.0,HEALTHY
224,10,Electronics,164.45833333333334,184.45833333333334,54.5,120.83333333333333,781861.23,REORDER
225,1,Grocery,167.6086956521739,312.1304347826087,91.08695652173913,190.6086956521739,654733.2,REORDER
225,2,Grocery,166.82608695652175,404.5652173913044,87.43478260869566,179.3913043478261,651676.08,REORDER
225,3,Grocery,175.0,348.90909090909093,94.15151515151516,191.03030303030303,980826.0,REORDER
225,4,Grocery,173.30434782608697,396.7391304347826,90.26086956521739,189.95652173913044,676982.24,REORDER
225,5,Grocery,175.5897435897436,354.35897435897436,91.2051282051282,188.30769230769232,1163064.32,REORDER
225,6,Grocery,179.8148148148148,404.14814814814815,109.4074074074074,204.92592592592592,824573.2,REORDER
225,7,Grocery,158.33333333333334,371.6666666666667,91.20833333333333,193.45833333333334,645392.0,REORDER
225,8,Grocery,193.3913043478261,378.0,105.82608695652173,213.7391304347826,755448.32,REORDER
225,9,Grocery,187.0,386.5,93.15384615384616,200.34615384615384,825762.08,REORDER
225,10,Grocery,189.75,398.025,103.95,200.7,1289085.6,REORDER
226,1,Furniture,173.17391304347825,226.7826086956522,58.52173913043478,181.17391304347825,458045.0,REORDER
226,2,Furniture,172.88888888888889,222.5185185185185,55.925925925925924,170.96296296296296,536820.0,REORDER
226,3,Furniture,186.34782608695653,242.3913043478261,66.34782608695652,173.8695652173913,492890.0,REORDER
226,4,Furniture,150.0,224.5,61.541666666666664,190.66666666666666,414000.0,REORDER
226,5,Furniture,152.70833333333334,249.625,63.75,173.70833333333334,421475.0,REORDER
226,6,Furniture,193.83333333333334,194.54166666666666,56.75,173.5,534980.0,REORDER
226,7,Furniture,187.7741935483871,184.06451612903226,54.38709677419355,182.4516129032258,669415.0,HEALTHY
226,8,Furniture,173.26666666666668,224.93333333333334,55.166666666666664,172.2,597770.0,REORDER
226,9,Furniture,188.28571428571428,253.35714285714286,67.0,180.32142857142858,606280.0,REORDER
226,10,Furniture,162.8181818181818,265.6818181818182,67.68181818181819,170.72727272727272,411930.0,REORDER
227,1,Home Appliances,155.29166666666666,282.0833333333333,74.25,302.0833333333333,183442.94,REORDER
227,2,Home Appliances,185.7741935483871,275.8709677419355,78.6774193548387,313.2903225806452,283457.98,REORDER
227,3,Home Appliances,215.33333333333334,304.7037037037037,79.37037037037037,322.2962962962963,286165.08,REORDER
227,4,Home Appliances,197.59459459459458,311.8918918918919,78.4054054054054,331.4864864864865,359847.42,REORDER
227,5,Home Appliances,157.17391304347825,264.2173913043478,69.1304347826087,277.2608695652174,177930.3,REORDER
227,6,Home Appliances,167.1,278.05,79.65,307.25,164493.24,REORDER
227,7,Home Appliances,178.16666666666666,269.8333333333333,68.6,296.0,263080.9,REORDER
227,8,Home Appliances,163.6,268.45,62.4,301.4,161047.84,REORDER
227,9,Home Appliances,188.66666666666666,271.8666666666667,72.36666666666666,289.3333333333333,278585.2,REORDER
227,10,Home Appliances,184.6,299.26666666666665,73.46666666666667,311.0,136290.18,REORDER
228,1,Office Supplies,187.82857142857142,296.85714285714283,85.88571428571429,150.54285714285714,1696157.74,REORDER
228,2,Office Supplies,181.77272727272728,313.54545454545456,82.45454545454545,154.95454545454547,1031781.99,REORDER
228,3,Office Supplies,198.96,353.52,81.24,157.72,1283341.74,REORDER
228,4,Office Supplies,172.4,368.8,82.9,158.7,1334427.72,REORDER
228,5,Office Supplies,190.30769230769232,353.1923076923077,82.07692307692308,153.53846153846155,1276633.48,REORDER
228,6,Office Supplies,196.08695652173913,386.17391304347825,93.65217391304348,165.82608695652175,1163625.1,REORDER
228,7,Office Supplies,165.56521739130434,391.6521739130435,105.82608695652173,151.1304347826087,982502.08,REORDER
228,8,Office Supplies,175.73333333333332,350.6666666666667,80.33333333333333,146.86666666666667,1360228.72,REORDER
228,9,Office Supplies,180.10344827586206,345.41379310344826,91.86206896551724,159.82758620689654,1347586.23,REORDER
228,10,Office Supplies,178.03225806451613,353.5806451612903,91.06451612903226,150.48387096774192,1423957.19,REORDER
229,1,Personal Care,176.5,141.95454545454547,40.45454545454545,188.45454545454547,286837.21,HEALTHY
229,2,Personal Care,167.68421052631578,129.94736842105263,38.21052631578947,178.31578947368422,235349.82,HEALTHY
229,3,Personal Care,198.9047619047619,127.95238095238095,43.095238095238095,169.42857142857142,308554.99,HEALTHY
229,4,Personal Care,167.05,161.6,47.35,190.0,246799.66999999998,HEALTHY
229,5,Personal Care,153.41176470588235,133.23529411764707,43.35294117647059,172.88235294117646,192652.96,HEALTHY
229,6,Personal Care,188.72222222222223,142.94444444444446,45.611111111111114,171.66666666666666,250936.39,HEALTHY
229,7,Personal Care,187.55172413793105,123.79310344827586,42.275862068965516,185.48275862068965,401778.93,HEALTHY
229,8,Personal Care,227.5,143.3,39.65,158.65,336108.5,HEALTHY
229,9,Personal Care,191.47619047619048,133.76190476190476,42.57142857142857,174.04761904761904,297031.27,HEALTHY
229,10,Personal Care,200.11111111111111,140.2962962962963,42.03703703703704,200.2962962962963,399119.61,HEALTHY
230,1,Home Appliances,166.0,102.65384615384616,32.61538461538461,176.0,204707.88,HEALTHY
230,2,Home Appliances,163.22222222222223,83.94444444444444,28.944444444444443,169.97222222222223,278698.68,HEALTHY
230,3,Home Appliances,162.45454545454547,96.4090909090909,34.59090909090909,178.22727272727272,169514.82,HEALTHY
230,4,Home Appliances,165.65384615384616,98.6923076923077,30.46153846153846,185.84615384615384,204281.01,HEALTHY
230,5,Home Appliances,146.32142857142858,85.89285714285714,31.607142857142858,158.42857142857142,194320.71,HEALTHY
230,6,Home Appliances,157.86363636363637,88.04545454545455,30.90909090909091,170.04545454545453,164724.39,HEALTHY
230,7,Home Appliances,166.08333333333334,87.33333333333333,32.833333333333336,164.04166666666666,189055.98,HEALTHY
230,8,Home Appliances,176.6969696969697,107.18181818181819,34.39393939393939,188.45454545454547,276564.33,HEALTHY
230,9,Home Appliances,165.43333333333334,99.66666666666667,33.4,172.46666666666667,235395.09,HEALTHY
230,10,Home Appliances,185.72,90.48,30.24,171.24,220217.49,HEALTHY
231,1,Furniture,192.06896551724137,206.13793103448276,54.310344827586206,150.51724137931035,847976.8,REORDER
231,2,Furniture,169.88888888888889,218.37037037037038,50.81481481481482,151.85185185185185,698324.88,REORDER
231,3,Furniture,209.72727272727272,184.9090909090909,53.5,144.45454545454547,702435.36,HEALTHY
231,4,Furniture,196.20689655172413,184.82758620689654,53.827586206896555,134.79310344827587,866245.6,HEALTHY
231,5,Furniture,180.92857142857142,213.57142857142858,59.464285714285715,152.60714285714286,771247.84,REORDER
231,6,Furniture,183.36363636363637,182.72727272727272,53.68181818181818,141.0,614136.16,HEALTHY
231,7,Furniture,193.35714285714286,190.0,52.892857142857146,133.03571428571428,824227.36,HEALTHY
231,8,Furniture,149.0,202.55172413793105,53.827586206896555,147.3793103448276,657829.04,REORDER
231,9,Furniture,179.875,183.0625,51.1875,131.5625,438146.72000000003,REORDER
231,10,Furniture,210.2258064516129,187.4516129032258,55.193548387096776,151.41935483870967,992148.08,HEALTHY
232,1,Personal Care,195.22222222222223,73.14814814814815,28.814814814814813,64.33333333333333,1475932.71,HEALTHY
232,2,Personal Care,177.59375,76.5,28.6875,63.125,1591296.83,HEALTHY
232,3,Personal Care,170.32,77.84,25.92,65.4,1192282.58,HEALTHY
232,4,Personal Care,128.66666666666666,78.72222222222223,29.444444444444443,74.44444444444444,648503.16,HEALTHY
232,5,Personal Care,196.625,85.16666666666667,28.333333333333332,60.25,1321367.19,HEALTHY
232,6,Personal Care,168.75757575757575,76.81818181818181,29.545454545454547,70.24242424242425,1559375.69,HEALTHY
232,7,Personal Care,166.83333333333334,76.23333333333333,28.433333333333334,69.53333333333333,1401450.05,HEALTHY
232,8,Personal Care,198.75862068965517,76.55172413793103,25.517241379310345,61.55172413793103,1613977.64,HEALTHY
232,9,Personal Care,190.76470588235293,92.3529411764706,31.88235294117647,67.05882352941177,1816144.8599999999,HEALTHY
232,10,Personal Care,185.1851851851852,90.11111111111111,30.14814814814815,71.37037037037037,1400050.0,HEALTHY
233,1,Grocery,163.375,499.5,108.45833333333333,185.125,1030478.01,REORDER
233,2,Grocery,165.2,479.93333333333334,130.0,178.73333333333332,651243.18,REORDER
233,3,Grocery,156.27586206896552,480.3448275862069,122.65517241379311,188.06896551724137,1191054.92,REORDER
233,4,Grocery,199.96296296296296,505.6296296296296,127.70370370370371,182.77777777777777,1418911.19,REORDER
233,5,Grocery,164.80645161290323,448.0,116.93548387096774,183.80645161290323,1342696.29,REORDER
233,6,Grocery,196.68965517241378,561.5862068965517,135.13793103448276,178.13793103448276,1499068.24,REORDER
233,7,Grocery,173.375,495.6666666666667,140.20833333333334,192.91666666666666,1093552.41,REORDER
233,8,Grocery,202.5,447.77272727272725,115.63636363636364,182.22727272727272,1170818.55,REORDER
233,9,Grocery,154.5,574.1333333333333,145.9,180.5,1218124.35,REORDER
233,10,Grocery,191.16666666666666,489.27777777777777,142.83333333333334,191.77777777777777,904329.21,REORDER
234,1,Grocery,194.30769230769232,241.26923076923077,66.07692307692308,408.84615384615387,135242.04,REORDER
234,2,Grocery,156.53571428571428,219.0,62.964285714285715,377.0357142857143,117332.91,REORDER
234,3,Grocery,176.75,248.95833333333334,62.458333333333336,364.5416666666667,113558.34,REORDER
234,4,Grocery,169.14285714285714,294.9047619047619,68.19047619047619,375.4761904761905,95087.04000000001,REORDER
234,5,Grocery,173.56,268.04,76.64,370.32,116155.03,REORDER
234,6,Grocery,187.85185185185185,227.07407407407408,55.333333333333336,357.51851851851853,135777.44,REORDER
234,7,Grocery,180.86111111111111,266.80555555555554,66.36111111111111,387.52777777777777,174299.47,REORDER
234,8,Grocery,188.89473684210526,240.94736842105263,60.94736842105263,375.94736842105266,96077.53,REORDER
234,9,Grocery,173.31578947368422,238.26315789473685,54.05263157894737,418.6842105263158,88153.61,REORDER
234,10,Grocery,200.44827586206895,275.3448275862069,62.86206896551724,398.9655172413793,155614.01,REORDER
235,1,Electronics,183.27586206896552,115.34482758620689,36.758620689655174,108.62068965517241,869852.9,HEALTHY
235,2,Electronics,197.15384615384616,107.26923076923077,36.0,98.46153846153847,838921.16,HEALTHY
235,3,Electronics,175.32142857142858,129.71428571428572,37.607142857142854,109.71428571428571,803406.94,HEALTHY
235,4,Electronics,154.8148148148148,145.03703703703704,39.96296296296296,106.5925925925926,684098.8,HEALTHY
235,5,Electronics,199.04761904761904,116.95238095238095,35.523809523809526,99.23809523809524,684098.8,HEALTHY
235,6,Electronics,184.625,121.125,38.28125,106.71875,966903.28,HEALTHY
235,7,Electronics,187.66666666666666,119.88888888888889,36.0,112.77777777777777,276421.74,HEALTHY
235,8,Electronics,162.4375,114.875,31.4375,106.9375,425352.33999999997,HEALTHY
235,9,Electronics,169.66666666666666,116.75,38.0,109.33333333333333,333211.76,HEALTHY
235,10,Electronics,210.11111111111111,123.0,35.22222222222222,112.07407407407408,928443.18,HEALTHY
236,1,Furniture,239.11764705882354,117.70588235294117,41.705882352941174,104.41176470588235,758813.55,HEALTHY
236,2,Furniture,188.48,115.4,34.4,96.6,879589.04,HEALTHY
236,3,Furniture,188.21428571428572,113.0,34.0,106.14285714285714,983750.9,HEALTHY
236,4,Furniture,223.27272727272728,137.45454545454547,39.15151515151515,98.42424242424242,1375384.56,HEALTHY
236,5,Furniture,188.38888888888889,121.0,39.166666666666664,94.55555555555556,632997.97,HEALTHY
236,6,Furniture,175.0,133.25,41.65,99.3,653345.0,HEALTHY
236,7,Furniture,191.69565217391303,105.69565217391305,34.04347826086956,102.82608695652173,823028.03,HEALTHY
236,8,Furniture,139.91666666666666,94.54166666666667,35.041666666666664,98.70833333333333,626837.86,HEALTHY
236,9,Furniture,168.0,100.60606060606061,30.09090909090909,91.06060606060606,1034898.48,HEALTHY
236,10,Furniture,193.86363636363637,117.5,32.45454545454545,99.77272727272727,796147.55,HEALTHY
237,1,Office Supplies,177.04,282.2,69.76,144.24,1011031.18,REORDER
237,2,Office Supplies,185.52941176470588,302.97058823529414,76.8529411764706,144.94117647058823,1440936.44,REORDER
237,3,Office Supplies,168.0,322.9230769230769,85.15384615384616,147.1153846153846,997782.24,REORDER
237,4,Office Supplies,185.07692307692307,274.0,63.96153846153846,153.73076923076923,1099205.16,REORDER
237,5,Office Supplies,163.16666666666666,324.05555555555554,75.44444444444444,142.5,670898.91,REORDER
237,6,Office Supplies,206.5909090909091,275.40909090909093,79.36363636363636,153.8181818181818,1038214.35,REORDER
237,7,Office Supplies,177.13793103448276,271.0689655172414,71.10344827586206,142.41379310344828,1173444.91,REORDER
237,8,Office Supplies,177.7,278.2,81.4,137.85,811840.22,REORDER
237,9,Office Supplies,172.8108108108108,266.6756756756757,70.05405405405405,139.75675675675674,1460581.42,REORDER
237,10,Office Supplies,193.5,283.92857142857144,80.57142857142857,150.32142857142858,1237633.74,REORDER
238,1,Personal Care,138.8125,139.625,39.6875,93.4375,511629.56,REORDER
238,2,Personal Care,174.54166666666666,110.41666666666667,34.0,85.45833333333333,964978.04,HEALTHY
238,3,Personal Care,168.375,95.40625,33.6875,85.28125,1241179.68,HEALTHY
238,4,Personal Care,172.4516129032258,114.61290322580645,38.58064516129032,85.35483870967742,1231504.56,HEALTHY
238,5,Personal Care,169.95833333333334,108.54166666666667,37.041666666666664,80.70833333333333,939638.44,HEALTHY
238,6,Personal Care,169.45,105.8,36.75,91.35,780690.04,HEALTHY
238,7,Personal Care,189.88,113.72,35.4,86.24,1093518.92,HEALTHY
238,8,Personal Care,210.72,105.6,32.2,78.12,1213536.48,HEALTHY
238,9,Personal Care,210.33333333333334,106.19047619047619,37.523809523809526,87.61904761904762,1017500.12,HEALTHY
238,10,Personal Care,181.88,105.72,36.0,97.52,1047446.92,HEALTHY
239,1,Home Appliances,169.78571428571428,160.57142857142858,47.857142857142854,143.67857142857142,630998.42,HEALTHY
239,2,Home Appliances,169.94117647058823,148.1764705882353,34.35294117647059,108.82352941176471,383456.97,HEALTHY
239,3,Home Appliances,196.88888888888889,161.11111111111111,49.148148148148145,147.2962962962963,705592.68,HEALTHY
239,4,Home Appliances,193.47826086956522,160.2173913043478,48.43478260869565,137.52173913043478,590648.5,HEALTHY
239,5,Home Appliances,169.96296296296296,180.74074074074073,46.44444444444444,140.77777777777777,609097.97,REORDER
239,6,Home Appliances,204.0,174.6551724137931,52.10344827586207,145.44827586206895,785230.68,HEALTHY
239,7,Home Appliances,178.73684210526315,143.21052631578948,41.05263157894737,133.57894736842104,450751.08,HEALTHY
239,8,Home Appliances,176.59259259259258,180.44444444444446,47.148148148148145,141.74074074074073,632856.64,REORDER
239,9,Home Appliances,163.0,150.5,37.5,132.875,346159.84,HEALTHY
239,10,Home Appliances,193.58333333333334,192.0,52.458333333333336,149.625,616663.58,HEALTHY
240,1,Furniture,215.72727272727272,507.8636363636364,140.1818181818182,203.9090909090909,948013.5,REORDER
240,2,Furniture,185.4,631.4,127.0,239.48,925841.25,REORDER
240,3,Furniture,191.72,563.28,153.88,204.12,957401.75,REORDER
240,4,Furniture,192.7741935483871,537.0322580645161,139.80645161290323,210.48387096774192,1193706.0,REORDER
240,5,Furniture,184.33333333333334,619.0370370370371,147.40740740740742,219.11111111111111,994155.75,REORDER
240,6,Furniture,204.48,516.4,133.32,210.44,1021122.0,REORDER
240,7,Furniture,191.66666666666666,581.5555555555555,139.77777777777777,232.22222222222223,689137.5,REORDER
240,8,Furniture,185.93548387096774,622.2258064516129,163.25806451612902,221.6451612903226,1151359.0,REORDER
240,9,Furniture,162.70833333333334,560.7083333333334,134.08333333333334,203.45833333333334,780023.75,REORDER
240,10,Furniture,212.5,532.2083333333334,120.375,218.29166666666666,1018725.0,REORDER
241,1,Furniture,177.62962962962962,393.22222222222223,101.88888888888889,192.22222222222223,827405.92,REORDER
241,2,Furniture,176.07407407407408,354.4074074074074,100.14814814814815,208.11111111111111,820160.08,REORDER
241,3,Furniture,224.06666666666666,439.6666666666667,87.13333333333334,186.8,579839.72,REORDER
241,4,Furniture,179.1904761904762,387.04761904761904,110.47619047619048,200.57142857142858,649192.76,REORDER
241,5,Furniture,161.1304347826087,356.0,98.04347826086956,205.43478260869566,639359.12,REORDER
241,6,Furniture,180.53846153846155,396.96153846153845,99.1923076923077,197.92307692307693,809808.88,REORDER
241,7,Furniture,175.71428571428572,334.64285714285717,92.5,196.21428571428572,424399.2,REORDER
241,8,Furniture,176.28,386.2,99.36,187.28,760295.64,REORDER
241,9,Furniture,197.16666666666666,352.5833333333333,103.16666666666667,208.58333333333334,408182.32,REORDER
241,10,Furniture,200.27777777777777,316.22222222222223,86.25,194.55555555555554,1243869.2,REORDER
242,1,Grocery,195.28125,174.28125,53.34375,101.90625,1941376.83,HEALTHY
242,2,Grocery,217.28,166.56,45.64,111.04,1687559.44,HEALTHY
242,3,Grocery,186.0,203.125,57.916666666666664,104.79166666666667,1386830.88,REORDER
242,4,Grocery,170.95,198.2,53.6,100.3,1062180.73,REORDER
242,5,Grocery,164.47058823529412,166.64705882352942,43.294117647058826,99.11764705882354,868633.3200000001,REORDER
242,6,Grocery,160.24242424242425,198.3030303030303,52.42424242424242,100.63636363636364,1642822.96,REORDER
242,7,Grocery,171.89285714285714,157.07142857142858,51.142857142857146,106.60714285714286,1495254.71,HEALTHY
242,8,Grocery,195.95454545454547,157.0909090909091,47.13636363636363,102.77272727272727,1339298.37,HEALTHY
242,9,Grocery,181.0,174.1578947368421,51.36842105263158,98.89473684210526,1068394.13,HEALTHY
242,10,Grocery,186.16,189.88,59.64,101.88,1445858.18,REORDER
243,1,Electronics,180.33333333333334,112.86666666666666,33.4,89.6,512191.75,HEALTHY
243,2,Electronics,178.15625,92.1875,31.90625,90.53125,1079484.35,HEALTHY
243,3,Electronics,202.55555555555554,110.44444444444444,34.77777777777778,93.51851851851852,1035555.15,HEALTHY
243,4,Electronics,188.56666666666666,104.06666666666666,33.43333333333333,92.56666666666666,1071152.95,HEALTHY
243,5,Electronics,170.80769230769232,98.42307692307692,32.11538461538461,85.61538461538461,840903.35,HEALTHY
243,6,Electronics,189.26315789473685,101.63157894736842,33.526315789473685,89.21052631578948,680902.6,HEALTHY
243,7,Electronics,196.0,101.77777777777777,32.18518518518518,94.22222222222223,1002040.2,HEALTHY
243,8,Electronics,186.2,97.0,32.64,93.36,881424.25,HEALTHY
243,9,Electronics,182.67857142857142,86.17857142857143,29.785714285714285,91.03571428571429,968525.25,HEALTHY
243,10,Electronics,187.76,105.56,36.16,98.28,888808.9,HEALTHY
244,1,Electronics,183.55172413793105,239.72413793103448,70.24137931034483,168.82758620689654,845452.09,REORDER
244,2,Electronics,199.12,229.6,65.4,170.88,790655.74,REORDER
244,3,Electronics,185.66666666666666,235.88888888888889,60.22222222222222,166.22222222222223,796214.79,REORDER
244,4,Electronics,202.73076923076923,210.5,63.03846153846154,161.1153846153846,837192.93,REORDER
244,5,Electronics,219.0,270.06451612903226,69.54838709677419,159.06451612903226,1078296.8699999999,REORDER
244,6,Electronics,176.625,181.75,53.875,151.1875,448853.58,REORDER
244,7,Electronics,186.88888888888889,234.85185185185185,60.77777777777778,154.11111111111111,801456.1799999999,REORDER
244,8,Electronics,179.20833333333334,243.0,63.5,162.54166666666666,683127.83,REORDER
244,9,Electronics,169.86206896551724,223.3793103448276,58.6551724137931,155.68965517241378,782396.58,REORDER
244,10,Electronics,188.58064516129033,243.1290322580645,65.61290322580645,164.06451612903226,928520.1799999999,REORDER
245,1,Personal Care,195.32142857142858,205.35714285714286,58.392857142857146,144.5,800278.77,REORDER
245,2,Personal Care,177.7826086956522,180.0,45.56521739130435,150.91304347826087,598343.37,REORDER
245,3,Personal Care,216.6764705882353,193.88235294117646,53.088235294117645,145.61764705882354,1078013.11,HEALTHY
245,4,Personal Care,181.38888888888889,201.61111111111111,51.72222222222222,147.55555555555554,477767.45,REORDER
245,5,Personal Care,173.91666666666666,194.08333333333334,53.333333333333336,148.375,610781.42,REORDER
245,6,Personal Care,198.41935483870967,200.67741935483872,57.354838709677416,152.41935483870967,900075.83,REORDER
245,7,Personal Care,193.21052631578948,236.0,67.21052631578948,145.1578947368421,537177.43,REORDER
245,8,Personal Care,181.46666666666667,179.1,48.96666666666667,133.83333333333334,796620.52,HEALTHY
245,9,Personal Care,174.7826086956522,182.7826086956522,49.95652173913044,144.91304347826087,588246.6,REORDER
245,10,Personal Care,198.52173913043478,203.1304347826087,59.43478260869565,156.17391304347825,668142.78,REORDER
246,1,Grocery,168.30434782608697,148.56521739130434,45.78260869565217,125.78260869565217,788793.67,HEALTHY
246,2,Grocery,152.71794871794873,174.0,51.666666666666664,115.92307692307692,1213654.1199999999,REORDER
246,3,Grocery,176.45454545454547,178.1818181818182,51.81818181818182,116.9090909090909,791035.14,REORDER
246,4,Grocery,209.96296296296296,162.96296296296296,48.7037037037037,112.37037037037037,1155172.13,HEALTHY
246,5,Grocery,199.0,186.15384615384616,48.07692307692308,117.53846153846153,1054305.98,HEALTHY
246,6,Grocery,149.25641025641025,170.5897435897436,50.333333333333336,119.05128205128206,1186145.17,REORDER
246,7,Grocery,211.22727272727272,145.8181818181818,43.22727272727273,112.31818181818181,946919.1900000001,HEALTHY
246,8,Grocery,169.3,172.63333333333333,49.7,115.96666666666667,1034947.83,REORDER
246,9,Grocery,199.57692307692307,144.1153846153846,51.0,122.0,1057362.53,HEALTHY
246,10,Grocery,175.82608695652175,153.95652173913044,44.78260869565217,115.08695652173913,824045.88,HEALTHY
247,1,Furniture,178.6206896551724,327.9655172413793,83.55172413793103,143.55172413793105,1465732.8,REORDER
247,2,Furniture,169.48648648648648,342.35135135135135,91.29729729729729,140.8108108108108,1774442.16,REORDER
247,3,Furniture,187.52173913043478,290.3478260869565,85.04347826086956,130.30434782608697,1220406.48,REORDER
247,4,Furniture,182.82142857142858,323.64285714285717,81.64285714285714,147.67857142857142,1448472.24,REORDER
247,5,Furniture,188.45,363.05,80.85,142.35,1066476.24,REORDER
247,6,Furniture,178.9047619047619,293.3333333333333,79.19047619047619,138.04761904761904,1063080.72,REORDER
247,7,Furniture,189.66666666666666,267.4166666666667,90.86111111111111,142.75,1932050.88,REORDER
247,8,Furniture,191.34782608695653,332.30434782608694,89.78260869565217,146.2608695652174,1245306.96,REORDER
247,9,Furniture,185.9090909090909,293.1818181818182,71.45454545454545,137.72727272727272,1157306.4,REORDER
247,10,Furniture,195.79166666666666,305.75,81.83333333333333,124.33333333333333,1329629.04,REORDER
248,1,Office Supplies,182.4090909090909,380.3636363636364,100.18181818181819,185.5909090909091,771017.69,REORDER
248,2,Office Supplies,180.79310344827587,384.2413793103448,97.6896551724138,182.27586206896552,1007337.59,REORDER
248,3,Office Supplies,185.47826086956522,367.3478260869565,96.65217391304348,169.04347826086956,819626.58,REORDER
248,4,Office Supplies,181.6764705882353,380.3529411764706,96.55882352941177,172.2058823529412,1186787.01,REORDER
248,5,Office Supplies,178.03571428571428,393.39285714285717,99.21428571428571,186.57142857142858,957768.05,REORDER
248,6,Office Supplies,188.0,394.24,112.84,185.0,903011.0,REORDER
248,7,Office Supplies,206.72,322.04,84.8,158.28,992927.84,REORDER
248,8,Office Supplies,198.2941176470588,332.11764705882354,86.70588235294117,189.58823529411765,647670.23,REORDER
248,9,Office Supplies,186.4814814814815,356.81481481481484,100.0,186.7037037037037,967374.55,REORDER
248,10,Office Supplies,189.9655172413793,358.2068965517241,93.13793103448276,183.0344827586207,1058444.17,REORDER
249,1,Grocery,190.53333333333333,153.33333333333334,43.6,107.0,669600.82,HEALTHY
249,2,Grocery,177.75,136.07142857142858,39.892857142857146,90.5,1166061.33,HEALTHY
249,3,Grocery,190.34782608695653,115.30434782608695,36.26086956521739,94.56521739130434,1025721.62,HEALTHY
249,4,Grocery,157.33333333333334,112.33333333333333,37.266666666666666,95.66666666666667,552924.4,HEALTHY
249,5,Grocery,168.84615384615384,124.8076923076923,37.46153846153846,91.15384615384616,1028533.1,HEALTHY
249,6,Grocery,174.36111111111111,103.66666666666667,34.388888888888886,90.22222222222223,1470638.33,HEALTHY
249,7,Grocery,189.6818181818182,122.95454545454545,39.59090909090909,90.63636363636364,977692.17,HEALTHY
249,8,Grocery,149.45454545454547,121.22727272727273,38.36363636363637,99.22727272727273,770345.52,HEALTHY
249,9,Grocery,207.1153846153846,142.3846153846154,39.84615384615385,92.73076923076923,1261651.65,HEALTHY
249,10,Grocery,205.74074074074073,131.0,41.25925925925926,97.77777777777777,1301480.95,HEALTHY
250,1,Personal Care,210.13793103448276,144.31034482758622,42.275862068965516,98.24137931034483,1586572.9,HEALTHY
250,2,Personal Care,181.0,165.0,48.074074074074076,103.4074074074074,1272330.45,HEALTHY
250,3,Personal Care,186.375,147.65625,47.90625,102.96875,1552727.4,HEALTHY
250,4,Personal Care,202.0,159.52631578947367,41.31578947368421,101.3157894736842,999223.3,HEALTHY
250,5,Personal Care,176.27586206896552,157.31034482758622,44.62068965517241,101.96551724137932,1330909.2,HEALTHY
250,6,Personal Care,177.51612903225808,166.1290322580645,45.096774193548384,105.70967741935483,1432706.05,HEALTHY
250,7,Personal Care,174.4814814814815,156.2962962962963,50.370370370370374,101.74074074074075,1226508.85,HEALTHY
250,8,Personal Care,140.21428571428572,158.82142857142858,45.142857142857146,100.42857142857143,1022134.1,REORDER
250,9,Personal Care,170.33333333333334,146.55555555555554,46.407407407407405,95.44444444444444,1197349.6500000001,HEALTHY
250,10,Personal Care,176.8,146.2,43.2,96.04,1150747.0,HEALTHY
251,1,Personal Care,180.13513513513513,288.2432432432432,73.37837837837837,153.0810810810811,1239023.5,REORDER
251,2,Personal Care,187.43333333333334,296.9,67.63333333333334,160.3,1045315.7,REORDER
251,3,Personal Care,192.85714285714286,241.42857142857142,67.23809523809524,160.61904761904762,752895.0,REORDER
251,4,Personal Care,178.22727272727272,212.45454545454547,60.77272727272727,151.0,728913.9,REORDER
251,5,Personal Care,166.84,289.52,75.96,160.16,775388.9,REORDER
251,6,Personal Care,206.23809523809524,238.38095238095238,72.47619047619048,155.95238095238096,805132.9,REORDER
251,7,Personal Care,178.64285714285714,270.92857142857144,75.10714285714286,143.71428571428572,929871.8,REORDER
251,8,Personal Care,207.07692307692307,276.53846153846155,79.1923076923077,166.96153846153845,1000885.6,REORDER
251,9,Personal Care,169.0909090909091,268.77272727272725,76.13636363636364,160.77272727272728,691548.0,REORDER
251,10,Personal Care,171.70833333333334,246.58333333333334,64.41666666666667,157.58333333333334,766093.9,REORDER
252,1,Grocery,188.4,288.04,68.6,168.24,725198.7,REORDER
252,2,Grocery,189.38095238095238,260.8095238095238,58.76190476190476,170.0952380952381,612338.6900000001,REORDER
252,3,Grocery,185.52631578947367,262.63157894736844,72.26315789473684,171.05263157894737,542744.25,REORDER
252,4,Grocery,182.875,251.33333333333334,70.375,165.0,675774.33,REORDER
252,5,Grocery,189.57894736842104,265.5263157894737,77.21052631578948,170.47368421052633,554599.9400000001,REORDER
252,6,Grocery,157.31578947368422,285.8421052631579,80.42105263157895,155.8421052631579,460216.32999999996,REORDER
252,7,Grocery,196.85714285714286,252.04761904761904,68.9047619047619,161.9047619047619,636511.98,REORDER
252,8,Grocery,227.72727272727272,261.72727272727275,59.40909090909091,157.8181818181818,771389.7,REORDER
252,9,Grocery,175.38888888888889,296.1666666666667,74.44444444444444,175.72222222222223,486083.29,REORDER
252,10,Grocery,203.8148148148148,286.3333333333333,86.92592592592592,167.37037037037038,847296.91,REORDER
253,1,Personal Care,168.65217391304347,85.6086956521739,27.652173913043477,67.08695652173913,1194033.78,HEALTHY
253,2,Personal Care,193.3181818181818,80.18181818181819,29.272727272727273,56.77272727272727,1309158.46,HEALTHY
253,3,Personal Care,157.1875,86.125,29.125,57.8125,774167.3,HEALTHY
253,4,Personal Care,178.84,80.28,26.44,63.68,1376263.22,HEALTHY
253,5,Personal Care,189.63636363636363,86.31818181818181,30.454545454545453,65.95454545454545,1284225.04,HEALTHY
253,6,Personal Care,120.41379310344827,93.48275862068965,32.58620689655172,68.75862068965517,1074907.44,HEALTHY
253,7,Personal Care,185.45454545454547,66.27272727272727,26.181818181818183,57.0,1255905.6,OVERSTOCK
253,8,Personal Care,188.82142857142858,86.96428571428571,29.571428571428573,68.42857142857143,1627444.34,HEALTHY
253,9,Personal Care,191.92307692307693,83.3076923076923,31.653846153846153,63.76923076923077,1536021.8,HEALTHY
253,10,Personal Care,184.9375,75.875,29.21875,60.46875,1821678.76,HEALTHY
254,1,Grocery,171.05555555555554,323.1111111111111,72.72222222222223,187.44444444444446,464282.41,REORDER
254,2,Grocery,152.25,254.47222222222223,77.94444444444444,176.02777777777777,826479.99,REORDER
254,3,Grocery,188.30434782608697,281.4347826086956,66.26086956521739,190.52173913043478,653071.49,REORDER
254,4,Grocery,180.04347826086956,256.1304347826087,73.8695652173913,191.6086956521739,624421.39,REORDER
254,5,Grocery,183.41379310344828,317.48275862068965,77.82758620689656,185.0344827586207,802052.01,REORDER
254,6,Grocery,212.55555555555554,268.037037037037,78.37037037037037,177.8148148148148,865383.8099999999,REORDER
254,7,Grocery,167.0,342.96875,75.40625,190.4375,805821.76,REORDER
254,8,Grocery,189.6315789473684,293.94736842105266,84.6842105263158,176.52631578947367,543296.37,REORDER
254,9,Grocery,185.26923076923077,294.2692307692308,79.15384615384616,182.0,726355.43,REORDER
254,10,Grocery,186.76923076923077,306.11538461538464,82.8076923076923,168.23076923076923,732236.24,REORDER
255,1,Home Appliances,181.47826086956522,73.82608695652173,29.608695652173914,85.21739130434783,692800.52,HEALTHY
255,2,Home Appliances,180.47619047619048,83.0952380952381,32.095238095238095,82.52380952380952,629064.2,HEALTHY
255,3,Home Appliances,161.54545454545453,78.39393939393939,28.303030303030305,90.0,884839.38,HEALTHY
255,4,Home Appliances,198.53571428571428,79.07142857142857,26.892857142857142,93.57142857142857,922682.8200000001,HEALTHY
255,5,Home Appliances,175.92857142857142,81.78571428571429,30.285714285714285,81.85714285714286,817617.48,HEALTHY
255,6,Home Appliances,169.20689655172413,78.65517241379311,29.413793103448278,81.75862068965517,814463.86,HEALTHY
255,7,Home Appliances,184.80769230769232,92.8076923076923,29.384615384615383,94.88461538461539,797533.9,HEALTHY
255,8,Home Appliances,210.21428571428572,95.35714285714286,33.035714285714285,98.21428571428571,976958.28,HEALTHY
255,9,Home Appliances,151.125,85.0,29.5,89.625,401339.64,HEALTHY
255,10,Home Appliances,199.25,82.875,31.416666666666668,81.75,793716.36,HEALTHY
256,1,Grocery,153.19230769230768,178.03846153846155,53.11538461538461,97.38461538461539,1380906.1,REORDER
256,2,Grocery,178.125,213.70833333333334,53.666666666666664,91.41666666666667,1482142.5,REORDER
256,3,Grocery,163.6,181.24,55.92,105.16,1418003.0,REORDER
256,4,Grocery,198.84615384615384,184.76923076923077,57.30769230769231,105.76923076923077,896219.5,HEALTHY
256,5,Grocery,186.0,191.95652173913044,51.17391304347826,106.26086956521739,1483182.5999999999,REORDER
256,6,Grocery,152.96153846153845,209.30769230769232,57.38461538461539,95.88461538461539,1378825.9,REORDER
256,7,Grocery,200.46428571428572,210.25,57.357142857142854,98.67857142857143,1946027.1,REORDER
256,8,Grocery,177.85714285714286,168.85714285714286,51.857142857142854,93.23809523809524,1294924.5,HEALTHY
256,9,Grocery,166.27777777777777,204.61111111111111,55.666666666666664,98.88888888888889,1037673.1,REORDER
256,10,Grocery,154.42857142857142,218.5,56.07142857142857,99.07142857142857,1499130.8,REORDER
257,1,Grocery,204.36,66.08,26.56,336.64,41280.72,HEALTHY
257,2,Grocery,202.53571428571428,62.392857142857146,26.0,318.35714285714283,45821.68,HEALTHY
257,3,Grocery,214.53125,65.0,28.3125,332.625,55469.2,HEALTHY
257,4,Grocery,191.8125,64.59375,29.53125,325.40625,49595.04,HEALTHY
257,5,Grocery,184.65384615384616,74.46153846153847,27.346153846153847,367.96153846153845,38792.08,HEALTHY
257,6,Grocery,163.40740740740742,62.7037037037037,25.62962962962963,319.14814814814815,35648.96,HEALTHY
257,7,Grocery,125.0625,72.1875,26.375,337.6875,16168.08,HEALTHY
257,8,Grocery,194.05555555555554,52.0,22.88888888888889,307.6111111111111,28223.44,HEALTHY
257,9,Grocery,206.0,56.31818181818182,24.0,353.09090909090907,36618.56,HEALTHY
257,10,Grocery,186.2173913043478,60.34782608695652,25.956521739130434,313.0,34606.64,HEALTHY
258,1,Personal Care,192.0,141.86206896551724,36.86206896551724,173.10344827586206,397722.24,HEALTHY
258,2,Personal Care,178.52,126.88,37.72,173.44,318792.09,HEALTHY
258,3,Personal Care,148.83333333333334,150.45833333333334,44.416666666666664,181.25,255147.96,REORDER
258,4,Personal Care,192.60526315789474,129.55263157894737,39.05263157894737,174.44736842105263,522796.17,HEALTHY
258,5,Personal Care,205.64,122.92,41.52,190.28,367221.63,HEALTHY
258,6,Personal Care,172.1,130.55,40.2,158.4,245862.06,HEALTHY
258,7,Personal Care,187.3939393939394,131.27272727272728,40.78787878787879,174.63636363636363,441723.12,HEALTHY
258,8,Personal Care,156.41666666666666,134.54166666666666,41.458333333333336,173.04166666666666,268148.22,HEALTHY
258,9,Personal Care,198.17857142857142,111.0,33.892857142857146,167.75,396365.07,HEALTHY
258,10,Personal Care,196.4090909090909,130.27272727272728,40.90909090909091,170.27272727272728,308649.03,HEALTHY
259,1,Personal Care,168.44827586206895,419.17241379310343,110.48275862068965,215.13793103448276,680578.2,REORDER
259,2,Personal Care,174.2,387.54285714285714,94.22857142857143,212.82857142857142,849434.04,REORDER
259,3,Personal Care,170.86666666666667,416.53333333333336,109.5,232.63333333333333,714154.32,REORDER
259,4,Personal Care,193.03030303030303,357.6969696969697,99.48484848484848,226.75757575757575,887468.4,REORDER
259,5,Personal Care,163.25806451612902,419.2258064516129,102.12903225806451,236.41935483870967,705098.52,REORDER
259,6,Personal Care,167.82758620689654,417.6896551724138,98.86206896551724,224.20689655172413,678070.44,REORDER
259,7,Personal Care,175.21875,401.34375,107.78125,221.5,781167.24,REORDER
259,8,Personal Care,199.04761904761904,454.95238095238096,108.85714285714286,220.95238095238096,582357.6,REORDER
259,9,Personal Care,165.26315789473685,403.94736842105266,99.15789473684211,241.21052631578948,437464.8,REORDER
259,10,Personal Care,180.52173913043478,437.5217391304348,115.34782608695652,230.8695652173913,578456.64,REORDER
260,1,Electronics,165.97142857142856,78.14285714285714,30.8,60.8,1899252.55,HEALTHY
260,2,Electronics,177.05714285714285,79.28571428571429,30.685714285714287,55.885714285714286,2026109.15,HEALTHY
260,3,Electronics,196.03571428571428,63.714285714285715,23.75,59.07142857142857,1794628.55,OVERSTOCK
260,4,Electronics,175.51724137931035,80.75862068965517,28.448275862068964,58.241379310344826,1664175.5,HEALTHY
260,5,Electronics,183.20689655172413,74.6896551724138,30.96551724137931,62.724137931034484,1737085.35,HEALTHY
260,6,Electronics,166.59259259259258,73.14814814814815,29.666666666666668,60.44444444444444,1470621.1,HEALTHY
260,7,Electronics,185.70833333333334,87.70833333333333,31.291666666666668,61.291666666666664,1457216.15,HEALTHY
260,8,Electronics,147.4,94.8,32.1,65.05,963848.6,HEALTHY
260,9,Electronics,212.25,82.4375,27.5,57.375,1110322.2,OVERSTOCK
260,10,Electronics,194.0625,66.84375,25.40625,61.1875,2030359.5,OVERSTOCK
261,1,Electronics,213.17857142857142,398.07142857142856,105.67857142857143,482.7142857142857,190709.55,REORDER
261,2,Electronics,194.1304347826087,407.82608695652175,120.56521739130434,476.60869565217394,142656.75,REORDER
261,3,Electronics,189.84,419.16,105.56,486.64,151634.7,REORDER
261,4,Electronics,169.77777777777777,377.48148148148147,92.07407407407408,484.85185185185185,146458.8,REORDER
261,5,Electronics,165.86363636363637,362.95454545454544,91.22727272727273,467.45454545454544,116585.55,REORDER
261,6,Electronics,172.59259259259258,397.55555555555554,117.11111111111111,438.81481481481484,148887.0,REORDER
261,7,Electronics,182.76,414.4,109.84,455.24,145979.55,REORDER
261,8,Electronics,159.58333333333334,366.1666666666667,85.75,466.7083333333333,122368.5,REORDER
261,9,Electronics,188.3181818181818,477.5,118.9090909090909,459.5,132368.85,REORDER
261,10,Electronics,159.72,411.48,100.84,488.4,127576.35,REORDER
262,1,Home Appliances,154.77272727272728,90.31818181818181,32.5,345.8181818181818,38272.2,HEALTHY
262,2,Home Appliances,198.3793103448276,90.51724137931035,31.448275862068964,385.3103448275862,64663.72,HEALTHY
262,3,Home Appliances,159.3913043478261,86.0,31.82608695652174,342.5652173913044,41205.840000000004,HEALTHY
262,4,Home Appliances,198.1904761904762,95.9047619047619,34.38095238095238,403.57142857142856,46780.88,HEALTHY
262,5,Home Appliances,176.11764705882354,78.47058823529412,31.058823529411764,341.0,33652.56,HEALTHY
262,6,Home Appliances,192.5,93.81818181818181,32.90909090909091,329.72727272727275,47601.4,HEALTHY
262,7,Home Appliances,198.19230769230768,77.96153846153847,31.96153846153846,333.5,57919.72,HEALTHY
262,8,Home Appliances,215.46875,102.03125,33.40625,364.53125,77499.8,HEALTHY
262,9,Home Appliances,171.86206896551724,101.44827586206897,34.03448275862069,381.6896551724138,56020.16,HEALTHY
262,10,Home Appliances,163.3181818181818,73.27272727272727,28.954545454545453,309.09090909090907,40385.32,HEALTHY
263,1,Electronics,163.2173913043478,153.1304347826087,39.56521739130435,321.39130434782606,97679.08,HEALTHY
263,2,Electronics,179.69565217391303,149.0,42.869565217391305,299.0,107540.66,HEALTHY
263,3,Electronics,162.47826086956522,134.47826086956522,40.869565217391305,312.4782608695652,97236.74,HEALTHY
263,4,Electronics,190.0,136.77272727272728,41.72727272727273,268.09090909090907,108763.59999999999,HEALTHY
263,5,Electronics,182.45833333333334,141.70833333333334,42.0,293.9166666666667,113941.58,HEALTHY
263,6,Electronics,170.60714285714286,144.75,43.57142857142857,319.2857142857143,124297.54,HEALTHY
263,7,Electronics,189.6,113.55,37.0,285.45,98667.84,HEALTHY
263,8,Electronics,188.8095238095238,135.47619047619048,40.095238095238095,307.5238095238095,103169.3,HEALTHY
263,9,Electronics,166.6818181818182,154.77272727272728,43.5,300.04545454545456,95415.34,HEALTHY
263,10,Electronics,184.32142857142858,131.53571428571428,42.42857142857143,305.39285714285717,134289.22,HEALTHY
264,1,Grocery,200.05,295.7,81.7,402.25,153158.28,REORDER
264,2,Grocery,163.4,443.7142857142857,100.37142857142857,449.37142857142857,218923.32,REORDER
264,3,Grocery,160.07692307692307,391.7692307692308,98.61538461538461,447.03846153846155,159321.36,REORDER
264,4,Grocery,180.36,388.96,95.8,416.64,172604.52,REORDER
264,5,Grocery,167.5,340.8181818181818,97.5909090909091,441.77272727272725,141061.8,REORDER
264,6,Grocery,206.71428571428572,388.25,90.07142857142857,433.35714285714283,221564.63999999998,REORDER
264,7,Grocery,196.65217391304347,364.8695652173913,107.73913043478261,465.0,173140.44,REORDER
264,8,Grocery,164.0,421.57142857142856,120.23809523809524,435.04761904761904,131836.32,REORDER
264,9,Grocery,200.52380952380952,370.04761904761904,92.71428571428571,415.8095238095238,161197.08,REORDER
264,10,Grocery,171.82608695652175,412.30434782608694,109.73913043478261,399.2173913043478,151282.56,REORDER
265,1,Personal Care,209.05555555555554,214.11111111111111,59.333333333333336,373.5,78496.18,REORDER
265,2,Personal Care,152.12,212.4,53.0,424.2,79330.58,REORDER
265,3,Personal Care,177.55882352941177,182.76470588235293,45.88235294117647,372.2647058823529,125931.81999999999,REORDER
265,4,Personal Care,214.3846153846154,191.65384615384616,54.0,387.15384615384613,116273.64,HEALTHY
265,5,Personal Care,154.4,208.32,49.96,393.0,80519.6,REORDER
265,6,Personal Care,171.75757575757575,162.87878787878788,49.84848484848485,394.75757575757575,118234.48,HEALTHY
265,7,Personal Care,177.1290322580645,185.41935483870967,52.903225806451616,394.16129032258067,114542.26,REORDER
265,8,Personal Care,208.0625,168.125,47.9375,420.1875,69442.94,HEALTHY
265,9,Personal Care,162.58823529411765,180.52941176470588,53.1764705882353,382.2647058823529,115314.08,REORDER
265,10,Personal Care,161.0,179.03703703703704,51.851851851851855,367.6666666666667,90678.42,REORDER
266,1,Electronics,140.55555555555554,279.55555555555554,63.44444444444444,159.7037037037037,653081.55,REORDER
266,2,Electronics,175.89285714285714,293.39285714285717,75.85714285714286,162.71428571428572,847543.25,REORDER
266,3,Electronics,183.58823529411765,244.58823529411765,64.0,157.23529411764707,537092.89,REORDER
266,4,Electronics,168.66666666666666,224.625,65.25,171.875,696620.32,REORDER
266,5,Electronics,171.96153846153845,233.92307692307693,57.30769230769231,157.34615384615384,769414.39,REORDER
266,6,Electronics,177.84375,239.15625,66.15625,157.71875,979364.19,REORDER
266,7,Electronics,190.8181818181818,218.9090909090909,57.95454545454545,155.5909090909091,722433.8200000001,REORDER
266,8,Electronics,183.71428571428572,225.61904761904762,64.95238095238095,153.85714285714286,663923.22,REORDER
266,9,Electronics,201.30434782608697,278.2173913043478,72.21739130434783,155.8695652173913,796776.7,REORDER
266,10,Electronics,183.42857142857142,261.0357142857143,67.0,149.14285714285714,883854.24,REORDER
267,1,Electronics,155.47619047619048,368.6190476190476,97.23809523809524,179.95238095238096,674614.3,REORDER
267,2,Electronics,226.47826086956522,407.9130434782609,136.6086956521739,177.56521739130434,1076283.58,REORDER
267,3,Electronics,161.95454545454547,398.09090909090907,98.31818181818181,195.22727272727272,736187.06,REORDER
267,4,Electronics,200.95,342.95,77.0,181.2,830405.78,REORDER
267,5,Electronics,191.95454545454547,436.8181818181818,91.9090909090909,179.8181818181818,872556.26,REORDER
267,6,Electronics,211.1153846153846,357.0,101.03846153846153,182.03846153846155,1134137.18,REORDER
267,7,Electronics,138.08,386.36,105.24,182.6,713252.24,REORDER
267,8,Electronics,184.75,414.0416666666667,104.70833333333333,192.5,916153.08,REORDER
267,9,Electronics,186.26315789473685,358.57894736842104,84.63157894736842,173.68421052631578,731228.18,REORDER
267,10,Electronics,170.22727272727272,422.09090909090907,109.68181818181819,188.6818181818182,773791.9,REORDER
268,1,Home Appliances,182.65217391304347,80.43478260869566,28.043478260869566,117.0,423964.92,HEALTHY
268,2,Home Appliances,199.28571428571428,97.42857142857143,32.95238095238095,122.0952380952381,422350.2,HEALTHY
268,3,Home Appliances,187.96153846153845,91.6923076923077,34.53846153846154,124.11538461538461,493196.04000000004,HEALTHY
268,4,Home Appliances,138.11764705882354,86.23529411764706,29.058823529411764,106.23529411764706,236960.16,HEALTHY
268,5,Home Appliances,178.25925925925927,94.5925925925926,29.37037037037037,114.03703703703704,485727.96,HEALTHY
268,6,Home Appliances,172.42857142857142,109.33333333333333,33.95238095238095,122.38095238095238,365431.32,HEALTHY
268,7,Home Appliances,160.65384615384616,104.57692307692308,35.65384615384615,121.34615384615384,421542.84,HEALTHY
268,8,Home Appliances,154.2,83.15,31.95,108.85,311237.28,HEALTHY
268,9,Home Appliances,195.16666666666666,94.0,32.44444444444444,110.11111111111111,354531.96,HEALTHY
268,10,Home Appliances,189.6315789473684,107.26315789473684,33.21052631578947,131.94736842105263,363614.76,HEALTHY
269,1,Furniture,140.85714285714286,293.04761904761904,86.52380952380952,185.95238095238096,426573.18,REORDER
269,2,Furniture,174.6086956521739,312.39130434782606,79.0,200.91304347826087,579147.36,REORDER
269,3,Furniture,147.375,287.2083333333333,91.20833333333333,203.66666666666666,510070.77,REORDER
269,4,Furniture,168.0,336.88461538461536,74.26923076923077,186.3846153846154,629909.28,REORDER
269,5,Furniture,174.39285714285714,288.5,72.42857142857143,179.64285714285714,704177.4299999999,REORDER
269,6,Furniture,174.05714285714285,267.1142857142857,75.65714285714286,190.54285714285714,878527.3200000001,REORDER
269,7,Furniture,189.84,344.52,84.04,192.8,684420.66,REORDER
269,8,Furniture,174.1153846153846,302.5,81.38461538461539,186.6153846153846,652838.67,REORDER
269,9,Furniture,164.8095238095238,294.9047619047619,80.28571428571429,199.47619047619048,499110.81,REORDER
269,10,Furniture,186.875,261.7083333333333,76.95833333333333,197.45833333333334,646781.85,REORDER
270,1,Home Appliances,158.75,47.375,26.5,105.875,99974.4,HEALTHY
270,2,Home Appliances,193.67741935483872,54.483870967741936,24.483870967741936,117.51612903225806,236317.44,HEALTHY
270,3,Home Appliances,196.53571428571428,41.785714285714285,23.678571428571427,102.96428571428571,216598.08,HEALTHY
270,4,Home Appliances,205.8095238095238,41.04761904761905,22.047619047619047,99.95238095238095,170113.92,HEALTHY
270,5,Home Appliances,197.875,44.708333333333336,22.041666666666668,106.0,186920.63999999998,HEALTHY
270,6,Home Appliances,186.125,43.1875,23.0,108.25,117214.08,HEALTHY
270,7,Home Appliances,202.79166666666666,53.666666666666664,25.208333333333332,124.54166666666667,191565.12,HEALTHY
270,8,Home Appliances,160.65217391304347,40.65217391304348,20.043478260869566,112.69565217391305,145435.2,HEALTHY
270,9,Home Appliances,178.84848484848484,50.18181818181818,25.96969696969697,116.93939393939394,232302.72,HEALTHY
270,10,Home Appliances,175.96296296296296,54.0,24.703703703703702,125.77777777777777,186999.36000000002,HEALTHY
271,1,Grocery,198.24137931034483,211.6206896551724,58.724137931034484,179.44827586206895,707356.96,REORDER
271,2,Grocery,196.6086956521739,197.82608695652175,68.0,184.3913043478261,556386.88,REORDER
271,3,Grocery,180.68421052631578,228.02631578947367,57.421052631578945,181.6578947368421,844792.64,REORDER
271,4,Grocery,197.91304347826087,256.5652173913044,65.17391304347827,177.7391304347826,560078.08,REORDER
271,5,Grocery,168.2,213.28,56.72,165.12,517383.2,REORDER
271,6,Grocery,192.58064516129033,219.7741935483871,64.41935483870968,178.70967741935485,734548.8,REORDER
271,7,Grocery,188.77777777777777,226.55555555555554,63.27777777777778,182.11111111111111,418089.92,REORDER
271,8,Grocery,206.76,248.0,64.84,174.48,635993.76,REORDER
271,9,Grocery,214.96153846153845,240.84615384615384,67.65384615384616,184.42307692307693,687670.5599999999,REORDER
271,10,Grocery,170.55172413793105,229.31034482758622,62.62068965517241,181.06896551724137,608555.84,REORDER
272,1,Personal Care,195.08695652173913,157.3913043478261,44.130434782608695,118.69565217391305,837722.9,HEALTHY
272,2,Personal Care,188.57575757575756,155.42424242424244,47.121212121212125,109.87878787878788,1161834.1,HEALTHY
272,3,Personal Care,189.25925925925927,179.55555555555554,54.592592592592595,120.81481481481481,954037.0,HEALTHY
272,4,Personal Care,205.36363636363637,151.4090909090909,43.90909090909091,115.5,843510.6,HEALTHY
272,5,Personal Care,186.28,152.32,43.84,117.92,869461.9,HEALTHY
272,6,Personal Care,190.85714285714286,173.42857142857142,45.857142857142854,117.0,748293.6,HEALTHY
272,7,Personal Care,190.5,145.03846153846155,45.46153846153846,118.88461538461539,924725.1,HEALTHY
272,8,Personal Care,207.78947368421052,163.52631578947367,43.473684210526315,115.89473684210526,737091.6,HEALTHY
272,9,Personal Care,181.6315789473684,145.94736842105263,50.473684210526315,123.63157894736842,644301.7,HEALTHY
272,10,Personal Care,173.05882352941177,192.26470588235293,50.73529411764706,126.20588235294117,1098542.8,REORDER
273,1,Home Appliances,174.11428571428573,76.11428571428571,29.257142857142856,61.65714285714286,1574933.36,HEALTHY
273,2,Home Appliances,190.46428571428572,73.0,28.5,62.142857142857146,1378260.52,HEALTHY
273,3,Home Appliances,203.41176470588235,66.17647058823529,28.11764705882353,57.470588235294116,893685.52,OVERSTOCK
273,4,Home Appliances,197.35,66.8,26.9,56.75,1020062.6799999999,OVERSTOCK
273,5,Home Appliances,126.03703703703704,61.55555555555556,27.333333333333332,58.666666666666664,879471.32,HEALTHY
273,6,Home Appliances,217.27272727272728,69.15151515151516,29.03030303030303,54.878787878787875,1853014.8,OVERSTOCK
273,7,Home Appliances,160.75,61.05,25.95,56.15,830884.6,HEALTHY
273,8,Home Appliances,214.76,65.4,29.6,57.68,1387564.3599999999,OVERSTOCK
273,9,Home Appliances,163.28,67.72,27.52,59.4,1054952.08,HEALTHY
273,10,Home Appliances,179.5,63.05882352941177,25.058823529411764,62.35294117647059,1577259.32,HEALTHY
274,1,Electronics,192.17857142857142,142.21428571428572,42.17857142857143,536.0714285714286,49182.34,HEALTHY
274,2,Electronics,164.07692307692307,186.3846153846154,45.15384615384615,574.2307692307693,19495.62,REORDER
274,3,Electronics,173.5,181.89285714285714,45.107142857142854,520.7142857142857,44402.12,REORDER
274,4,Electronics,175.84615384615384,172.0,51.11538461538461,494.5769230769231,41788.08,HEALTHY
274,5,Electronics,186.83333333333334,182.75,48.75,560.0,40983.76,HEALTHY
274,6,Electronics,186.0,160.0,42.89473684210526,549.4736842105264,32300.760000000002,HEALTHY
274,7,Electronics,211.41176470588235,119.29411764705883,44.05882352941177,494.88235294117646,32849.16,HEALTHY
274,8,Electronics,158.1904761904762,199.42857142857142,52.04761904761905,488.7142857142857,30363.08,REORDER
274,9,Electronics,174.47619047619048,143.95238095238096,47.714285714285715,539.9047619047619,33488.96,HEALTHY
274,10,Electronics,205.4814814814815,180.7037037037037,52.48148148148148,570.8518518518518,50708.72,HEALTHY
275,1,Personal Care,170.44444444444446,121.94444444444444,37.22222222222222,99.58333333333333,1029743.52,HEALTHY
275,2,Personal Care,221.70833333333334,72.33333333333333,27.916666666666668,90.125,892970.22,HEALTHY
275,3,Personal Care,156.65217391304347,111.69565217391305,35.34782608695652,94.34782608695652,604655.46,HEALTHY
275,4,Personal Care,182.5,101.4090909090909,33.31818181818182,96.5,673797.3,HEALTHY
275,5,Personal Care,185.9,94.43333333333334,31.466666666666665,92.36666666666666,935932.14,HEALTHY
275,6,Personal Care,173.65384615384616,85.1923076923077,30.346153846153847,92.26923076923077,757707.3,HEALTHY
275,7,Personal Care,163.3125,98.90625,34.40625,93.09375,877027.32,HEALTHY
275,8,Personal Care,189.75,100.45833333333333,29.916666666666668,92.375,764252.28,HEALTHY
275,9,Personal Care,185.1304347826087,105.52173913043478,36.65217391304348,91.43478260869566,714577.56,HEALTHY
275,10,Personal Care,214.38095238095238,106.80952380952381,36.57142857142857,102.76190476190476,755525.64,HEALTHY
276,1,Personal Care,186.44444444444446,133.25925925925927,45.0,143.66666666666666,551575.38,HEALTHY
276,2,Personal Care,200.15,121.9,34.4,138.05,438608.71,HEALTHY
276,3,Personal Care,171.71428571428572,141.96428571428572,40.464285714285715,145.03571428571428,526812.56,HEALTHY
276,4,Personal Care,199.57894736842104,126.78947368421052,39.89473684210526,151.6315789473684,415489.44,HEALTHY
276,5,Personal Care,187.29166666666666,121.125,38.166666666666664,138.875,492517.15,HEALTHY
276,6,Personal Care,164.96153846153845,145.07692307692307,43.53846153846154,136.15384615384616,469945.73,HEALTHY
276,7,Personal Care,195.15384615384616,138.3846153846154,42.42307692307692,144.69230769230768,555958.18,HEALTHY
276,8,Personal Care,156.30434782608697,120.91304347826087,38.17391304347826,136.04347826086956,393904.15,HEALTHY
276,9,Personal Care,176.2608695652174,141.1304347826087,45.34782608695652,153.2608695652174,444196.78,HEALTHY
276,10,Personal Care,179.47368421052633,140.47368421052633,46.36842105263158,140.26315789473685,373633.7,HEALTHY
277,1,Electronics,187.1904761904762,95.57142857142857,32.142857142857146,65.04761904761905,1178002.77,HEALTHY
277,2,Electronics,173.63333333333333,82.03333333333333,30.733333333333334,64.0,1560981.03,HEALTHY
277,3,Electronics,147.6818181818182,90.95454545454545,30.227272727272727,68.4090909090909,973627.8300000001,HEALTHY
277,4,Electronics,190.5,81.71428571428571,29.071428571428573,59.5,1598439.78,HEALTHY
277,5,Electronics,183.79166666666666,79.41666666666667,31.375,74.375,1321844.3699999999,HEALTHY
277,6,Electronics,177.78947368421052,68.42105263157895,27.736842105263158,63.36842105263158,1012285.26,HEALTHY
277,7,Electronics,178.09677419354838,87.09677419354838,30.70967741935484,64.06451612903226,1654478.07,HEALTHY
277,8,Electronics,185.45,79.9,27.8,64.8,1111476.03,HEALTHY
277,9,Electronics,192.16666666666666,114.20833333333333,34.041666666666664,70.20833333333333,1382078.04,HEALTHY
277,10,Electronics,170.28571428571428,83.33333333333333,30.571428571428573,65.14285714285714,1071619.92,HEALTHY
278,1,Home Appliances,168.6551724137931,235.06896551724137,59.206896551724135,132.44827586206895,1236053.52,REORDER
278,2,Home Appliances,186.56756756756758,254.86486486486487,73.27027027027027,133.0,1744526.16,REORDER
278,3,Home Appliances,181.11764705882354,289.0,76.17647058823529,123.58823529411765,778124.88,REORDER
278,4,Home Appliances,193.0909090909091,297.8636363636364,79.04545454545455,125.81818181818181,1073554.56,REORDER
278,5,Home Appliances,185.78125,283.34375,68.53125,134.9375,1502420.4,REORDER
278,6,Home Appliances,178.27272727272728,280.6363636363636,78.4090909090909,133.95454545454547,991167.84,REORDER
278,7,Home Appliances,203.52380952380952,262.3809523809524,72.28571428571429,145.1904761904762,1080125.28,REORDER
278,8,Home Appliances,185.08333333333334,279.75,78.41666666666667,145.91666666666666,1683873.36,REORDER
278,9,Home Appliances,177.0,307.22727272727275,83.22727272727273,143.27272727272728,984091.6799999999,REORDER
278,10,Home Appliances,168.13888888888889,234.94444444444446,67.19444444444444,136.38888888888889,1529714.16,REORDER
279,1,Electronics,190.7826086956522,372.4782608695652,98.52173913043478,194.69565217391303,919198.24,REORDER
279,2,Electronics,133.03846153846155,418.03846153846155,106.26923076923077,188.8846153846154,724591.3200000001,REORDER
279,3,Electronics,156.76923076923077,386.46153846153845,103.5,191.73076923076923,853840.48,REORDER
279,4,Electronics,205.2258064516129,448.80645161290323,120.58064516129032,193.38709677419354,1332711.76,REORDER
279,5,Electronics,206.4814814814815,508.4074074074074,124.85185185185185,198.37037037037038,1167851.0,REORDER
279,6,Electronics,171.55172413793105,484.7241379310345,119.79310344827586,198.24137931034483,1042163.0,REORDER
279,7,Electronics,187.46666666666667,494.6333333333333,107.26666666666667,189.3,1178115.52,REORDER
279,8,Electronics,168.57894736842104,518.578947368421,124.84210526315789,185.26315789473685,670964.4400000001,REORDER
279,9,Electronics,171.68965517241378,451.2413793103448,113.0,196.24137931034483,1043000.92,REORDER
279,10,Electronics,154.26470588235293,416.61764705882354,109.79411764705883,198.73529411764707,1098722.6,REORDER
280,1,Furniture,181.16666666666666,78.06666666666666,28.4,97.8,558826.7,HEALTHY
280,2,Furniture,175.96428571428572,80.0,29.964285714285715,95.75,506594.14,HEALTHY
280,3,Furniture,184.0,89.14285714285714,30.857142857142858,107.85714285714286,397296.48,HEALTHY
280,4,Furniture,167.22727272727272,72.04545454545455,27.136363636363637,107.9090909090909,378274.77999999997,HEALTHY
280,5,Furniture,190.53333333333333,80.2,30.133333333333333,108.53333333333333,587719.12,HEALTHY
280,6,Furniture,184.0,81.95454545454545,28.454545454545453,108.0,416215.36,HEALTHY
280,7,Furniture,184.2608695652174,76.8695652173913,27.47826086956522,104.8695652173913,435751.16000000003,HEALTHY
280,8,Furniture,181.6,76.15,29.2,101.0,373442.24,HEALTHY
280,9,Furniture,175.70833333333334,67.16666666666667,28.041666666666668,99.5,433591.94,HEALTHY
280,10,Furniture,168.25925925925927,69.07407407407408,26.0,105.74074074074075,467111.26,HEALTHY
281,1,Personal Care,187.0,409.3888888888889,116.05555555555556,159.0,1074898.44,REORDER
281,2,Personal Care,172.22222222222223,366.48148148148147,115.44444444444444,145.59259259259258,1484931.0,REORDER
281,3,Personal Care,181.64,397.16,119.56,145.76,1450122.94,REORDER
281,4,Personal Care,204.53846153846155,460.2307692307692,106.42307692307692,145.26923076923077,1698250.12,REORDER
281,5,Personal Care,175.15,389.5,93.8,149.35,1118648.02,REORDER
281,6,Personal Care,183.23809523809524,379.3333333333333,103.04761904761905,156.85714285714286,1228820.3199999998,REORDER
281,7,Personal Care,139.875,378.28125,113.4375,153.4375,1429365.84,REORDER
281,8,Personal Care,165.8181818181818,403.54545454545456,92.13636363636364,154.95454545454547,1164952.32,REORDER
281,9,Personal Care,160.0,460.14285714285717,101.52380952380952,141.8095238095238,1072982.4,REORDER
281,10,Personal Care,206.07142857142858,378.75,98.71428571428571,142.0,1842591.8,REORDER
282,1,Office Supplies,178.82608695652175,241.91304347826087,62.73913043478261,392.5217391304348,96326.46,REORDER
282,2,Office Supplies,189.6315789473684,196.68421052631578,56.05263157894737,397.4736842105263,84382.26,REORDER
282,3,Office Supplies,198.4,238.23333333333332,59.03333333333333,406.46666666666664,139395.84,REORDER
282,4,Office Supplies,162.16,238.56,62.96,432.88,94944.68000000001,REORDER
282,5,Office Supplies,182.60714285714286,219.10714285714286,63.67857142857143,424.14285714285717,119746.46,REORDER
282,6,Office Supplies,157.54545454545453,211.63636363636363,57.81818181818182,393.09090909090907,81173.72,REORDER
282,7,Office Supplies,195.13793103448276,235.27586206896552,59.0,440.55172413793105,132533.78,REORDER
282,8,Office Supplies,163.3548387096774,236.7741935483871,60.83870967741935,444.4193548387097,118598.88,REORDER
282,9,Office Supplies,165.29166666666666,242.29166666666666,58.75,414.625,92907.14,REORDER
282,10,Office Supplies,150.44444444444446,224.55555555555554,60.925925925925924,392.25925925925924,95132.04,REORDER
283,1,Office Supplies,162.1818181818182,203.93939393939394,54.06060606060606,257.7878787878788,243194.88,REORDER
283,2,Office Supplies,224.17391304347825,202.17391304347825,53.65217391304348,277.6521739130435,234288.64,HEALTHY
283,3,Office Supplies,200.69230769230768,191.42307692307693,53.53846153846154,296.96153846153845,237105.92,HEALTHY
283,4,Office Supplies,154.88888888888889,198.05555555555554,54.05555555555556,290.44444444444446,126686.72,REORDER
283,5,Office Supplies,184.41666666666666,187.04166666666666,49.916666666666664,278.25,201117.44,REORDER
283,6,Office Supplies,155.875,183.75,54.875,279.5416666666667,169991.04,REORDER
283,7,Office Supplies,193.92,187.16,51.4,257.84,220293.12,HEALTHY
283,8,Office Supplies,186.15384615384616,151.69230769230768,41.46153846153846,247.07692307692307,109964.8,HEALTHY
283,9,Office Supplies,180.5,187.03333333333333,56.766666666666666,253.1,246057.6,REORDER
283,10,Office Supplies,194.72727272727272,209.5,56.45454545454545,265.6818181818182,194664.96,REORDER
284,1,Grocery,176.93939393939394,322.7878787878788,84.3030303030303,199.66666666666666,828787.66,REORDER
284,2,Grocery,188.5,315.42857142857144,73.39285714285714,202.78571428571428,749159.3200000001,REORDER
284,3,Grocery,182.02777777777777,318.1111111111111,86.80555555555556,190.0,930132.8200000001,REORDER
284,4,Grocery,193.91304347826087,329.9130434782609,95.17391304347827,207.7826086956522,633052.4,REORDER
284,5,Grocery,186.7391304347826,358.5652173913044,87.26086956521739,201.8695652173913,609632.3,REORDER
284,6,Grocery,195.22727272727272,308.72727272727275,75.63636363636364,188.3181818181818,609632.3,REORDER
284,7,Grocery,170.11764705882354,320.94117647058823,78.52941176470588,187.88235294117646,410490.48,REORDER
284,8,Grocery,189.83333333333334,334.375,85.33333333333333,188.33333333333334,646678.64,REORDER
284,9,Grocery,156.08333333333334,279.5,84.41666666666667,193.58333333333334,531707.24,REORDER
284,10,Grocery,164.24,305.52,84.28,205.52,582805.64,REORDER
285,1,Electronics,175.2,181.76,53.28,249.96,221452.8,REORDER
285,2,Electronics,175.53333333333333,176.4,52.43333333333333,259.3,266248.96,REORDER
285,3,Electronics,211.8,206.3,57.53333333333333,261.8333333333333,321258.24,HEALTHY
285,4,Electronics,207.1904761904762,180.52380952380952,53.42857142857143,241.04761904761904,219986.56,HEALTHY
285,5,Electronics,177.1875,205.1875,66.0,234.375,143337.6,REORDER
285,6,Electronics,196.33333333333334,180.8,53.2,255.03333333333333,297798.4,HEALTHY
285,7,Electronics,163.41666666666666,178.08333333333334,50.208333333333336,254.625,198296.32,REORDER
285,8,Electronics,179.8,201.65,56.5,270.3,181813.76,REORDER
285,9,Electronics,173.9047619047619,150.61904761904762,53.19047619047619,241.66666666666666,184645.12,HEALTHY
285,10,Electronics,175.9189189189189,173.0810810810811,50.24324324324324,266.2162162162162,329095.04,HEALTHY
286,1,Electronics,191.25806451612902,89.80645161290323,34.03225806451613,64.54838709677419,1986748.6099999999,HEALTHY
286,2,Electronics,209.3913043478261,111.65217391304348,30.782608695652176,65.47826086956522,1613793.44,HEALTHY
286,3,Electronics,155.64,94.96,33.4,61.96,1303835.19,HEALTHY
286,4,Electronics,201.6969696969697,91.39393939393939,28.666666666666668,64.42424242424242,2230359.04,HEALTHY
286,5,Electronics,247.9090909090909,104.68181818181819,34.72727272727273,61.54545454545455,1827580.86,OVERSTOCK
286,6,Electronics,161.65,85.85,30.8,66.4,1083345.97,HEALTHY
286,7,Electronics,191.46428571428572,89.0,32.07142857142857,63.607142857142854,1796417.49,HEALTHY
286,8,Electronics,209.375,89.28125,33.59375,68.90625,2245103.0,HEALTHY
286,9,Electronics,144.08333333333334,82.125,30.0,65.625,1158741.22,HEALTHY
286,10,Electronics,176.21052631578948,67.52631578947368,27.894736842105264,65.26315789473684,1121881.32,HEALTHY
287,1,Grocery,194.6153846153846,233.42307692307693,75.46153846153847,124.15384615384616,1421404.6,REORDER
287,2,Grocery,160.3684210526316,262.7894736842105,64.89473684210526,127.6842105263158,855932.77,REORDER
287,3,Grocery,185.6,258.85,71.55,119.15,1042737.92,REORDER
287,4,Grocery,202.86363636363637,270.1818181818182,78.0909090909091,121.81818181818181,1253701.33,REORDER
287,5,Grocery,193.0,254.66666666666666,71.96296296296296,126.14814814814815,1463822.01,REORDER
287,6,Grocery,181.16666666666666,297.1666666666667,74.83333333333333,119.33333333333333,916047.51,REORDER
287,7,Grocery,189.47058823529412,287.2647058823529,69.08823529411765,128.0,1809622.22,REORDER
287,8,Grocery,157.1304347826087,241.43478260869566,60.82608695652174,125.82608695652173,1015208.74,REORDER
287,9,Grocery,199.94444444444446,303.8333333333333,75.16666666666667,126.33333333333333,1010995.09,REORDER
287,10,Grocery,202.36363636363637,250.5151515151515,62.333333333333336,123.54545454545455,1875916.98,REORDER
288,1,Grocery,199.2,198.24,54.92,190.12,480918.6,HEALTHY
288,2,Grocery,191.88235294117646,255.88235294117646,65.05882352941177,216.41176470588235,315011.34,REORDER
288,3,Grocery,193.5185185185185,244.44444444444446,59.03703703703704,189.8148148148148,504578.25,REORDER
288,4,Grocery,168.4,214.5,63.833333333333336,208.96666666666667,487871.64,REORDER
288,5,Grocery,172.4,232.53333333333333,66.0,215.33333333333334,249730.02,REORDER
288,6,Grocery,167.04166666666666,249.29166666666666,66.625,198.04166666666666,387149.13,REORDER
288,7,Grocery,183.52941176470588,220.94117647058823,62.6764705882353,218.5,602596.8,REORDER
288,8,Grocery,174.92307692307693,207.1153846153846,62.11538461538461,206.5,439200.36,REORDER
288,9,Grocery,198.36,206.76,59.12,201.16,478890.63,REORDER
288,10,Grocery,219.90322580645162,259.5483870967742,71.87096774193549,209.4516129032258,658317.69,REORDER
289,1,Grocery,167.21428571428572,323.07142857142856,80.89285714285714,161.85714285714286,979895.78,REORDER
289,2,Grocery,198.6315789473684,311.7894736842105,78.6842105263158,155.47368421052633,789860.46,REORDER
289,3,Grocery,166.63636363636363,329.030303030303,86.06060606060606,159.6060606060606,1150885.71,REORDER
289,4,Grocery,183.25,290.95,67.9,143.2,767047.85,REORDER
289,5,Grocery,173.36,306.68,72.44,141.96,907062.86,REORDER
289,6,Grocery,198.125,292.75,82.58333333333333,141.375,995173.95,REORDER
289,7,Grocery,182.28571428571428,316.85714285714283,92.14285714285714,165.76190476190476,801162.12,REORDER
289,8,Grocery,176.16666666666666,292.3333333333333,84.38888888888889,169.11111111111111,663658.59,REORDER
289,9,Grocery,182.41176470588235,276.9117647058824,67.73529411764706,161.73529411764707,1298016.58,REORDER
289,10,Grocery,193.08,299.12,83.72,160.88,1010242.83,REORDER
290,1,Personal Care,179.6818181818182,140.9090909090909,41.63636363636363,78.04545454545455,1359673.88,HEALTHY
290,2,Personal Care,151.9375,133.0,46.0625,79.0,836166.76,HEALTHY
290,3,Personal Care,151.3913043478261,145.43478260869566,42.08695652173913,73.43478260869566,1197668.72,HEALTHY
290,4,Personal Care,230.4090909090909,130.77272727272728,41.63636363636363,86.68181818181819,1743533.24,HEALTHY
290,5,Personal Care,187.26470588235293,132.14705882352942,37.029411764705884,76.88235294117646,2189993.32,HEALTHY
290,6,Personal Care,185.9,142.8,44.7,83.75,1278843.28,HEALTHY
290,7,Personal Care,189.04347826086956,113.82608695652173,39.04347826086956,78.04347826086956,1495538.08,HEALTHY
290,8,Personal Care,183.0,131.04347826086956,39.608695652173914,74.26086956521739,1447727.6400000001,HEALTHY
290,9,Personal Care,198.79310344827587,133.13793103448276,40.827586206896555,80.82758620689656,1982929.4,HEALTHY
290,10,Personal Care,159.84,161.52,49.0,81.92,1374464.16,REORDER
291,1,Furniture,196.45454545454547,126.95454545454545,38.77272727272727,88.0,1341548.8,HEALTHY
291,2,Furniture,148.93333333333334,92.86666666666666,29.4,79.86666666666666,693433.6,HEALTHY
291,3,Furniture,183.15384615384616,113.1923076923077,33.69230769230769,81.46153846153847,1478124.8,HEALTHY
291,4,Furniture,192.11111111111111,134.0,40.333333333333336,77.29629629629629,1610044.8,HEALTHY
291,5,Furniture,184.75,151.6875,42.53125,84.96875,1835084.8,HEALTHY
291,6,Furniture,180.61904761904762,142.42857142857142,45.76190476190476,81.80952380952381,1177347.2,HEALTHY
291,7,Furniture,159.44444444444446,151.72222222222223,44.5,75.61111111111111,890848.0,HEALTHY
291,8,Furniture,204.04,120.12,38.84,86.88,1583350.4,HEALTHY
291,9,Furniture,232.75,121.35,40.9,77.25,1444912.0,HEALTHY
291,10,Furniture,202.8181818181818,128.86363636363637,35.68181818181818,78.45454545454545,1385004.8,HEALTHY
292,1,Electronics,208.05,372.75,92.1,177.15,888248.67,REORDER
292,2,Electronics,178.45,357.3,96.35,172.75,761874.43,REORDER
292,3,Electronics,205.27777777777777,382.44444444444446,86.55555555555556,155.33333333333334,788771.65,REORDER
292,4,Electronics,168.91176470588235,312.7647058823529,85.61764705882354,172.47058823529412,1225958.21,REORDER
292,5,Electronics,149.28,309.48,89.04,160.92,796670.04,REORDER
292,6,Electronics,199.42307692307693,296.1923076923077,86.92307692307692,174.57692307692307,1106841.95,REORDER
292,7,Electronics,186.56,313.96,97.52,175.12,995624.08,REORDER
292,8,Electronics,191.45833333333334,323.25,87.375,161.25,980894.65,REORDER
292,9,Electronics,164.83333333333334,347.0,96.3,163.73333333333332,1055609.15,REORDER
292,10,Electronics,170.14705882352942,373.8235294117647,94.23529411764706,172.08823529411765,1234923.95,REORDER
293,1,Personal Care,198.0,314.2,77.66666666666667,129.73333333333332,941697.9,REORDER
293,2,Personal Care,170.92857142857142,291.35714285714283,80.14285714285714,126.96428571428571,1517497.02,REORDER
293,3,Personal Care,174.825,276.95,70.5,126.2,2217270.51,REORDER
293,4,Personal Care,178.47826086956522,302.6521739130435,89.08695652173913,123.56521739130434,1301572.35,REORDER
293,5,Personal Care,200.72,295.52,74.04,122.6,1591057.26,REORDER
293,6,Personal Care,155.22727272727272,287.8636363636364,78.45454545454545,128.72727272727272,1082794.05,REORDER
293,7,Personal Care,180.84375,323.25,78.625,126.21875,1834884.09,REORDER
293,8,Personal Care,178.56666666666666,273.1,78.83333333333333,121.4,1698543.99,REORDER
293,9,Personal Care,190.625,332.78125,80.8125,124.15625,1934127.0,REORDER
293,10,Personal Care,176.6315789473684,288.8421052631579,85.78947368421052,134.73684210526315,1064086.92,REORDER
294,1,Grocery,162.54166666666666,575.1666666666666,141.54166666666666,167.41666666666666,1350916.3,REORDER
294,2,Grocery,188.72727272727272,628.0,133.13636363636363,173.6818181818182,1437837.6,REORDER
294,3,Grocery,179.66666666666666,626.875,137.83333333333334,175.5,1493245.6,REORDER
294,4,Grocery,164.28,536.4,156.8,168.04,1422254.1,REORDER
294,5,Grocery,159.28,510.2,146.32,179.84,1378966.6,REORDER
294,6,Grocery,186.27777777777777,641.5555555555555,163.25,178.72222222222223,2322287.8,REORDER
294,7,Grocery,185.17241379310346,659.5862068965517,162.06896551724137,167.20689655172413,1859631.0,REORDER
294,8,Grocery,161.77272727272728,528.0454545454545,136.86363636363637,167.63636363636363,1232481.7,REORDER
294,9,Grocery,182.95833333333334,604.2916666666666,151.125,173.41666666666666,1520603.3,REORDER
294,10,Grocery,173.7037037037037,585.7037037037037,152.14814814814815,184.33333333333334,1624147.0,REORDER
295,1,Electronics,189.9047619047619,85.47619047619048,31.857142857142858,64.9047619047619,1045773.24,HEALTHY
295,2,Electronics,181.2,97.0,32.0,68.2,1187901.9,HEALTHY
295,3,Electronics,193.42105263157896,79.42105263157895,27.42105263157895,65.6842105263158,963695.25,HEALTHY
295,4,Electronics,182.93333333333334,86.33333333333333,31.3,67.4,1439118.24,HEALTHY
295,5,Electronics,191.54545454545453,82.27272727272727,29.272727272727273,79.5909090909091,1105037.22,HEALTHY
295,6,Electronics,208.16666666666666,93.55555555555556,31.88888888888889,76.27777777777777,982575.81,HEALTHY
295,7,Electronics,168.64705882352942,108.82352941176471,29.88235294117647,69.11764705882354,751813.41,HEALTHY
295,8,Electronics,200.14814814814815,83.11111111111111,26.62962962962963,68.4074074074074,1417090.92,HEALTHY
295,9,Electronics,181.56,87.4,33.44,65.0,1190261.97,HEALTHY
295,10,Electronics,198.91304347826087,106.91304347826087,35.26086956521739,79.26086956521739,1199702.25,HEALTHY
296,1,Personal Care,150.1904761904762,247.0952380952381,64.14285714285714,383.04761904761904,95345.42,REORDER
296,2,Personal Care,165.26923076923077,253.6153846153846,74.3076923076923,385.7692307692308,129898.31,REORDER
296,3,Personal Care,205.2608695652174,263.04347826086956,72.17391304347827,401.8695652173913,142715.83000000002,REORDER
296,4,Personal Care,179.69444444444446,227.27777777777777,55.361111111111114,389.6111111111111,195557.87,REORDER
296,5,Personal Care,174.0,210.73684210526315,59.68421052631579,352.7368421052632,99940.38,REORDER
296,6,Personal Care,154.54545454545453,250.36363636363637,57.36363636363637,406.1818181818182,51391.0,REORDER
296,7,Personal Care,179.6086956521739,190.65217391304347,52.91304347826087,347.9130434782609,124880.13,REORDER
296,8,Personal Care,166.41666666666666,208.625,63.333333333333336,374.4583333333333,120738.62,REORDER
296,9,Personal Care,196.7,225.15,68.3,386.95,118924.82,REORDER
296,10,Personal Care,159.4,241.16666666666666,63.333333333333336,382.93333333333334,144559.86000000002,REORDER
297,1,Furniture,178.8235294117647,334.8235294117647,89.47058823529412,199.8235294117647,441833.6,REORDER
297,2,Furniture,171.43478260869566,367.39130434782606,100.8695652173913,208.91304347826087,573075.62,REORDER
297,3,Furniture,170.71428571428572,343.39285714285717,84.85714285714286,206.96428571428572,694725.2,REORDER
297,4,Furniture,190.6315789473684,295.7894736842105,85.47368421052632,213.8421052631579,1052842.96,REORDER
297,5,Furniture,171.35714285714286,336.9642857142857,88.82142857142857,181.07142857142858,697341.32,REORDER
297,6,Furniture,161.61904761904762,293.9047619047619,80.33333333333333,191.95238095238096,493283.96,REORDER
297,7,Furniture,175.03125,365.0625,89.25,199.0,814049.34,REORDER
297,8,Furniture,159.82608695652175,289.82608695652175,81.47826086956522,195.17391304347825,534269.84,REORDER
297,9,Furniture,172.34782608695653,306.7391304347826,86.65217391304348,192.82608695652175,576127.76,REORDER
297,10,Furniture,200.42857142857142,302.0,87.42857142857143,203.57142857142858,407824.04,REORDER
298,1,Personal Care,180.20689655172413,272.17241379310343,66.03448275862068,126.24137931034483,1539266.04,REORDER
298,2,Personal Care,184.14814814814815,250.74074074074073,64.22222222222223,114.4074074074074,1464452.8800000001,REORDER
298,3,Personal Care,170.0909090909091,273.3636363636364,65.5,124.27272727272727,1102168.68,REORDER
298,4,Personal Care,190.48275862068965,273.7241379310345,70.51724137931035,122.44827586206897,1627038.96,REORDER
298,5,Personal Care,190.16666666666666,247.0,71.04166666666667,122.75,1344280.56,REORDER
298,6,Personal Care,175.76190476190476,254.66666666666666,65.0952380952381,131.28571428571428,1087147.1400000001,REORDER
298,7,Personal Care,178.3125,292.25,68.625,123.25,1680645.24,REORDER
298,8,Personal Care,185.8695652173913,248.34782608695653,72.82608695652173,131.65217391304347,1259158.5,REORDER
298,9,Personal Care,235.33333333333334,246.83333333333334,68.25,103.25,831780.96,REORDER
298,10,Personal Care,199.42307692307693,244.15384615384616,63.19230769230769,124.84615384615384,1527189.9,REORDER
299,1,Furniture,173.07142857142858,345.14285714285717,100.35714285714286,288.7142857142857,210437.55,REORDER
299,2,Furniture,166.61904761904762,374.7142857142857,88.19047619047619,270.42857142857144,303888.15,REORDER
299,3,Furniture,186.30434782608697,416.0869565217391,109.26086956521739,318.4782608695652,372152.25,REORDER
299,4,Furniture,205.95,372.65,91.45,277.8,357735.15,REORDER
299,5,Furniture,174.57142857142858,435.04761904761904,114.71428571428571,302.3333333333333,318392.1,REORDER
299,6,Furniture,187.0,500.75,114.95,291.05,324819.0,REORDER
299,7,Furniture,204.24,415.68,111.52,298.72,443456.1,REORDER
299,8,Furniture,172.3913043478261,410.30434782608694,109.65217391304348,297.30434782608694,344360.25,REORDER
299,9,Furniture,147.7058823529412,373.6470588235294,106.58823529411765,240.1764705882353,218080.35,REORDER
299,10,Furniture,155.22727272727272,370.90909090909093,104.5909090909091,295.1818181818182,296592.75,REORDER
300,1,Grocery,174.44444444444446,140.33333333333334,43.925925925925924,89.66666666666667,1375696.8,HEALTHY
300,2,Grocery,166.91666666666666,148.83333333333334,47.5,92.20833333333333,1170072.48,HEALTHY
300,3,Grocery,182.9375,140.6875,45.65625,94.90625,1709836.32,HEALTHY
300,4,Grocery,182.1153846153846,158.23076923076923,40.34615384615385,92.73076923076923,1382998.8,HEALTHY
300,5,Grocery,167.62962962962962,133.40740740740742,40.25925925925926,89.14814814814815,1321954.08,HEALTHY
300,6,Grocery,171.35714285714286,143.0,38.285714285714285,96.71428571428571,1401399.84,HEALTHY
300,7,Grocery,167.92592592592592,125.66666666666667,42.407407407407405,86.22222222222223,1324290.72,HEALTHY
300,8,Grocery,181.5,158.875,44.5625,94.34375,1696400.64,HEALTHY
300,9,Grocery,191.65,144.7,38.6,90.0,1119542.6400000001,HEALTHY
300,10,Grocery,235.6315789473684,139.89473684210526,44.94736842105263,83.21052631578948,1307642.16,HEALTHY
301,1,Furniture,183.0,214.73076923076923,63.23076923076923,295.7307692307692,233903.28,REORDER
301,2,Furniture,184.96774193548387,217.80645161290323,59.483870967741936,287.0967741935484,281883.44,REORDER
301,3,Furniture,169.6315789473684,212.89473684210526,55.89473684210526,274.6842105263158,158442.68,REORDER
301,4,Furniture,152.42307692307693,205.30769230769232,61.53846153846154,274.0769230769231,194821.08000000002,REORDER
301,5,Furniture,168.0,192.2,65.77142857142857,273.8285714285714,289060.8,REORDER
301,6,Furniture,188.51612903225808,247.16129032258064,61.096774193548384,278.83870967741933,287291.04,REORDER
301,7,Furniture,191.5,211.85,57.25,270.85,188282.8,REORDER
301,8,Furniture,191.85714285714286,250.96428571428572,60.464285714285715,271.85714285714283,264087.52,REORDER
301,9,Furniture,168.72727272727272,259.3636363636364,63.878787878787875,291.7878787878788,273722.88,REORDER
301,10,Furniture,159.0909090909091,238.45454545454547,62.63636363636363,281.90909090909093,172060.0,REORDER
302,1,Electronics,185.84,211.04,66.6,411.72,111782.76,REORDER
302,2,Electronics,192.48,221.48,64.16,424.4,115776.72,REORDER
302,3,Electronics,170.52380952380952,195.8095238095238,62.666666666666664,372.7142857142857,86158.86,REORDER
302,4,Electronics,188.95833333333334,217.375,60.333333333333336,377.8333333333333,109112.1,REORDER
302,5,Electronics,176.52,230.32,61.84,382.0,106176.78,REORDER
302,6,Electronics,179.6206896551724,236.93103448275863,65.51724137931035,390.51724137931035,125328.54,REORDER
302,7,Electronics,165.68421052631578,197.57894736842104,64.42105263157895,388.2631578947368,75740.88,REORDER
302,8,Electronics,191.15384615384616,205.80769230769232,55.88461538461539,389.2307692307692,119578.2,REORDER
302,9,Electronics,170.125,255.875,72.375,436.5833333333333,98236.98,REORDER
302,10,Electronics,163.37037037037038,251.74074074074073,60.0,392.6296296296296,106128.66,REORDER
303,1,Grocery,176.44444444444446,329.22222222222223,84.22222222222223,191.88888888888889,663911.04,REORDER
303,2,Grocery,203.61904761904762,334.95238095238096,80.0952380952381,206.66666666666666,595903.36,REORDER
303,3,Grocery,221.52173913043478,330.95652173913044,91.0,209.7826086956522,710039.2,REORDER
303,4,Grocery,174.45454545454547,306.1363636363636,85.5,206.54545454545453,534863.68,REORDER
303,5,Grocery,180.5,330.6111111111111,83.88888888888889,195.55555555555554,452780.64,REORDER
303,6,Grocery,159.0,348.1923076923077,87.0,191.0,576114.24,REORDER
303,7,Grocery,173.45,325.7,104.35,216.45,483439.83999999997,REORDER
303,8,Grocery,154.10526315789474,335.05263157894734,88.26315789473684,190.78947368421052,408046.08,REORDER
303,9,Grocery,189.14285714285714,326.17857142857144,99.67857142857143,208.21428571428572,738050.56,REORDER
303,10,Grocery,157.64,323.48,80.96,199.64,549217.76,REORDER
304,1,Electronics,186.0,167.19230769230768,45.80769230769231,376.15384615384613,99428.16,HEALTHY
304,2,Electronics,196.55555555555554,190.74074074074073,52.44444444444444,346.22222222222223,109111.92,HEALTHY
304,3,Electronics,164.3125,196.96875,55.71875,379.84375,108104.48,REORDER
304,4,Electronics,190.22222222222223,191.92592592592592,53.888888888888886,406.81481481481484,105596.16,REORDER
304,5,Electronics,215.77777777777777,196.75,52.361111111111114,398.1111111111111,159710.08,HEALTHY
304,6,Electronics,195.28947368421052,193.89473684210526,51.81578947368421,376.13157894736844,152575.76,HEALTHY
304,7,Electronics,174.19354838709677,212.19354838709677,60.67741935483871,413.35483870967744,111024.0,REORDER
304,8,Electronics,177.75,178.45833333333334,50.583333333333336,373.75,87708.96,REORDER
304,9,Electronics,189.71428571428572,157.57142857142858,49.892857142857146,387.75,109214.72,HEALTHY
304,10,Electronics,182.17857142857142,173.17857142857142,54.607142857142854,422.92857142857144,104876.56,HEALTHY
305,1,Office Supplies,185.8,196.2,55.8,93.96,1557886.55,REORDER
305,2,Office Supplies,175.80769230769232,189.15384615384616,51.5,95.5,1533067.69,REORDER
305,3,Office Supplies,162.92,166.8,50.44,91.16,1366043.47,REORDER
305,4,Office Supplies,161.61904761904762,160.71428571428572,53.38095238095238,101.0,1138313.66,HEALTHY
305,5,Office Supplies,197.57142857142858,192.85714285714286,45.857142857142854,90.14285714285714,1391533.11,HEALTHY
305,6,Office Supplies,174.6,192.6,56.95,92.7,1171181.88,REORDER
305,7,Office Supplies,211.22222222222223,185.33333333333334,52.77777777777778,97.66666666666667,1275152.78,HEALTHY
305,8,Office Supplies,181.4375,242.3125,61.3125,99.9375,973637.1699999999,REORDER
305,9,Office Supplies,159.05882352941177,143.11764705882354,44.294117647058826,84.70588235294117,906894.5599999999,HEALTHY
305,10,Office Supplies,154.0,149.0909090909091,44.13636363636363,93.0,1136301.32,HEALTHY
306,1,Home Appliances,162.63888888888889,180.72222222222223,47.611111111111114,99.77777777777777,1701228.8,REORDER
306,2,Home Appliances,233.42307692307693,162.80769230769232,40.53846153846154,101.96153846153847,1763408.64,HEALTHY
306,3,Home Appliances,200.04545454545453,156.5,47.0,106.22727272727273,1278754.56,HEALTHY
306,4,Home Appliances,185.2173913043478,170.91304347826087,48.0,98.26086956521739,1237785.5999999999,HEALTHY
306,5,Home Appliances,214.96428571428572,167.17857142857142,47.785714285714285,100.07142857142857,1748880.6400000001,HEALTHY
306,6,Home Appliances,170.52941176470588,213.35294117647058,49.411764705882355,110.94117647058823,842333.4400000001,REORDER
306,7,Home Appliances,222.6086956521739,199.0,54.34782608695652,93.56521739130434,1487667.2,HEALTHY
306,8,Home Appliances,143.20833333333334,145.79166666666666,49.5,103.375,998654.72,REORDER
306,9,Home Appliances,166.52631578947367,192.21052631578948,59.05263157894737,99.89473684210526,919331.84,REORDER
306,10,Home Appliances,208.66666666666666,183.38888888888889,54.833333333333336,91.11111111111111,1091343.36,HEALTHY
307,1,Furniture,190.42857142857142,93.04761904761905,29.523809523809526,71.42857142857143,1127158.14,HEALTHY
307,2,Furniture,182.88888888888889,97.85185185185185,32.18518518518518,70.33333333333333,1391824.68,HEALTHY
307,3,Furniture,170.6,93.86666666666666,32.03333333333333,70.23333333333333,1442559.48,HEALTHY
307,4,Furniture,162.09375,104.78125,36.78125,79.1875,1462007.82,HEALTHY
307,5,Furniture,203.0,94.4,30.92,69.28,1430439.5,HEALTHY
307,6,Furniture,198.55555555555554,74.03703703703704,24.814814814814813,62.888888888888886,1511051.46,HEALTHY
307,7,Furniture,189.38095238095238,98.04761904761905,32.0,76.95238095238095,1120957.22,HEALTHY
307,8,Furniture,190.0,97.48275862068965,34.03448275862069,72.93103448275862,1553048.5999999999,HEALTHY
307,9,Furniture,192.84615384615384,87.38461538461539,32.23076923076923,74.0,706623.02,HEALTHY
307,10,Furniture,172.29032258064515,87.25806451612904,28.93548387096774,71.12903225806451,1505414.26,HEALTHY
308,1,Home Appliances,161.875,96.1875,30.8125,79.40625,1157108.4,HEALTHY
308,2,Home Appliances,183.0,112.95652173913044,37.130434782608695,83.0,940206.42,HEALTHY
308,3,Home Appliances,172.85714285714286,104.60714285714286,33.214285714285715,81.85714285714286,1081159.2,HEALTHY
308,4,Home Appliances,174.73333333333332,99.46666666666667,33.333333333333336,80.76666666666667,1170957.96,HEALTHY
308,5,Home Appliances,213.36,87.68,30.32,83.6,1191508.92,HEALTHY
308,6,Home Appliances,176.13793103448276,92.17241379310344,29.517241379310345,86.20689655172414,1141025.04,HEALTHY
308,7,Home Appliances,192.73684210526315,101.89473684210526,35.421052631578945,89.36842105263158,818017.56,HEALTHY
308,8,Home Appliances,177.25,103.91666666666667,32.666666666666664,84.45833333333333,950258.52,HEALTHY
308,9,Home Appliances,230.10526315789474,117.6842105263158,33.05263157894737,89.15789473684211,976617.36,HEALTHY
308,10,Home Appliances,204.33333333333334,121.95238095238095,32.095238095238095,85.19047619047619,958523.58,HEALTHY
309,1,Home Appliances,189.19230769230768,231.65384615384616,65.5,229.57692307692307,403259.62,REORDER
309,2,Home Appliances,184.5185185185185,254.5185185185185,58.074074074074076,215.14814814814815,408424.36,REORDER
309,3,Home Appliances,193.8181818181818,240.1818181818182,58.63636363636363,214.77272727272728,349562.72,REORDER
309,4,Home Appliances,186.73076923076923,250.6153846153846,66.38461538461539,228.0,398012.9,REORDER
309,5,Home Appliances,174.05,243.15,64.3,231.1,285372.38,REORDER
309,6,Home Appliances,196.64,242.64,63.12,223.52,403013.68,REORDER
309,7,Home Appliances,148.38888888888889,220.05555555555554,69.5,228.05555555555554,218968.58,REORDER
309,8,Home Appliances,178.25714285714287,277.0285714285714,74.4,217.8,511473.22,REORDER
309,9,Home Appliances,176.27272727272728,286.1363636363636,72.31818181818181,228.0909090909091,317918.44,REORDER
309,10,Home Appliances,173.1851851851852,242.25925925925927,70.85185185185185,234.22222222222223,383338.48,REORDER
310,1,Furniture,173.2173913043478,96.21739130434783,35.34782608695652,88.69565217391305,738036.0,HEALTHY
310,2,Furniture,186.40740740740742,81.81481481481481,28.333333333333332,94.03703703703704,932363.25,HEALTHY
310,3,Furniture,172.85,90.1,31.1,84.6,640409.25,HEALTHY
310,4,Furniture,192.96666666666667,96.6,35.266666666666666,91.46666666666667,1072412.25,HEALTHY
310,5,Furniture,170.05555555555554,75.27777777777777,28.38888888888889,93.33333333333333,567050.25,HEALTHY
310,6,Furniture,181.60714285714286,102.78571428571429,33.392857142857146,95.96428571428571,941996.25,HEALTHY
310,7,Furniture,205.27272727272728,92.36363636363636,29.727272727272727,87.60606060606061,1254883.5,HEALTHY
310,8,Furniture,162.43478260869566,103.34782608695652,34.04347826086956,81.52173913043478,692094.0,HEALTHY
310,9,Furniture,183.85,94.25,30.55,79.35,681164.25,HEALTHY
310,10,Furniture,165.8095238095238,71.52380952380952,28.285714285714285,85.95238095238095,645040.5,HEALTHY
311,1,Grocery,173.11764705882354,284.61764705882354,84.0,161.02941176470588,1249421.22,REORDER
311,2,Grocery,197.83333333333334,297.1666666666667,79.45833333333333,165.83333333333334,1007857.96,REORDER
311,3,Grocery,184.75,287.10714285714283,81.78571428571429,152.35714285714286,1098072.71,REORDER
311,4,Grocery,173.5,274.8125,73.1875,145.75,589261.52,REORDER
311,5,Grocery,143.45,268.35,69.3,156.65,609002.63,REORDER
311,6,Grocery,196.17391304347825,272.4782608695652,69.91304347826087,144.2173913043478,957762.24,REORDER
311,7,Grocery,158.72727272727272,309.6363636363636,80.0909090909091,152.45454545454547,741246.84,REORDER
311,8,Grocery,199.42424242424244,306.1818181818182,79.15151515151516,138.78787878787878,1396948.87,REORDER
311,9,Grocery,211.6,280.68,77.4,151.24,1122908.3,REORDER
311,10,Grocery,169.43478260869566,279.95652173913044,78.73913043478261,155.91304347826087,827216.19,REORDER
312,1,Office Supplies,166.66666666666666,229.43333333333334,62.2,134.33333333333334,937800.0,REORDER
312,2,Office Supplies,223.6551724137931,217.82758620689654,59.758620689655174,149.20689655172413,1216514.16,HEALTHY
312,3,Office Supplies,174.7391304347826,210.08695652173913,59.30434782608695,139.91304347826087,753803.64,REORDER
312,4,Office Supplies,169.8181818181818,219.04545454545453,52.13636363636363,137.8181818181818,700724.16,REORDER
312,5,Office Supplies,166.6315789473684,253.78947368421052,72.10526315789474,133.89473684210526,593814.96,REORDER
312,6,Office Supplies,156.23809523809524,188.8095238095238,54.38095238095238,134.57142857142858,615384.36,REORDER
312,7,Office Supplies,180.54545454545453,253.86363636363637,59.72727272727273,137.4090909090909,744988.32,REORDER
312,8,Office Supplies,165.4090909090909,204.72727272727272,57.90909090909091,145.0,682530.84,REORDER
312,9,Office Supplies,185.47826086956522,230.47826086956522,61.56521739130435,152.95652173913044,800130.96,REORDER
312,10,Office Supplies,179.8846153846154,230.73076923076923,63.53846153846154,146.26923076923077,877218.12,REORDER
313,1,Electronics,185.03333333333333,44.333333333333336,23.833333333333332,63.833333333333336,538447.0,OVERSTOCK
313,2,Electronics,177.65384615384616,42.57692307692308,24.384615384615383,78.8076923076923,448043.0,HEALTHY
313,3,Electronics,190.9090909090909,46.86363636363637,24.136363636363637,73.86363636363636,407400.0,HEALTHY
313,4,Electronics,195.26315789473685,58.578947368421055,28.526315789473685,78.47368421052632,359870.0,HEALTHY
313,5,Electronics,154.95454545454547,45.22727272727273,21.59090909090909,80.9090909090909,330673.0,HEALTHY
313,6,Electronics,145.0,38.333333333333336,22.476190476190474,64.85714285714286,295365.0,HEALTHY
313,7,Electronics,185.95238095238096,45.57142857142857,25.857142857142858,63.523809523809526,378785.0,OVERSTOCK
313,8,Electronics,203.66666666666666,40.44444444444444,22.185185185185187,65.96296296296296,533403.0,OVERSTOCK
313,9,Electronics,203.16129032258064,44.58064516129032,21.774193548387096,74.90322580645162,610906.0,OVERSTOCK
313,10,Electronics,175.9,45.35,23.8,64.7,341246.0,OVERSTOCK
314,1,Personal Care,182.95833333333334,172.91666666666666,50.416666666666664,126.91666666666667,808866.11,HEALTHY
314,2,Personal Care,216.29166666666666,166.83333333333334,51.458333333333336,129.45833333333334,956234.11,HEALTHY
314,3,Personal Care,173.21875,223.5,56.09375,131.375,1021076.03,REORDER
314,4,Personal Care,190.9,164.7,47.7,132.65,703313.78,HEALTHY
314,5,Personal Care,135.65,191.05,49.2,115.45,499761.73,REORDER
314,6,Personal Care,145.5,192.5,56.95454545454545,130.27272727272728,589656.21,REORDER
314,7,Personal Care,170.82142857142858,188.03571428571428,53.607142857142854,141.25,881076.4299999999,REORDER
314,8,Personal Care,172.8421052631579,169.8421052631579,45.94736842105263,128.26315789473685,604945.64,HEALTHY
314,9,Personal Care,200.73076923076923,185.03846153846155,50.57692307692308,133.80769230769232,961391.99,HEALTHY
314,10,Personal Care,195.74074074074073,196.40740740740742,54.370370370370374,129.37037037037038,973549.85,REORDER
315,1,Electronics,172.4848484848485,149.6969696969697,47.15151515151515,121.78787878787878,1001735.0800000001,HEALTHY
315,2,Electronics,172.44444444444446,127.18518518518519,35.51851851851852,104.62962962962963,819409.4400000001,HEALTHY
315,3,Electronics,166.4090909090909,146.5909090909091,41.27272727272727,110.54545454545455,644299.39,HEALTHY
315,4,Electronics,191.67857142857142,139.46428571428572,39.07142857142857,107.92857142857143,944538.33,HEALTHY
315,5,Electronics,163.23076923076923,138.42307692307693,38.76923076923077,111.03846153846153,746901.5599999999,HEALTHY
315,6,Electronics,169.17391304347825,132.08695652173913,40.52173913043478,104.95652173913044,684777.09,HEALTHY
315,7,Electronics,152.89655172413794,129.9655172413793,42.06896551724138,112.51724137931035,780339.66,HEALTHY
315,8,Electronics,190.07407407407408,132.92592592592592,40.629629629629626,105.70370370370371,903180.68,HEALTHY
315,9,Electronics,181.34782608695653,144.52173913043478,42.73913043478261,114.43478260869566,734054.29,HEALTHY
315,10,Electronics,213.16666666666666,153.79166666666666,45.708333333333336,111.625,900364.84,HEALTHY
316,1,Personal Care,169.85185185185185,225.77777777777777,63.25925925925926,106.22222222222223,1599367.5,REORDER
316,2,Personal Care,170.95652173913044,235.52173913043478,58.69565217391305,113.78260869565217,1371285.0,REORDER
316,3,Personal Care,157.0,205.1875,58.0625,99.21875,1752120.0,REORDER
316,4,Personal Care,175.9090909090909,220.72727272727272,62.13636363636363,111.0,1349662.5,REORDER
316,5,Personal Care,170.66666666666666,236.3030303030303,58.121212121212125,103.0909090909091,1964160.0,REORDER
316,6,Personal Care,175.95238095238096,231.04761904761904,58.57142857142857,104.52380952380952,1288631.25,REORDER
316,7,Personal Care,163.27777777777777,245.38888888888889,63.44444444444444,98.16666666666667,1024976.25,REORDER
316,8,Personal Care,189.4848484848485,270.8787878787879,70.0909090909091,105.75757575757575,2180733.75,REORDER
316,9,Personal Care,194.0952380952381,213.0952380952381,59.42857142857143,103.14285714285714,1421505.0,REORDER
316,10,Personal Care,214.1,213.25,57.45,98.45,1493347.5,HEALTHY
317,1,Electronics,164.625,88.95833333333333,33.25,67.41666666666667,1244248.92,HEALTHY
317,2,Electronics,184.64285714285714,99.5,31.214285714285715,67.89285714285714,1628136.4,HEALTHY
317,3,Electronics,184.34615384615384,106.8076923076923,34.38461538461539,70.92307692307692,1509411.56,HEALTHY
317,4,Electronics,178.56,100.08,34.16,76.96,1405802.88,HEALTHY
317,5,Electronics,174.5909090909091,100.31818181818181,32.0,65.4090909090909,1209607.72,HEALTHY
317,6,Electronics,183.82758620689654,91.03448275862068,28.586206896551722,69.41379310344827,1678838.52,HEALTHY
317,7,Electronics,155.25,106.45833333333333,34.583333333333336,74.125,1173391.92,HEALTHY
317,8,Electronics,161.94736842105263,86.3157894736842,30.68421052631579,68.0,969008.84,HEALTHY
317,9,Electronics,217.9047619047619,90.38095238095238,32.61904761904762,66.19047619047619,1441073.92,HEALTHY
317,10,Electronics,182.6086956521739,85.8695652173913,30.043478260869566,59.34782608695652,1322664.0,HEALTHY
318,1,Furniture,201.3181818181818,189.5,53.90909090909091,136.86363636363637,737339.92,HEALTHY
318,2,Furniture,203.13888888888889,194.94444444444446,52.27777777777778,133.38888888888889,1217468.24,HEALTHY
318,3,Furniture,174.13333333333333,158.73333333333332,45.4,131.8,869691.52,HEALTHY
318,4,Furniture,169.20833333333334,173.29166666666666,44.458333333333336,143.5,676075.28,REORDER
318,5,Furniture,167.9,178.9,51.3,133.1,559039.84,REORDER
318,6,Furniture,181.47826086956522,162.69565217391303,41.91304347826087,124.78260869565217,694887.52,HEALTHY
318,7,Furniture,158.04,152.8,46.16,125.64,657762.48,HEALTHY
318,8,Furniture,134.66666666666666,165.66666666666666,48.94444444444444,118.27777777777777,403547.52,REORDER
318,9,Furniture,223.8,146.0,46.28,124.48,931455.6,HEALTHY
318,10,Furniture,186.62857142857143,156.45714285714286,47.114285714285714,124.77142857142857,1087447.3599999999,HEALTHY
319,1,Office Supplies,183.8846153846154,216.07692307692307,66.46153846153847,140.5,1056792.24,REORDER
319,2,Office Supplies,184.4,241.05,67.65,151.3,815195.52,REORDER
319,3,Office Supplies,201.8095238095238,206.95238095238096,51.42857142857143,130.42857142857142,936767.52,REORDER
319,4,Office Supplies,151.32,262.08,75.28,132.36,836194.3200000001,REORDER
319,5,Office Supplies,189.32,237.24,71.24,142.0,1046182.32,REORDER
319,6,Office Supplies,170.625,248.66666666666666,61.5,144.45833333333334,905158.8,REORDER
319,7,Office Supplies,188.0,216.14814814814815,60.925925925925924,136.11111111111111,1121999.04,REORDER
319,8,Office Supplies,186.0,212.53571428571428,71.78571428571429,130.67857142857142,1151176.32,REORDER
319,9,Office Supplies,203.92857142857142,244.32142857142858,73.17857142857143,132.82142857142858,1262138.4,REORDER
319,10,Office Supplies,154.56,223.52,53.4,144.0,854098.56,REORDER
320,1,Personal Care,158.03571428571428,125.82142857142857,39.035714285714285,86.10714285714286,1167182.25,HEALTHY
320,2,Personal Care,193.23529411764707,156.11764705882354,46.0,90.82352941176471,866484.4500000001,HEALTHY
320,3,Personal Care,160.24,139.48,41.8,91.36,1056662.62,HEALTHY
320,4,Personal Care,204.13333333333333,125.66666666666667,43.8,95.93333333333334,1615327.48,HEALTHY
320,5,Personal Care,202.0,136.4,44.08,87.44,1332038.5,HEALTHY
320,6,Personal Care,146.12,149.96,44.6,89.92,963551.8099999999,REORDER
320,7,Personal Care,171.88,127.96,44.36,91.2,1133419.69,HEALTHY
320,8,Personal Care,179.7391304347826,131.47826086956522,43.69565217391305,92.21739130434783,1090425.18,HEALTHY
320,9,Personal Care,178.0909090909091,150.27272727272728,47.36363636363637,101.68181818181819,1033450.86,HEALTHY
320,10,Personal Care,173.375,144.34375,44.03125,103.375,1463395.96,HEALTHY
321,1,Grocery,185.0,108.41176470588235,36.64705882352941,282.70588235294116,62648.4,HEALTHY
321,2,Grocery,169.53333333333333,113.3,36.93333333333333,299.8666666666667,101313.12,HEALTHY
321,3,Grocery,196.45833333333334,109.66666666666667,36.75,319.8333333333333,93922.8,HEALTHY
321,4,Grocery,181.27586206896552,126.75862068965517,39.06896551724138,289.0689655172414,104719.44,HEALTHY
321,5,Grocery,152.2962962962963,117.37037037037037,36.0,324.037037037037,81911.04,HEALTHY
321,6,Grocery,181.04166666666666,133.625,42.625,324.2916666666667,86552.4,HEALTHY
321,7,Grocery,175.29166666666666,94.16666666666667,34.375,295.7083333333333,83803.44,HEALTHY
321,8,Grocery,139.17391304347825,105.52173913043478,34.608695652173914,302.30434782608694,63763.92,HEALTHY
321,9,Grocery,129.43478260869566,91.3913043478261,32.17391304347826,262.4782608695652,59301.840000000004,HEALTHY
321,10,Grocery,185.26666666666668,122.36666666666666,35.03333333333333,322.3666666666667,110715.36,HEALTHY
322,1,Electronics,185.61290322580646,723.9032258064516,168.7741935483871,196.19354838709677,1807101.24,REORDER
322,2,Electronics,159.5909090909091,683.7272727272727,180.1818181818182,180.3181818181818,1102664.66,CRITICAL
322,3,Electronics,182.8095238095238,751.952380952381,197.33333333333334,192.95238095238096,1205676.34,CRITICAL
322,4,Electronics,126.4,631.55,160.7,197.4,793943.68,CRITICAL
322,5,Electronics,183.25,575.75,169.5,186.67857142857142,1611441.86,REORDER
322,6,Electronics,222.52,557.8,169.68,196.28,1747115.78,REORDER
322,7,Electronics,169.20689655172413,645.8620689655172,166.31034482758622,195.0,1541092.42,REORDER
322,8,Electronics,211.41176470588235,721.8235294117648,198.41176470588235,189.2941176470588,1128731.64,REORDER
322,9,Electronics,185.11111111111111,668.3333333333334,176.27777777777777,193.88888888888889,1046447.92,REORDER
322,10,Electronics,155.43333333333334,620.9666666666667,164.2,195.83333333333334,1464461.78,CRITICAL
323,1,Electronics,163.40625,93.25,30.5625,66.25,1579994.64,HEALTHY
323,2,Electronics,158.54166666666666,98.5,32.625,67.375,1149718.8,HEALTHY
323,3,Electronics,204.88,85.56,30.36,63.28,1547663.52,HEALTHY
323,4,Electronics,184.94444444444446,86.5,33.72222222222222,59.666666666666664,1005890.64,HEALTHY
323,5,Electronics,176.1,84.4,29.6,74.13333333333334,1596311.28,HEALTHY
323,6,Electronics,208.92,79.88,29.12,70.52,1578181.68,HEALTHY
323,7,Electronics,160.125,111.25,35.25,66.625,774133.92,HEALTHY
323,8,Electronics,181.85714285714286,81.42857142857143,26.523809523809526,61.285714285714285,1153949.04,HEALTHY
323,9,Electronics,213.20833333333334,82.125,30.041666666666668,66.29166666666667,1546152.72,HEALTHY
323,10,Electronics,161.65384615384616,86.15384615384616,31.26923076923077,65.61538461538461,1269978.48,HEALTHY
324,1,Personal Care,198.69565217391303,118.65217391304348,40.0,109.04347826086956,751490.8,HEALTHY
324,2,Personal Care,185.17241379310346,121.62068965517241,37.58620689655172,104.89655172413794,883042.8,HEALTHY
324,3,Personal Care,135.54166666666666,106.375,39.291666666666664,111.41666666666667,534923.32,HEALTHY
324,4,Personal Care,172.31034482758622,141.68965517241378,36.758620689655174,110.37931034482759,821706.68,HEALTHY
324,5,Personal Care,196.75,126.91666666666667,41.875,112.25,776485.68,HEALTHY
324,6,Personal Care,186.42307692307693,129.76923076923077,41.69230769230769,106.8076923076923,797040.6799999999,HEALTHY
324,7,Personal Care,135.07407407407408,132.33333333333334,38.77777777777778,113.85185185185185,599712.68,HEALTHY
324,8,Personal Care,174.47368421052633,112.73684210526316,40.1578947368421,114.3157894736842,545118.6,HEALTHY
324,9,Personal Care,190.0,112.375,34.083333333333336,109.79166666666667,749846.4,HEALTHY
324,10,Personal Care,145.54166666666666,111.08333333333333,36.958333333333336,114.91666666666667,574388.92,HEALTHY
325,1,Grocery,184.90322580645162,200.80645161290323,53.935483870967744,138.90322580645162,812682.96,REORDER
325,2,Grocery,189.66666666666666,195.05555555555554,50.22222222222222,169.22222222222223,484036.92,REORDER
325,3,Grocery,198.71428571428572,190.9047619047619,51.714285714285715,147.9047619047619,591647.94,HEALTHY
325,4,Grocery,169.2,218.68,59.76,159.28,599729.4,REORDER
325,5,Grocery,203.52,205.8,54.2,148.12,721376.64,REORDER
325,6,Grocery,161.41666666666666,169.125,49.666666666666664,151.70833333333334,549255.72,REORDER
325,7,Grocery,156.95238095238096,187.42857142857142,52.095238095238095,135.04761904761904,467306.88,REORDER
325,8,Grocery,216.68965517241378,187.93103448275863,56.689655172413794,155.17241379310346,890945.52,HEALTHY
325,9,Grocery,193.65,180.6,52.75,156.1,549113.9400000001,HEALTHY
325,10,Grocery,173.78125,227.1875,49.75,149.5625,788438.58,REORDER
326,1,Grocery,181.15,160.2,42.1,149.1,367191.05,HEALTHY
326,2,Grocery,176.33333333333334,123.29166666666667,36.958333333333336,129.04166666666666,428913.2,HEALTHY
326,3,Grocery,213.8695652173913,143.7391304347826,43.47826086956522,142.95652173913044,498540.65,HEALTHY
326,4,Grocery,154.6818181818182,120.31818181818181,39.90909090909091,158.0909090909091,344894.05,HEALTHY
326,5,Grocery,166.53125,122.09375,39.71875,143.46875,540094.15,HEALTHY
326,6,Grocery,167.84615384615384,148.46153846153845,38.0,149.0,221145.7,HEALTHY
326,7,Grocery,161.94444444444446,118.61111111111111,42.0,145.38888888888889,295435.25,HEALTHY
326,8,Grocery,199.3181818181818,149.13636363636363,42.86363636363637,173.36363636363637,444419.75,HEALTHY
326,9,Grocery,185.8181818181818,146.5909090909091,44.27272727272727,160.0909090909091,414318.8,HEALTHY
326,10,Grocery,168.31034482758622,131.06896551724137,38.58620689655172,143.6206896551724,494689.35000000003,HEALTHY
327,1,Furniture,220.2608695652174,335.3478260869565,77.52173913043478,175.34782608695653,866387.32,REORDER
327,2,Furniture,194.30769230769232,338.3076923076923,86.88461538461539,187.30769230769232,863993.04,REORDER
327,3,Furniture,172.73333333333332,321.6,90.13333333333334,190.86666666666667,886225.64,REORDER
327,4,Furniture,168.63636363636363,325.1818181818182,86.63636363636364,174.27272727272728,634484.2,REORDER
327,5,Furniture,180.96153846153845,361.96153846153845,81.46153846153847,176.57692307692307,804649.1,REORDER
327,6,Furniture,204.59375,338.71875,90.375,183.90625,1119667.94,REORDER
327,7,Furniture,167.82142857142858,350.25,93.60714285714286,176.0,803622.98,REORDER
327,8,Furniture,197.16216216216216,298.7567567567568,70.64864864864865,177.27027027027026,1247590.9,REORDER
327,9,Furniture,171.3,258.0,78.83333333333333,173.33333333333334,878871.78,REORDER
327,10,Furniture,173.27777777777777,359.77777777777777,88.38888888888889,177.27777777777777,533411.38,REORDER
328,1,Furniture,183.875,243.33333333333334,66.125,435.625,102293.34,REORDER
328,2,Furniture,179.91304347826087,256.0,73.34782608695652,410.30434782608694,95918.84,REORDER
328,3,Furniture,239.78947368421052,196.0,64.6842105263158,414.36842105263156,105608.08,HEALTHY
328,4,Furniture,169.80769230769232,228.3846153846154,63.61538461538461,418.34615384615387,102339.7,REORDER
328,5,Furniture,196.7,200.5,65.45,424.45,91190.12,REORDER
328,6,Furniture,152.1818181818182,245.3181818181818,71.18181818181819,432.6818181818182,77606.64,REORDER
328,7,Furniture,157.75,237.0,64.0,425.9583333333333,87759.48,REORDER
328,8,Furniture,210.0,227.14814814814815,58.55555555555556,413.51851851851853,131430.6,REORDER
328,9,Furniture,179.0,267.8095238095238,66.14285714285714,386.0952380952381,87133.62,REORDER
328,10,Furniture,180.3846153846154,237.6153846153846,61.0,440.38461538461536,108714.2,REORDER
329,1,Furniture,185.16666666666666,243.53333333333333,61.5,121.8,1663444.75,REORDER
329,2,Furniture,176.57692307692307,237.8846153846154,70.26923076923077,129.96153846153845,1374774.95,REORDER
329,3,Furniture,165.35294117647058,212.52941176470588,54.588235294117645,119.23529411764706,841753.95,REORDER
329,4,Furniture,177.46153846153845,233.96153846153845,72.57692307692308,125.1923076923077,1381662.3,REORDER
329,5,Furniture,167.73333333333332,273.06666666666666,66.73333333333333,121.8,753416.2,REORDER
329,6,Furniture,162.5,226.75,56.2,115.3,973212.5,REORDER
329,7,Furniture,179.41379310344828,257.55172413793105,62.89655172413793,126.62068965517241,1558038.35,REORDER
329,8,Furniture,168.25,260.4166666666667,72.58333333333333,119.375,1209179.1,REORDER
329,9,Furniture,180.25,268.3125,65.84375,120.34375,1727227.6,REORDER
329,10,Furniture,199.3181818181818,276.77272727272725,70.5909090909091,127.63636363636364,1313088.25,REORDER
330,1,Furniture,175.1578947368421,402.36842105263156,103.47368421052632,560.3684210526316,66926.08,REORDER
330,2,Furniture,174.4,313.03333333333336,84.73333333333333,550.1,105215.52,REORDER
330,3,Furniture,199.03703703703704,414.18518518518516,96.96296296296296,548.4074074074074,108071.14,REORDER
330,4,Furniture,177.07407407407408,397.8888888888889,101.33333333333333,569.5555555555555,96145.91,REORDER
330,5,Furniture,187.2941176470588,416.6764705882353,104.70588235294117,586.7941176470588,128060.48,REORDER
330,6,Furniture,171.03703703703704,384.4074074074074,85.66666666666667,541.5185185185185,92867.98,REORDER
330,7,Furniture,182.5,415.75,96.125,564.53125,117442.40000000001,REORDER
330,8,Furniture,172.45454545454547,355.6818181818182,90.81818181818181,522.8181818181819,76297.34,REORDER
330,9,Furniture,201.82142857142858,365.60714285714283,99.39285714285714,584.5714285714286,113641.61,REORDER
330,10,Furniture,214.5,365.5,100.5,533.8333333333334,103526.28,REORDER
331,1,Furniture,174.57894736842104,165.57894736842104,41.1578947368421,151.21052631578948,399831.18,HEALTHY
331,2,Furniture,205.15384615384616,171.5,45.80769230769231,148.92307692307693,642960.36,HEALTHY
331,3,Furniture,166.83333333333334,168.79166666666666,46.25,138.0,482642.16000000003,REORDER
331,4,Furniture,161.0909090909091,167.5,46.18181818181818,152.13636363636363,427193.76,REORDER
331,5,Furniture,201.84,181.84,45.92,147.64,608244.84,HEALTHY
331,6,Furniture,153.95652173913044,191.04347826086956,50.17391304347826,163.2173913043478,426832.14,REORDER
331,7,Furniture,172.13333333333333,178.66666666666666,59.733333333333334,146.86666666666667,311234.27999999997,REORDER
331,8,Furniture,162.2,202.08,52.48,170.04,488789.7,REORDER
331,9,Furniture,181.2,164.06666666666666,50.93333333333333,158.93333333333334,327627.72,HEALTHY
331,10,Furniture,188.70967741935485,159.16129032258064,49.83870967741935,161.4516129032258,705159.0,HEALTHY
332,1,Furniture,194.11111111111111,197.92592592592592,55.7037037037037,103.18518518518519,1711710.6,REORDER
332,2,Furniture,181.24137931034483,190.3448275862069,52.689655172413794,105.10344827586206,1716609.6,REORDER
332,3,Furniture,178.22727272727272,200.45454545454547,59.45454545454545,102.95454545454545,1280598.6,REORDER
332,4,Furniture,191.85185185185185,230.92592592592592,55.96296296296296,109.33333333333333,1691788.0,REORDER
332,5,Furniture,186.8846153846154,216.23076923076923,56.03846153846154,108.46153846153847,1586949.4,REORDER
332,6,Furniture,181.25,218.5,63.041666666666664,105.125,1420710.0,REORDER
332,7,Furniture,202.66666666666666,239.25,66.20833333333333,110.41666666666667,1588582.4,REORDER
332,8,Furniture,177.5,218.95454545454547,59.81818181818182,108.04545454545455,1275373.0,REORDER
332,9,Furniture,159.6818181818182,226.9090909090909,57.22727272727273,101.9090909090909,1147345.8,REORDER
332,10,Furniture,195.1818181818182,208.95454545454547,56.36363636363637,101.86363636363636,1402420.4,REORDER
333,1,Office Supplies,170.67567567567568,289.4054054054054,84.35135135135135,153.32432432432432,1638363.6,REORDER
333,2,Office Supplies,195.57142857142858,328.3809523809524,89.38095238095238,151.8095238095238,1065520.08,REORDER
333,3,Office Supplies,159.27272727272728,292.5,78.77272727272727,141.27272727272728,909077.76,REORDER
333,4,Office Supplies,174.31578947368422,307.63157894736844,80.52631578947368,148.78947368421052,859265.28,REORDER
333,5,Office Supplies,192.95,298.15,80.8,149.95,1001178.96,REORDER
333,6,Office Supplies,156.08,311.2,81.36,138.92,1012334.88,REORDER
333,7,Office Supplies,187.78571428571428,316.32142857142856,83.75,133.03571428571428,1364135.52,REORDER
333,8,Office Supplies,181.32142857142858,305.25,83.53571428571429,151.0,1317176.88,REORDER
333,9,Office Supplies,173.37142857142857,286.85714285714283,87.85714285714286,131.85714285714286,1574281.92,REORDER
333,10,Office Supplies,176.47826086956522,309.82608695652175,72.73913043478261,133.2173913043478,1053066.96,REORDER
334,1,Grocery,173.7826086956522,148.7391304347826,42.130434782608695,143.1304347826087,416647.28,HEALTHY
334,2,Grocery,214.22222222222223,153.4814814814815,40.629629629629626,152.25925925925927,602924.16,HEALTHY
334,3,Grocery,201.3,144.13333333333333,39.63333333333333,149.73333333333332,629505.36,HEALTHY
334,4,Grocery,179.7391304347826,137.6086956521739,45.391304347826086,147.34782608695653,430928.16,HEALTHY
334,5,Grocery,186.61904761904762,151.0952380952381,43.666666666666664,158.95238095238096,408516.56,HEALTHY
334,6,Grocery,186.45454545454547,139.6818181818182,42.36363636363637,158.6818181818182,427592.48,HEALTHY
334,7,Grocery,182.14285714285714,170.21428571428572,50.07142857142857,167.28571428571428,265812.0,HEALTHY
334,8,Grocery,161.11764705882354,177.73529411764707,47.8235294117647,155.91176470588235,571026.72,REORDER
334,9,Grocery,191.8846153846154,140.3846153846154,37.42307692307692,160.07692307692307,520053.36,HEALTHY
334,10,Grocery,175.32,146.72,50.08,159.24,456883.92,HEALTHY
335,1,Furniture,181.58333333333334,329.375,85.75,232.70833333333334,411438.78,REORDER
335,2,Furniture,189.06896551724137,330.3103448275862,87.96551724137932,229.24137931034483,517650.03,REORDER
335,3,Furniture,189.95454545454547,308.72727272727275,78.22727272727273,228.36363636363637,394539.39,REORDER
335,4,Furniture,204.0,310.3809523809524,82.76190476190476,245.28571428571428,404452.44,REORDER
335,5,Furniture,152.48275862068965,351.82758620689657,78.20689655172414,223.0,417481.02,REORDER
335,6,Furniture,205.79166666666666,288.375,72.75,240.66666666666666,466290.99,REORDER
335,7,Furniture,160.04761904761904,348.14285714285717,79.42857142857143,248.47619047619048,317312.01,REORDER
335,8,Furniture,182.8235294117647,336.8235294117647,78.41176470588235,242.8235294117647,293426.28,REORDER
335,9,Furniture,184.6451612903226,291.83870967741933,75.25806451612904,225.48387096774192,540402.84,REORDER
335,10,Furniture,164.34615384615384,343.03846153846155,89.65384615384616,257.96153846153845,403413.93,REORDER
336,1,Grocery,199.41935483870967,56.806451612903224,26.774193548387096,279.3225806451613,60212.68,HEALTHY
336,2,Grocery,191.1,63.266666666666666,27.766666666666666,304.53333333333336,55839.42,HEALTHY
336,3,Grocery,178.34375,65.53125,26.15625,270.15625,55586.18,HEALTHY
336,4,Grocery,189.8148148148148,52.925925925925924,21.14814814814815,287.25925925925924,49917.5,HEALTHY
336,5,Grocery,184.15151515151516,73.93939393939394,28.393939393939394,301.42424242424244,59189.979999999996,HEALTHY
336,6,Grocery,192.11111111111111,58.51851851851852,23.0,257.3333333333333,50521.38,HEALTHY
336,7,Grocery,182.6060606060606,59.84848484848485,26.12121212121212,258.57575757575756,58693.24,HEALTHY
336,8,Grocery,175.15,70.35,29.25,293.55,34119.22,HEALTHY
336,9,Grocery,179.04545454545453,67.5909090909091,28.0,274.22727272727275,38365.86,HEALTHY
336,10,Grocery,187.16666666666666,62.111111111111114,26.88888888888889,271.0,32814.06,HEALTHY
337,1,Grocery,191.06896551724137,152.75862068965517,41.0,89.82758620689656,1362698.13,HEALTHY
337,2,Grocery,187.0,133.77142857142857,38.51428571428571,95.74285714285715,1609611.85,HEALTHY
337,3,Grocery,169.15555555555557,128.4,40.37777777777778,93.73333333333333,1872019.16,HEALTHY
337,4,Grocery,178.75,154.20833333333334,40.958333333333336,98.625,1055039.7,HEALTHY
337,5,Grocery,188.58823529411765,157.41176470588235,43.529411764705884,109.41176470588235,788451.58,HEALTHY
337,6,Grocery,177.15151515151516,142.3030303030303,41.45454545454545,93.93939393939394,1437706.78,HEALTHY
337,7,Grocery,173.28125,134.71875,42.78125,101.21875,1363681.85,HEALTHY
337,8,Grocery,176.44444444444446,161.14814814814815,49.0,92.03703703703704,1171610.52,HEALTHY
337,9,Grocery,190.42105263157896,135.8421052631579,44.21052631578947,99.42105263157895,889774.74,HEALTHY
337,10,Grocery,149.07692307692307,174.53846153846155,44.57692307692308,93.1923076923077,953224.68,REORDER
338,1,Home Appliances,198.52173913043478,117.95652173913044,36.391304347826086,263.4347826086956,112688.88,HEALTHY
338,2,Home Appliances,204.15,132.65,33.7,271.75,100768.44,HEALTHY
338,3,Home Appliances,182.79310344827587,139.55172413793105,38.06896551724138,289.37931034482756,130828.68,HEALTHY
338,4,Home Appliances,221.2962962962963,116.18518518518519,35.51851851851852,295.6296296296296,147463.0,HEALTHY
338,5,Home Appliances,181.0344827586207,136.93103448275863,41.6551724137931,292.2758620689655,129570.0,HEALTHY
338,6,Home Appliances,188.20833333333334,136.0,36.958333333333336,311.0833333333333,111479.56,HEALTHY
338,7,Home Appliances,198.0,103.5,37.357142857142854,266.92857142857144,68412.96,HEALTHY
338,8,Home Appliances,190.5,120.88235294117646,38.088235294117645,276.5,159852.36,HEALTHY
338,9,Home Appliances,181.4,144.6,40.56,260.84,111923.8,HEALTHY
338,10,Home Appliances,194.0952380952381,125.9047619047619,39.095238095238095,300.5238095238095,100595.68,HEALTHY
339,1,Office Supplies,183.11111111111111,133.72222222222223,43.111111111111114,90.55555555555556,626734.4,HEALTHY
339,2,Office Supplies,203.54166666666666,100.08333333333333,33.416666666666664,83.45833333333333,928882.75,HEALTHY
339,3,Office Supplies,189.2962962962963,94.81481481481481,31.40740740740741,92.0,971856.65,HEALTHY
339,4,Office Supplies,185.46153846153845,96.38461538461539,31.115384615384617,86.34615384615384,916903.3,HEALTHY
339,5,Office Supplies,192.375,110.40625,34.71875,96.21875,1170563.4,HEALTHY
339,6,Office Supplies,164.67741935483872,94.0,34.54838709677419,89.64516129032258,970715.75,HEALTHY
339,7,Office Supplies,155.375,101.20833333333333,30.416666666666668,88.125,709069.35,HEALTHY
339,8,Office Supplies,189.77777777777777,110.44444444444444,38.72222222222222,94.72222222222223,649552.4,HEALTHY
339,9,Office Supplies,160.0,91.3913043478261,33.608695652173914,93.56521739130434,699752.0,HEALTHY
339,10,Office Supplies,190.68421052631578,101.26315789473684,34.78947368421053,86.73684210526316,688913.45,HEALTHY
340,1,Furniture,185.58333333333334,297.5833333333333,77.45833333333333,116.66666666666667,1501220.7,REORDER
340,2,Furniture,180.4848484848485,279.5151515151515,65.0909090909091,123.96969696969697,2007469.8,REORDER
340,3,Furniture,178.3684210526316,316.05263157894734,81.63157894736842,119.21052631578948,1142262.45,REORDER
340,4,Furniture,179.91304347826087,264.5652173913044,63.52173913043478,112.78260869565217,1394712.9,REORDER
340,5,Furniture,200.71428571428572,292.6857142857143,74.37142857142857,119.85714285714286,2367776.25,REORDER
340,6,Furniture,164.0,293.27272727272725,74.24242424242425,121.81818181818181,1824114.5999999999,REORDER
340,7,Furniture,201.54166666666666,239.95833333333334,61.458333333333336,106.375,1630310.85,REORDER
340,8,Furniture,186.9090909090909,246.0909090909091,68.72727272727273,126.13636363636364,1385949.5999999999,REORDER
340,9,Furniture,181.65384615384616,271.65384615384613,76.15384615384616,116.15384615384616,1591887.15,REORDER
340,10,Furniture,145.47826086956522,284.8695652173913,78.04347826086956,120.56521739130434,1127769.3,REORDER
341,1,Electronics,204.0,227.1578947368421,72.63157894736842,319.05263157894734,176125.44,REORDER
341,2,Electronics,190.46875,263.0,78.3125,305.625,276956.8,REORDER
341,3,Electronics,187.1153846153846,312.46153846153845,70.84615384615384,319.88461538461536,221065.6,REORDER
341,4,Electronics,170.95454545454547,287.59090909090907,75.22727272727273,326.6818181818182,170899.84,REORDER
341,5,Electronics,151.86363636363637,302.59090909090907,84.4090909090909,337.8636363636364,151815.04,REORDER
341,6,Electronics,174.70833333333334,321.7916666666667,79.125,346.5,190529.92,REORDER
341,7,Electronics,182.61111111111111,267.55555555555554,75.72222222222223,358.1111111111111,149361.28,REORDER
341,8,Electronics,194.8148148148148,313.9259259259259,79.07407407407408,315.5925925925926,239014.4,REORDER
341,9,Electronics,171.12121212121212,342.0,80.36363636363636,336.1818181818182,256599.68,REORDER
341,10,Electronics,184.23076923076923,279.6923076923077,64.15384615384616,315.2692307692308,217657.6,REORDER
342,1,Personal Care,170.89655172413794,220.9655172413793,64.79310344827586,111.62068965517241,1555737.96,REORDER
342,2,Personal Care,196.5,253.7,62.65,110.0,1233666.3,REORDER
342,3,Personal Care,169.26315789473685,225.1578947368421,57.36842105263158,119.73684210526316,1009534.5599999999,REORDER
342,4,Personal Care,153.2,195.2,48.52,114.8,1202275.3,REORDER
342,5,Personal Care,185.41304347826087,228.6086956521739,58.21739130434783,108.30434782608695,2677338.39,REORDER
342,6,Personal Care,205.125,239.75,71.75,112.91666666666667,1545378.93,REORDER
342,7,Personal Care,151.21428571428572,179.78571428571428,49.5,105.42857142857143,664547.47,REORDER
342,8,Personal Care,174.93103448275863,267.3448275862069,62.62068965517241,114.34482758620689,1592465.43,REORDER
342,9,Personal Care,149.13793103448276,228.17241379310346,66.44827586206897,110.03448275862068,1357660.75,REORDER
342,10,Personal Care,157.1,232.2,67.83333333333333,113.1,1479457.83,REORDER
343,1,Electronics,171.88,309.04,81.76,122.12,1491402.76,REORDER
343,2,Electronics,196.0,319.77777777777777,74.88888888888889,124.51851851851852,1836747.36,REORDER
343,3,Electronics,169.88,332.88,92.6,134.36,1474048.76,REORDER
343,4,Electronics,203.04,303.08,80.0,135.88,1761778.08,REORDER
343,5,Electronics,195.47368421052633,300.7368421052632,71.34210526315789,114.6842105263158,2578110.2399999998,REORDER
343,6,Electronics,161.69565217391303,290.2173913043478,83.82608695652173,122.43478260869566,1290790.52,REORDER
343,7,Electronics,195.32,301.08,80.64,125.92,1694791.64,REORDER
343,8,Electronics,172.25806451612902,278.19354838709677,74.7741935483871,115.96774193548387,1853407.2,REORDER
343,9,Electronics,173.625,312.3125,80.0625,117.28125,1928376.48,REORDER
343,10,Electronics,168.1851851851852,299.0,75.62962962962963,119.81481481481481,1576090.28,REORDER
344,1,Office Supplies,147.86666666666667,85.6,29.333333333333332,210.46666666666667,128821.44,HEALTHY
344,2,Office Supplies,196.61290322580646,91.12903225806451,28.870967741935484,216.83870967741936,176998.8,HEALTHY
344,3,Office Supplies,186.2608695652174,85.21739130434783,30.82608695652174,202.65217391304347,124407.36,HEALTHY
344,4,Office Supplies,191.26315789473685,88.15789473684211,30.68421052631579,209.47368421052633,105531.36,HEALTHY
344,5,Office Supplies,185.95652173913044,67.78260869565217,25.17391304347826,190.47826086956522,124204.08,HEALTHY
344,6,Office Supplies,175.77777777777777,82.70370370370371,29.703703703703702,180.66666666666666,137823.84,HEALTHY
344,7,Office Supplies,179.03846153846155,73.76923076923077,25.923076923076923,201.84615384615384,135181.2,HEALTHY
344,8,Office Supplies,151.33333333333334,82.70370370370371,27.555555555555557,197.88888888888889,118657.44,HEALTHY
344,9,Office Supplies,164.95238095238096,83.33333333333333,26.523809523809526,210.23809523809524,100594.56,HEALTHY
344,10,Office Supplies,152.21052631578948,80.36842105263158,27.105263157894736,179.52631578947367,83983.68,HEALTHY
345,1,Personal Care,171.95454545454547,69.36363636363636,28.181818181818183,53.31818181818182,1172540.85,HEALTHY
345,2,Personal Care,159.8421052631579,73.05263157894737,30.263157894736842,53.10526315789474,941318.15,HEALTHY
345,3,Personal Care,165.66666666666666,74.8,27.466666666666665,60.0,770225.75,HEALTHY
345,4,Personal Care,170.45454545454547,70.68181818181819,26.363636363636363,55.5,1162312.5,HEALTHY
345,5,Personal Care,172.4375,68.6875,29.125,51.0,1710304.1,OVERSTOCK
345,6,Personal Care,194.86206896551724,54.758620689655174,25.17241379310345,47.89655172413793,1751527.45,OVERSTOCK
345,7,Personal Care,155.11111111111111,57.27777777777778,24.72222222222222,45.05555555555556,865380.4,OVERSTOCK
345,8,Personal Care,200.1,68.15,26.5,62.05,1240419.9,OVERSTOCK
345,9,Personal Care,148.3793103448276,61.86206896551724,25.0,51.41379310344828,1333714.85,HEALTHY
345,10,Personal Care,185.28,63.32,25.12,55.24,1435688.4,OVERSTOCK
346,1,Office Supplies,152.10344827586206,180.86206896551724,48.758620689655174,122.0,813829.5,REORDER
346,2,Office Supplies,203.0,157.58333333333334,51.208333333333336,114.0,898884.0,HEALTHY
346,3,Office Supplies,163.3448275862069,172.20689655172413,53.89655172413793,131.75862068965517,873976.5,REORDER
346,4,Office Supplies,146.28571428571428,150.8095238095238,44.476190476190474,111.76190476190476,566784.0,REORDER
346,5,Office Supplies,226.25,141.45833333333334,41.916666666666664,103.79166666666667,1001835.0,HEALTHY
346,6,Office Supplies,192.0,166.27272727272728,45.31818181818182,112.18181818181819,779328.0,HEALTHY
346,7,Office Supplies,173.88888888888889,174.92592592592592,42.629629629629626,123.14814814814815,866227.5,REORDER
346,8,Office Supplies,186.5,152.96428571428572,48.857142857142854,111.35714285714286,963459.0,HEALTHY
346,9,Office Supplies,191.45,126.1,43.0,116.25,706450.5,HEALTHY
346,10,Office Supplies,187.33333333333334,165.38095238095238,45.0,125.0952380952381,725823.0,HEALTHY
347,1,Grocery,179.64705882352942,359.11764705882354,91.0,137.23529411764707,971263.62,REORDER
347,2,Grocery,194.7,347.85,85.65,129.35,1238408.82,REORDER
347,3,Grocery,173.46428571428572,312.82142857142856,81.14285714285714,128.14285714285714,1544671.71,REORDER
347,4,Grocery,167.52380952380952,352.1904761904762,89.0952380952381,138.66666666666666,1118829.54,REORDER
347,5,Grocery,211.0,346.25925925925924,86.4074074074074,139.2962962962963,1811816.91,REORDER
347,6,Grocery,182.2608695652174,293.95652173913044,78.91304347826087,123.52173913043478,1333181.76,REORDER
347,7,Grocery,209.0,300.5,85.31818181818181,122.13636363636364,1462301.94,REORDER
347,8,Grocery,149.86363636363637,352.40909090909093,88.13636363636364,146.36363636363637,1048544.91,REORDER
347,9,Grocery,191.41379310344828,318.48275862068965,86.24137931034483,134.48275862068965,1765384.53,REORDER
347,10,Grocery,157.55,349.85,92.35,127.3,1002112.53,REORDER
348,1,Personal Care,171.92,108.88,34.56,98.24,874170.22,HEALTHY
348,2,Personal Care,216.86363636363637,107.13636363636364,35.18181818181818,104.31818181818181,970373.69,HEALTHY
348,3,Personal Care,190.84615384615384,134.46153846153845,39.92307692307692,104.6923076923077,1009221.18,HEALTHY
348,4,Personal Care,176.66666666666666,149.03333333333333,40.46666666666667,96.8,1077967.0,HEALTHY
348,5,Personal Care,140.1764705882353,139.23529411764707,42.05882352941177,112.47058823529412,484678.37,HEALTHY
348,6,Personal Care,161.26923076923077,123.07692307692308,43.42307692307692,102.1923076923077,852814.27,HEALTHY
348,7,Personal Care,188.15,130.4,39.5,105.25,765356.57,HEALTHY
348,8,Personal Care,150.78947368421052,111.21052631578948,41.578947368421055,96.10526315789474,582712.35,HEALTHY
348,9,Personal Care,189.43478260869566,132.95652173913044,39.869565217391305,103.30434782608695,886170.23,HEALTHY
348,10,Personal Care,168.5,133.1153846153846,39.15384615384615,94.6923076923077,891051.59,HEALTHY
349,1,Grocery,185.3793103448276,225.72413793103448,65.03448275862068,119.72413793103448,1260349.44,REORDER
349,2,Grocery,197.23529411764707,262.94117647058823,71.29411764705883,127.88235294117646,786077.3200000001,REORDER
349,3,Grocery,166.92307692307693,210.76923076923077,57.69230769230769,125.26923076923077,1017469.6,REORDER
349,4,Grocery,200.0344827586207,193.17241379310346,57.6551724137931,125.17241379310344,1359986.44,HEALTHY
349,5,Grocery,166.125,228.34375,57.25,128.1875,1246283.04,REORDER
349,6,Grocery,163.16666666666666,204.1,60.4,121.33333333333333,1147583.8,REORDER
349,7,Grocery,183.65625,223.03125,53.3125,124.84375,1377803.88,REORDER
349,8,Grocery,174.4,228.3,60.4,128.93333333333334,1226590.08,REORDER
349,9,Grocery,167.78947368421052,213.8421052631579,58.31578947368421,121.15789473684211,747394.72,REORDER
349,10,Grocery,188.89285714285714,237.35714285714286,71.28571428571429,128.10714285714286,1239953.16,REORDER
350,1,Electronics,174.0,54.03448275862069,28.24137931034483,57.172413793103445,978772.62,OVERSTOCK
350,2,Electronics,181.125,46.041666666666664,24.416666666666668,53.125,843187.59,OVERSTOCK
350,3,Electronics,215.35,51.55,22.45,54.2,835428.79,OVERSTOCK
350,4,Electronics,176.4,46.3,21.6,52.65,684326.16,OVERSTOCK
350,5,Electronics,187.40740740740742,51.407407407407405,23.48148148148148,52.2962962962963,981488.2,OVERSTOCK
350,6,Electronics,186.07407407407408,56.81481481481482,27.51851851851852,54.333333333333336,974505.28,OVERSTOCK
350,7,Electronics,173.3684210526316,56.10526315789474,24.0,61.36842105263158,638937.18,HEALTHY
350,8,Electronics,185.64285714285714,54.535714285714285,27.214285714285715,54.535714285714285,1008256.06,OVERSTOCK
350,9,Electronics,198.5185185185185,57.03703703703704,26.40740740740741,60.48148148148148,1039679.2,OVERSTOCK
350,10,Electronics,198.76,47.88,23.6,57.64,963836.9299999999,OVERSTOCK
351,1,Electronics,148.96153846153845,437.5,115.26923076923077,174.15384615384616,1176075.18,REORDER
351,2,Electronics,165.57692307692307,397.7692307692308,106.76923076923077,152.76923076923077,1307256.3,REORDER
351,3,Electronics,169.85714285714286,453.10714285714283,112.03571428571429,160.92857142857142,1444206.96,REORDER
351,4,Electronics,177.0,431.0,112.9,160.33333333333334,1612434.5999999999,REORDER
351,5,Electronics,191.83333333333334,481.0833333333333,117.91666666666667,150.95833333333334,1398050.64,REORDER
351,6,Electronics,209.38888888888889,391.22222222222223,126.66666666666667,157.55555555555554,1144494.54,REORDER
351,7,Electronics,160.41379310344828,435.9310344827586,122.6896551724138,153.93103448275863,1412626.32,REORDER
351,8,Electronics,203.35,438.0,124.25,156.8,1234985.22,REORDER
351,9,Electronics,202.91666666666666,471.125,112.20833333333333,169.45833333333334,1478824.2,REORDER
351,10,Electronics,165.31034482758622,459.0,104.65517241379311,162.93103448275863,1455746.04,REORDER
352,1,Personal Care,180.8181818181818,236.5,59.95454545454545,135.63636363636363,1030302.0,REORDER
352,2,Personal Care,175.12,277.08,71.6,139.16,1133902.0,REORDER
352,3,Personal Care,201.33333333333334,225.8,65.4,128.73333333333332,782180.0,REORDER
352,4,Personal Care,165.40740740740742,246.8148148148148,69.03703703703704,134.59259259259258,1156694.0,REORDER
352,5,Personal Care,192.68,277.68,66.12,123.96,1247603.0,REORDER
352,6,Personal Care,118.05555555555556,242.55555555555554,60.55555555555556,121.94444444444444,550375.0,REORDER
352,7,Personal Care,199.57142857142858,223.14285714285714,56.07142857142857,129.64285714285714,723646.0,REORDER
352,8,Personal Care,156.84,226.24,70.56,124.32,1015539.0,REORDER
352,9,Personal Care,209.05555555555554,262.3611111111111,72.27777777777777,128.80555555555554,1949234.0,REORDER
352,10,Personal Care,167.5909090909091,223.5909090909091,72.0,130.0,954933.0,REORDER
353,1,Personal Care,157.8846153846154,197.80769230769232,56.76923076923077,144.5,764638.35,REORDER
353,2,Personal Care,188.89285714285714,246.46428571428572,65.42857142857143,146.39285714285714,985182.03,REORDER
353,3,Personal Care,157.0,225.0,64.23809523809524,150.66666666666666,614132.1900000001,REORDER
353,4,Personal Care,193.72222222222223,209.11111111111111,52.72222222222222,147.33333333333334,649523.49,REORDER
353,5,Personal Care,161.0,239.95454545454547,62.86363636363637,143.04545454545453,659768.34,REORDER
353,6,Personal Care,181.28571428571428,204.21428571428572,54.107142857142854,140.17857142857142,945506.52,REORDER
353,7,Personal Care,170.6,228.4,64.96,143.96,794441.55,REORDER
353,8,Personal Care,151.34615384615384,225.73076923076923,69.42307692307692,146.03846153846155,732972.45,REORDER
353,9,Personal Care,191.8181818181818,229.77272727272728,58.68181818181818,140.27272727272728,786059.4,REORDER
353,10,Personal Care,179.3235294117647,201.38235294117646,58.411764705882355,138.91176470588235,1135688.19,REORDER
354,1,Furniture,177.42105263157896,62.78947368421053,28.05263157894737,50.31578947368421,1027851.61,OVERSTOCK
354,2,Furniture,190.6060606060606,87.51515151515152,32.27272727272727,62.36363636363637,1917883.9,HEALTHY
354,3,Furniture,174.0,60.69230769230769,25.53846153846154,53.69230769230769,1379412.84,OVERSTOCK
354,4,Furniture,168.8,71.0,25.15,53.6,1029376.16,HEALTHY
354,5,Furniture,189.64285714285714,86.64285714285714,33.714285714285715,62.857142857142854,809536.05,HEALTHY
354,6,Furniture,143.77777777777777,77.44444444444444,29.0,52.388888888888886,789107.0800000001,HEALTHY
354,7,Furniture,200.0952380952381,68.95238095238095,25.952380952380953,52.523809523809526,1281231.82,OVERSTOCK
354,8,Furniture,173.71875,65.34375,27.96875,52.21875,1694994.69,OVERSTOCK
354,9,Furniture,152.77777777777777,65.61111111111111,28.11111111111111,50.22222222222222,838502.5,HEALTHY
354,10,Furniture,193.92592592592592,67.18518518518519,26.296296296296298,55.888888888888886,1596508.76,OVERSTOCK
355,1,Office Supplies,230.0952380952381,223.38095238095238,63.142857142857146,187.66666666666666,444012.48,HEALTHY
355,2,Office Supplies,196.5,224.54545454545453,60.13636363636363,202.6818181818182,397240.47000000003,REORDER
355,3,Office Supplies,186.0,218.9047619047619,63.80952380952381,212.42857142857142,358922.34,REORDER
355,4,Office Supplies,181.08,239.96,61.84,211.04,415986.03,REORDER
355,5,Office Supplies,184.04545454545453,255.5,63.77272727272727,197.5909090909091,372062.61,REORDER
355,6,Office Supplies,177.64285714285714,203.0,57.607142857142854,202.75,457060.86,REORDER
355,7,Office Supplies,180.33333333333334,189.66666666666666,56.416666666666664,177.16666666666666,397699.92,REORDER
355,8,Office Supplies,150.40740740740742,214.66666666666666,59.074074074074076,206.03703703703704,373165.29000000004,REORDER
355,9,Office Supplies,181.36,215.8,64.24,200.12,416629.26,REORDER
355,10,Office Supplies,159.8695652173913,195.3913043478261,59.17391304347826,202.04347826086956,337879.53,REORDER
356,1,Furniture,168.1764705882353,166.26470588235293,48.14705882352941,226.44117647058823,353429.58,HEALTHY
356,2,Furniture,178.58620689655172,174.06896551724137,48.793103448275865,207.41379310344828,320113.99,HEALTHY
356,3,Furniture,175.95,181.3,56.05,226.0,217509.39,REORDER
356,4,Furniture,167.37037037037038,170.5185185185185,47.18518518518518,215.2962962962963,279319.39,REORDER
356,5,Furniture,200.9090909090909,178.95454545454547,42.13636363636363,201.5,273200.2,HEALTHY
356,6,Furniture,175.80769230769232,152.53846153846155,51.19230769230769,207.6153846153846,282533.51,HEALTHY
356,7,Furniture,187.1851851851852,158.03703703703704,49.7037037037037,206.96296296296296,312387.74,HEALTHY
356,8,Furniture,175.0,186.53333333333333,53.4,199.4,324502.5,REORDER
356,9,Furniture,200.4,145.3,41.13333333333333,209.2,371601.72,HEALTHY
356,10,Furniture,200.48,163.44,44.72,211.04,309791.72,HEALTHY
357,1,Office Supplies,185.80645161290323,113.35483870967742,36.70967741935484,170.19354838709677,362073.6,HEALTHY
357,2,Office Supplies,141.3030303030303,99.06060606060606,33.42424242424242,160.15151515151516,293116.18,HEALTHY
357,3,Office Supplies,189.64,94.56,35.44,147.96,298019.26,HEALTHY
357,4,Office Supplies,211.1304347826087,100.8695652173913,33.391304347826086,146.7826086956522,305248.16,HEALTHY
357,5,Office Supplies,164.29166666666666,96.58333333333333,32.666666666666664,168.45833333333334,247856.98,HEALTHY
357,6,Office Supplies,160.38095238095238,88.61904761904762,30.238095238095237,144.76190476190476,211712.47999999998,HEALTHY
357,7,Office Supplies,159.7,99.9,34.233333333333334,156.5,301162.26,HEALTHY
357,8,Office Supplies,165.8148148148148,92.4074074074074,33.48148148148148,144.40740740740742,281424.22,HEALTHY
357,9,Office Supplies,155.26666666666668,96.16666666666667,32.733333333333334,154.13333333333333,292801.88,HEALTHY
357,10,Office Supplies,184.32142857142858,90.0,32.67857142857143,152.60714285714286,324420.46,HEALTHY
358,1,Furniture,175.56,397.16,115.64,225.24,536467.47,REORDER
358,2,Furniture,162.89473684210526,435.89473684210526,115.26315789473684,239.94736842105263,378301.85,REORDER
358,3,Furniture,184.2258064516129,420.19354838709677,103.03225806451613,230.16129032258064,698055.53,REORDER
358,4,Furniture,207.95454545454547,350.5,98.68181818181819,224.63636363636363,559202.25,REORDER
358,5,Furniture,171.3846153846154,383.5128205128205,104.38461538461539,243.12820512820514,816985.3200000001,REORDER
358,6,Furniture,189.34782608695653,313.2608695652174,66.21739130434783,227.47826086956522,532311.65,REORDER
358,7,Furniture,209.59259259259258,430.2962962962963,99.70370370370371,240.07407407407408,691699.57,REORDER
358,8,Furniture,161.54545454545453,375.1818181818182,106.81818181818181,261.6363636363636,434405.42,REORDER
358,9,Furniture,162.82758620689654,368.3448275862069,98.03448275862068,242.93103448275863,577170.06,REORDER
358,10,Furniture,188.8,353.32,104.4,228.48,576925.6,REORDER
359,1,Grocery,202.56666666666666,442.76666666666665,125.66666666666667,317.1666666666667,544681.51,REORDER
359,2,Grocery,167.39285714285714,468.25,126.89285714285714,308.0,420095.81,REORDER
359,3,Grocery,151.85714285714286,447.92857142857144,119.71428571428571,299.35714285714283,381106.76,REORDER
359,4,Grocery,217.85714285714286,429.3333333333333,113.0952380952381,290.3809523809524,410057.25,REORDER
359,5,Grocery,169.85714285714286,441.3809523809524,109.23809523809524,301.8095238095238,319710.21,REORDER
359,6,Grocery,183.75862068965517,442.9310344827586,108.89655172413794,305.58620689655174,477638.27,REORDER
359,7,Grocery,197.21052631578948,390.42105263157896,108.73684210526316,301.0,335843.61,REORDER
359,8,Grocery,181.57692307692307,568.5,132.6153846153846,309.1923076923077,423143.23,REORDER
359,9,Grocery,202.0,429.6666666666667,109.76666666666667,281.5,543157.8,REORDER
359,10,Grocery,172.07407407407408,414.55555555555554,115.88888888888889,325.3703703703704,416420.98,REORDER
360,1,Personal Care,232.28571428571428,295.57142857142856,88.28571428571429,132.0952380952381,1590667.02,REORDER
360,2,Personal Care,186.55555555555554,312.6666666666667,78.85185185185185,122.74074074074075,1642515.33,REORDER
360,3,Personal Care,172.16,276.6,75.88,122.0,1403491.3599999999,REORDER
360,4,Personal Care,198.06896551724137,316.44827586206895,82.34482758620689,127.24137931034483,1873060.96,REORDER
360,5,Personal Care,156.74193548387098,307.2258064516129,78.3225806451613,121.90322580645162,1584471.31,REORDER
360,6,Personal Care,186.27586206896552,311.9655172413793,75.20689655172414,125.89655172413794,1761538.18,REORDER
360,7,Personal Care,178.04347826086956,289.5652173913044,80.30434782608695,119.78260869565217,1335338.55,REORDER
360,8,Personal Care,167.75,270.25,75.65,120.45,1094031.95,REORDER
360,9,Personal Care,181.25806451612902,276.3225806451613,73.54838709677419,130.83870967741936,1832299.71,REORDER
360,10,Personal Care,175.2962962962963,309.18518518518516,76.25925925925925,122.85185185185185,1543383.97,REORDER
361,1,Electronics,178.42857142857142,184.5,50.57142857142857,273.0,220823.2,REORDER
361,2,Electronics,180.20833333333334,203.08333333333334,53.041666666666664,270.5416666666667,191165.0,REORDER
361,3,Electronics,175.27272727272728,207.6818181818182,51.40909090909091,288.5,170435.2,REORDER
361,4,Electronics,181.85185185185185,181.2962962962963,52.81481481481482,263.8888888888889,217022.0,HEALTHY
361,5,Electronics,195.23076923076923,183.19230769230768,55.80769230769231,248.92307692307693,224359.2,HEALTHY
361,6,Electronics,163.55555555555554,218.16666666666666,48.333333333333336,274.3333333333333,130124.8,REORDER
361,7,Electronics,184.65217391304347,186.1304347826087,48.82608695652174,263.8695652173913,187717.4,REORDER
361,8,Electronics,187.45,226.4,61.05,313.6,165705.8,REORDER
361,9,Electronics,187.0625,183.9375,47.96875,257.1875,264581.2,HEALTHY
361,10,Electronics,179.08,197.24,53.16,291.96,197883.4,REORDER
362,1,Office Supplies,203.95833333333334,519.9583333333334,133.375,189.75,1209309.75,REORDER
362,2,Office Supplies,165.21052631578948,523.2631578947369,145.05263157894737,182.05263157894737,775489.95,REORDER
362,3,Office Supplies,178.6818181818182,558.3636363636364,122.45454545454545,195.4090909090909,971153.55,REORDER
362,4,Office Supplies,184.93333333333334,573.4666666666667,146.93333333333334,198.5,1370633.4,REORDER
362,5,Office Supplies,160.03703703703704,537.1111111111111,122.74074074074075,199.96296296296296,1067503.05,REORDER
362,6,Office Supplies,160.85714285714286,575.952380952381,127.42857142857143,209.66666666666666,834534.9,REORDER
362,7,Office Supplies,169.84615384615384,569.0384615384615,124.73076923076923,200.3846153846154,1090972.8,REORDER
362,8,Office Supplies,202.1304347826087,591.3913043478261,149.52173913043478,200.47826086956522,1148535.45,REORDER
362,9,Office Supplies,166.625,426.3333333333333,118.58333333333333,203.66666666666666,987952.95,REORDER
362,10,Office Supplies,161.33333333333334,548.3333333333334,123.37037037037037,202.59259259259258,1076149.8,REORDER
363,1,Office Supplies,175.91304347826087,171.08695652173913,53.47826086956522,212.04347826086956,294184.66000000003,HEALTHY
363,2,Office Supplies,198.52380952380952,217.42857142857142,57.95238095238095,224.71428571428572,303127.99,REORDER
363,3,Office Supplies,206.5909090909091,225.04545454545453,57.63636363636363,218.1818181818182,330466.95,REORDER
363,4,Office Supplies,178.8095238095238,202.04761904761904,56.0,220.8095238095238,273026.05,REORDER
363,5,Office Supplies,182.45,201.2,64.55,230.25,265318.79,REORDER
363,6,Office Supplies,165.42857142857142,149.38095238095238,42.476190476190474,191.61904761904762,252594.54,HEALTHY
363,7,Office Supplies,173.36363636363637,192.86363636363637,52.22727272727273,208.5909090909091,277315.94,REORDER
363,8,Office Supplies,189.03125,197.75,50.6875,201.5,439822.79,REORDER
363,9,Office Supplies,163.3846153846154,157.73076923076923,50.19230769230769,212.0,308872.08,HEALTHY
363,10,Office Supplies,169.04,225.76,62.48,238.8,307272.46,REORDER
364,1,Electronics,186.67857142857142,119.78571428571429,39.5,85.46428571428571,1617861.04,HEALTHY
364,2,Electronics,167.26923076923077,128.30769230769232,40.73076923076923,82.1923076923077,1346102.48,HEALTHY
364,3,Electronics,169.73684210526315,123.26315789473684,34.578947368421055,77.0,998202.0,HEALTHY
364,4,Electronics,159.6315789473684,122.26315789473684,36.10526315789474,87.3157894736842,938774.16,HEALTHY
364,5,Electronics,181.54166666666666,121.20833333333333,36.583333333333336,83.0,1348578.64,HEALTHY
364,6,Electronics,176.8709677419355,129.2258064516129,37.225806451612904,78.3225806451613,1697098.16,HEALTHY
364,7,Electronics,206.06896551724137,122.24137931034483,38.93103448275862,81.37931034482759,1849691.52,HEALTHY
364,8,Electronics,195.625,120.84375,38.15625,79.46875,1937595.2,HEALTHY
364,9,Electronics,184.33333333333334,113.83333333333333,37.44444444444444,83.11111111111111,1026987.36,HEALTHY
364,10,Electronics,173.55172413793105,127.55172413793103,38.51724137931034,85.51724137931035,1557814.16,HEALTHY
365,1,Furniture,188.83870967741936,189.74193548387098,57.87096774193548,100.19354838709677,1971451.58,REORDER
365,2,Furniture,165.32258064516128,189.19354838709677,54.45161290322581,96.83870967741936,1725946.25,REORDER
365,3,Furniture,145.22222222222223,171.19444444444446,47.69444444444444,93.86111111111111,1760633.56,REORDER
365,4,Furniture,171.42105263157896,206.31578947368422,51.8421052631579,96.10526315789474,1096859.8900000001,REORDER
365,5,Furniture,151.19230769230768,189.23076923076923,50.34615384615385,90.5,1323842.87,REORDER
365,6,Furniture,180.6818181818182,221.63636363636363,61.36363636363637,93.22727272727273,1338660.75,REORDER
365,7,Furniture,175.4814814814815,190.07407407407408,59.148148148148145,95.70370370370371,1595616.26,REORDER
365,8,Furniture,189.72727272727272,177.86363636363637,51.09090909090909,97.9090909090909,1405677.98,HEALTHY
365,9,Furniture,197.88,198.12,48.48,83.32,1666001.19,REORDER
365,10,Furniture,201.28,172.48,50.12,95.52,1694626.64,HEALTHY
366,1,Office Supplies,195.4375,194.375,54.9375,146.53125,1045606.26,HEALTHY
366,2,Office Supplies,178.95454545454547,205.77272727272728,52.27272727272727,138.04545454545453,658227.03,REORDER
366,3,Office Supplies,191.76,210.28,58.68,140.88,801508.86,REORDER
366,4,Office Supplies,199.23333333333332,195.26666666666668,59.666666666666664,145.03333333333333,999294.63,HEALTHY
366,5,Office Supplies,142.13636363636363,204.54545454545453,50.18181818181818,148.5,522803.13,REORDER
366,6,Office Supplies,205.8695652173913,206.91304347826087,51.73913043478261,142.34782608695653,791644.65,REORDER
366,7,Office Supplies,217.82758620689654,240.27586206896552,59.41379310344828,146.0344827586207,1056139.23,REORDER
366,8,Office Supplies,167.8695652173913,179.0,55.47826086956522,131.30434782608697,645520.59,REORDER
366,9,Office Supplies,160.375,201.91666666666666,53.958333333333336,140.58333333333334,643514.31,REORDER
366,10,Office Supplies,211.2,183.2,46.6,140.95,706210.56,HEALTHY
367,1,Grocery,172.14285714285714,89.10714285714286,32.964285714285715,62.75,1487644.8,HEALTHY
367,2,Grocery,176.1,83.8,31.5,59.15,1087030.08,HEALTHY
367,3,Grocery,143.25806451612902,69.90322580645162,28.0,60.67741935483871,1370670.24,HEALTHY
367,4,Grocery,166.05263157894737,71.94736842105263,28.31578947368421,49.473684210526315,973759.2,HEALTHY
367,5,Grocery,190.89655172413794,77.65517241379311,28.517241379310345,63.37931034482759,1708631.04,HEALTHY
367,6,Grocery,178.28571428571428,79.85714285714286,29.476190476190474,57.285714285714285,1155548.16,HEALTHY
367,7,Grocery,189.05555555555554,79.11111111111111,28.13888888888889,59.638888888888886,2100603.84,HEALTHY
367,8,Grocery,161.7037037037037,93.81481481481481,29.88888888888889,61.333333333333336,1347522.24,HEALTHY
367,9,Grocery,167.6153846153846,76.42307692307692,25.846153846153847,58.26923076923077,1345053.12,HEALTHY
367,10,Grocery,164.22727272727272,81.81818181818181,26.681818181818183,65.95454545454545,1115116.32,HEALTHY
368,1,Personal Care,172.23333333333332,134.46666666666667,42.5,509.4,50429.92,HEALTHY
368,2,Personal Care,173.3235294117647,147.41176470588235,44.61764705882353,505.1470588235294,57515.68,HEALTHY
368,3,Personal Care,188.52173913043478,130.34782608695653,41.34782608695652,478.04347826086956,42319.36,HEALTHY
368,4,Personal Care,162.0,142.2,41.2,431.7,31622.4,HEALTHY
368,5,Personal Care,180.34375,138.3125,41.4375,520.21875,56324.96,HEALTHY
368,6,Personal Care,168.71875,156.28125,47.65625,512.28125,52694.24,HEALTHY
368,7,Personal Care,178.1153846153846,143.65384615384616,47.11538461538461,485.7692307692308,45198.56,HEALTHY
368,8,Personal Care,193.8125,149.125,42.65625,502.65625,60531.520000000004,HEALTHY
368,9,Personal Care,167.73684210526315,175.21052631578948,48.473684210526315,549.7894736842105,31105.12,REORDER
368,10,Personal Care,199.69565217391303,176.7826086956522,53.95652173913044,511.95652173913044,44827.68,HEALTHY
369,1,Electronics,155.5,697.375,164.5,193.0,1076383.44,CRITICAL
369,2,Electronics,186.9655172413793,622.2758620689655,150.68965517241378,194.6206896551724,1563813.24,REORDER
369,3,Electronics,174.62962962962962,669.4074074074074,152.8148148148148,185.66666666666666,1359900.3,REORDER
369,4,Electronics,189.46153846153845,728.2307692307693,176.15384615384616,201.76923076923077,1420756.92,REORDER
369,5,Electronics,198.95454545454547,655.2272727272727,159.0,178.3181818181818,1262414.34,REORDER
369,6,Electronics,174.5897435897436,564.2307692307693,139.10256410256412,193.94871794871796,1963851.78,REORDER
369,7,Electronics,179.5,656.5,173.20833333333334,182.04166666666666,1242513.36,REORDER
369,8,Electronics,200.0,491.94444444444446,141.66666666666666,204.05555555555554,1038312.0,REORDER
369,9,Electronics,217.4,636.45,166.1,192.4,1254050.16,REORDER
369,10,Electronics,194.14285714285714,597.8285714285714,128.97142857142856,195.05714285714285,1959813.9,REORDER
370,1,Personal Care,193.21875,163.0625,56.53125,185.59375,532912.77,HEALTHY
370,2,Personal Care,166.08,227.96,56.96,192.96,357860.88,REORDER
370,3,Personal Care,143.22727272727272,196.45454545454547,53.68181818181818,199.22727272727272,271584.69,REORDER
370,4,Personal Care,188.625,199.58333333333334,54.833333333333336,208.66666666666666,390182.13,REORDER
370,5,Personal Care,192.61111111111111,212.38888888888889,57.94444444444444,177.88888888888889,298820.73,REORDER
370,6,Personal Care,203.86666666666667,191.86666666666667,48.6,191.06666666666666,263569.02,HEALTHY
370,7,Personal Care,200.6818181818182,173.6818181818182,59.36363636363637,189.77272727272728,380528.85,HEALTHY
370,8,Personal Care,184.1875,182.6875,51.75,195.125,508003.86,HEALTHY
370,9,Personal Care,156.5,177.6818181818182,49.90909090909091,188.6818181818182,296752.17,REORDER
370,10,Personal Care,182.12,163.92,47.0,191.0,392423.07,HEALTHY
371,1,Office Supplies,154.56,85.32,29.8,60.52,1231765.92,HEALTHY
371,2,Office Supplies,153.17391304347825,88.95652173913044,33.65217391304348,70.6086956521739,1123061.94,HEALTHY
371,3,Office Supplies,181.85714285714286,89.75,32.25,67.85714285714286,1623227.76,HEALTHY
371,4,Office Supplies,158.21212121212122,70.24242424242425,26.78787878787879,63.121212121212125,1664350.38,HEALTHY
371,5,Office Supplies,170.23529411764707,101.52941176470588,36.705882352941174,66.08823529411765,1845098.6400000001,HEALTHY
371,6,Office Supplies,178.25,85.875,28.96875,66.46875,1818321.1199999999,HEALTHY
371,7,Office Supplies,166.94736842105263,92.63157894736842,36.94736842105263,63.05263157894737,1011170.16,HEALTHY
371,8,Office Supplies,195.95454545454547,106.77272727272727,36.40909090909091,70.5909090909091,1374260.58,HEALTHY
371,9,Office Supplies,209.57894736842104,97.36842105263158,36.73684210526316,74.3157894736842,1269381.96,HEALTHY
371,10,Office Supplies,130.95454545454547,106.18181818181819,33.68181818181818,60.13636363636363,918405.1799999999,HEALTHY
372,1,Office Supplies,200.9047619047619,164.52380952380952,49.0,630.7619047619048,35355.22,HEALTHY
372,2,Office Supplies,206.86363636363637,165.22727272727272,41.36363636363637,614.3181818181819,38137.38,HEALTHY
372,3,Office Supplies,183.57142857142858,180.85714285714286,53.5,612.8928571428571,43073.2,HEALTHY
372,4,Office Supplies,185.23076923076923,143.23076923076923,39.30769230769231,554.9230769230769,20179.04,HEALTHY
372,5,Office Supplies,158.95833333333334,200.95833333333334,52.333333333333336,638.8333333333334,31969.699999999997,REORDER
372,6,Office Supplies,198.875,170.375,42.0625,554.625,53330.32,HEALTHY
372,7,Office Supplies,196.84615384615384,179.46153846153845,50.73076923076923,554.9230769230769,42888.84,HEALTHY
372,8,Office Supplies,201.95454545454547,162.0,44.72727272727273,615.5909090909091,37232.34,HEALTHY
372,9,Office Supplies,181.07407407407408,171.4814814814815,44.592592592592595,590.074074074074,40969.82,HEALTHY
372,10,Office Supplies,204.3181818181818,145.0,40.40909090909091,600.9545454545455,37668.1,HEALTHY
373,1,Electronics,180.0909090909091,240.36363636363637,52.36363636363637,126.63636363636364,785308.02,REORDER
373,2,Electronics,142.6,253.2,56.25,139.1,565294.92,REORDER
373,3,Electronics,178.5185185185185,197.2962962962963,53.888888888888886,127.85185185185185,955372.2,REORDER
373,4,Electronics,188.26923076923077,247.46153846153845,61.46153846153846,135.76923076923077,970237.95,REORDER
373,5,Electronics,150.03846153846155,222.6153846153846,59.07692307692308,132.1153846153846,773217.21,REORDER
373,6,Electronics,174.92857142857142,229.14285714285714,57.07142857142857,138.39285714285714,970832.58,REORDER
373,7,Electronics,149.12,200.84,56.2,132.04,738926.88,REORDER
373,8,Electronics,182.34782608695653,215.91304347826087,58.65217391304348,138.6086956521739,831292.74,REORDER
373,9,Electronics,191.4,228.9,65.6,140.65,758747.88,REORDER
373,10,Electronics,165.13793103448276,224.58620689655172,65.72413793103448,137.68965517241378,949227.69,REORDER
374,1,Grocery,181.0,286.6923076923077,83.92307692307692,144.02564102564102,1883129.43,REORDER
374,2,Grocery,162.14705882352942,322.79411764705884,95.82352941176471,146.38235294117646,1470703.01,REORDER
374,3,Grocery,163.09677419354838,368.19354838709677,86.48387096774194,150.58064516129033,1348789.12,REORDER
374,4,Grocery,182.69565217391303,321.7826086956522,77.73913043478261,146.7826086956522,1120967.54,REORDER
374,5,Grocery,187.0,349.48,96.68,151.56,1247149.75,REORDER
374,6,Grocery,192.85,319.5,86.35,159.95,1028931.89,REORDER
374,7,Grocery,223.14285714285714,380.0,96.57142857142857,138.66666666666666,1250084.22,REORDER
374,8,Grocery,201.45,362.35,84.45,158.6,1074816.33,REORDER
374,9,Grocery,147.42857142857142,321.95238095238096,84.0,141.66666666666666,825919.92,REORDER
374,10,Grocery,171.1904761904762,332.42857142857144,92.85714285714286,153.71428571428572,959038.15,REORDER
375,1,Home Appliances,203.95238095238096,148.38095238095238,45.57142857142857,166.47619047619048,413181.01,HEALTHY
375,2,Home Appliances,193.25,166.90625,47.21875,163.9375,596570.48,HEALTHY
375,3,Home Appliances,162.55,156.6,42.15,167.8,313623.97000000003,HEALTHY
375,4,Home Appliances,170.75,157.125,39.333333333333336,178.45833333333334,395334.06,HEALTHY
375,5,Home Appliances,218.46153846153845,199.23076923076923,45.76923076923077,178.84615384615384,273974.8,HEALTHY
375,6,Home Appliances,185.5,107.95454545454545,42.13636363636363,159.27272727272728,393694.07,HEALTHY
375,7,Home Appliances,199.65625,152.84375,43.09375,161.5,616346.83,HEALTHY
375,8,Home Appliances,180.3913043478261,148.6086956521739,44.47826086956522,154.95652173913044,400254.03,HEALTHY
375,9,Home Appliances,181.9375,151.28125,45.3125,160.9375,561648.34,HEALTHY
375,10,Home Appliances,186.14285714285714,134.28571428571428,41.464285714285715,150.0,502801.64,HEALTHY
376,1,Electronics,185.4814814814815,248.8148148148148,64.18518518518519,223.07407407407408,370842.4,REORDER
376,2,Electronics,151.33333333333334,223.33333333333334,65.61904761904762,215.8095238095238,235330.9,REORDER
376,3,Electronics,177.90322580645162,224.80645161290323,60.225806451612904,219.96774193548387,408385.75,REORDER
376,4,Electronics,196.79310344827587,213.13793103448276,55.48275862068966,223.06896551724137,422603.35000000003,REORDER
376,5,Electronics,201.2258064516129,217.16129032258064,63.096774193548384,237.90322580645162,461923.9,REORDER
376,6,Electronics,184.76666666666668,259.3,64.63333333333334,227.83333333333334,410459.15,REORDER
376,7,Electronics,177.9375,229.09375,65.0,223.34375,421640.7,REORDER
376,8,Electronics,213.0909090909091,222.4090909090909,66.77272727272727,230.63636363636363,347146.4,REORDER
376,9,Electronics,216.26666666666668,215.6,56.3,221.8,480436.4,HEALTHY
376,10,Electronics,158.84,207.64,56.12,214.72,294052.55,REORDER
377,1,Home Appliances,163.66666666666666,248.83333333333334,64.2,308.8,180491.6,REORDER
377,2,Home Appliances,164.2258064516129,179.8709677419355,48.61290322580645,282.4516129032258,187145.16,REORDER
377,3,Home Appliances,187.59259259259258,229.66666666666666,53.592592592592595,318.2962962962963,186189.4,REORDER
377,4,Home Appliances,196.0,227.6551724137931,61.03448275862069,321.41379310344826,208943.84,REORDER
377,5,Home Appliances,172.11764705882354,199.52941176470588,54.05882352941177,310.1764705882353,107559.76,REORDER
377,6,Home Appliances,203.12,177.0,54.32,307.04,186667.28,HEALTHY
377,7,Home Appliances,171.15384615384616,219.84615384615384,53.03846153846154,309.65384615384613,163582.0,REORDER
377,8,Home Appliances,176.07407407407408,228.92592592592592,62.48148148148148,300.14814814814815,174757.04,REORDER
377,9,Home Appliances,175.96875,242.3125,59.1875,334.625,206995.56,REORDER
377,10,Home Appliances,175.1851851851852,208.55555555555554,53.22222222222222,318.51851851851853,173874.8,REORDER
378,1,Furniture,203.23529411764707,392.5882352941176,94.17647058823529,235.05882352941177,413356.2,REORDER
378,2,Furniture,165.22222222222223,336.25925925925924,101.88888888888889,229.33333333333334,533714.04,REORDER
378,3,Furniture,202.70967741935485,393.03225806451616,105.61290322580645,233.70967741935485,751817.76,REORDER
378,4,Furniture,201.75,320.0,84.25,229.5,482747.4,REORDER
378,5,Furniture,187.1153846153846,374.8076923076923,87.46153846153847,228.46153846153845,582048.6,REORDER
378,6,Furniture,170.19230769230768,372.61538461538464,84.23076923076923,224.07692307692307,529407.0,REORDER
378,7,Furniture,155.625,363.75,89.66666666666667,221.58333333333334,446855.4,REORDER
378,8,Furniture,181.83333333333334,409.3333333333333,92.55555555555556,231.27777777777777,391581.72,REORDER
378,9,Furniture,186.37037037037038,388.14814814814815,94.5925925925926,234.85185185185185,602028.48,REORDER
378,10,Furniture,190.22727272727272,347.90909090909093,91.72727272727273,214.77272727272728,500693.4,REORDER
379,1,Home Appliances,190.75,203.58333333333334,66.58333333333333,140.04166666666666,913173.66,REORDER
379,2,Home Appliances,161.0,172.1818181818182,57.90909090909091,123.9090909090909,706522.74,REORDER
379,3,Home Appliances,185.16,195.68,57.72,136.36,923346.63,REORDER
379,4,Home Appliances,189.8125,194.625,59.1875,127.53125,1211580.78,REORDER
379,5,Home Appliances,185.16,226.44,55.44,125.68,923346.63,REORDER
379,6,Home Appliances,185.82142857142858,224.64285714285714,58.5,131.03571428571428,1037842.4099999999,REORDER
379,7,Home Appliances,173.61111111111111,214.27777777777777,55.833333333333336,124.83333333333333,623343.75,REORDER
379,8,Home Appliances,193.8,213.5,52.4,117.75,773145.72,REORDER
379,9,Home Appliances,192.58333333333334,197.45833333333334,57.75,135.125,921950.34,REORDER
379,10,Home Appliances,180.70833333333334,180.04166666666666,51.5,127.08333333333333,865101.39,HEALTHY
380,1,Grocery,188.5,62.65,26.2,122.9,179527.4,HEALTHY
380,2,Grocery,170.95833333333334,57.583333333333336,26.458333333333332,125.79166666666667,195384.86,HEALTHY
380,3,Grocery,184.20833333333334,62.291666666666664,23.916666666666668,133.91666666666666,210528.02,HEALTHY
380,4,Grocery,172.8846153846154,52.07692307692308,27.153846153846153,113.38461538461539,214051.9,HEALTHY
380,5,Grocery,179.15384615384616,60.42307692307692,26.26923076923077,123.76923076923077,221813.96,HEALTHY
380,6,Grocery,197.84615384615384,56.0,25.76923076923077,125.6923076923077,244957.28,HEALTHY
380,7,Grocery,188.82926829268294,52.5609756097561,23.24390243902439,109.70731707317073,368674.04,HEALTHY
380,8,Grocery,161.04347826086956,60.78260869565217,27.0,113.56521739130434,176384.48,HEALTHY
380,9,Grocery,165.14285714285714,49.48571428571429,21.685714285714287,115.94285714285714,275243.6,HEALTHY
380,10,Grocery,158.24,52.0,25.44,116.72,188384.72,HEALTHY
381,1,Furniture,155.32,260.08,62.76,185.76,531310.89,REORDER
381,2,Furniture,185.92,213.92,54.2,159.96,635985.84,REORDER
381,3,Furniture,207.08695652173913,226.04347826086956,67.52173913043478,164.95652173913044,651721.29,REORDER
381,4,Furniture,185.46153846153845,227.65384615384616,60.65384615384615,174.23076923076923,659794.26,REORDER
381,5,Furniture,184.09375,239.875,60.34375,168.3125,806065.53,REORDER
381,6,Furniture,167.46153846153845,205.03846153846155,68.34615384615384,158.84615384615384,595757.82,REORDER
381,7,Furniture,162.25,248.08333333333334,72.875,181.0,532816.02,REORDER
381,8,Furniture,186.2,226.32,57.16,153.56,636943.65,REORDER
381,9,Furniture,214.27777777777777,261.55555555555554,60.833333333333336,159.11111111111111,527753.3099999999,REORDER
381,10,Furniture,165.21052631578948,280.0,66.10526315789474,171.52631578947367,429509.37,REORDER
382,1,Home Appliances,201.30769230769232,232.07692307692307,61.26923076923077,579.8461538461538,58097.4,REORDER
382,2,Home Appliances,161.47368421052633,218.1578947368421,61.578947368421055,614.8421052631579,34054.8,REORDER
382,3,Home Appliances,194.57142857142858,203.78571428571428,54.107142857142854,588.4285714285714,60472.8,REORDER
382,4,Home Appliances,166.54545454545453,216.66666666666666,60.78787878787879,558.030303030303,61005.6,REORDER
382,5,Home Appliances,176.48,258.84,63.8,608.72,48973.2,REORDER
382,6,Home Appliances,182.33333333333334,216.37037037037038,58.407407407407405,631.1111111111111,54645.3,REORDER
382,7,Home Appliances,174.53846153846155,193.23076923076923,56.80769230769231,613.3461538461538,50371.8,REORDER
382,8,Home Appliances,179.15,228.7,56.3,553.25,39771.3,REORDER
382,9,Home Appliances,194.55263157894737,190.97368421052633,55.578947368421055,574.8947368421053,82062.3,HEALTHY
382,10,Home Appliances,188.94736842105263,237.94736842105263,63.63157894736842,584.2631578947369,39849.0,REORDER
383,1,Furniture,149.75,38.1875,25.75,33.6875,690024.04,OVERSTOCK
383,2,Furniture,156.375,49.166666666666664,24.791666666666668,44.041666666666664,1080826.47,OVERSTOCK
383,3,Furniture,161.7037037037037,43.0,27.666666666666668,35.629629629629626,1257364.34,OVERSTOCK
383,4,Furniture,205.3548387096774,34.83870967741935,21.451612903225808,32.87096774193548,1833344.34,OVERSTOCK
383,5,Furniture,151.9090909090909,43.18181818181818,25.136363636363637,35.86363636363637,962462.58,OVERSTOCK
383,6,Furniture,168.26923076923077,33.53846153846154,20.192307692307693,31.23076923076923,1259956.25,OVERSTOCK
383,7,Furniture,196.1851851851852,43.51851851851852,24.074074074074073,40.148148148148145,1525483.03,OVERSTOCK
383,8,Furniture,154.5,38.0,21.75,34.5,711911.28,OVERSTOCK
383,9,Furniture,172.55172413793105,38.6551724137931,22.137931034482758,37.724137931034484,1441101.96,OVERSTOCK
383,10,Furniture,182.125,44.125,23.21875,40.5625,1678405.72,OVERSTOCK
384,1,Home Appliances,179.6206896551724,580.9655172413793,147.41379310344828,422.3448275862069,270503.37,REORDER
384,2,Home Appliances,176.55555555555554,492.55555555555554,119.72222222222223,413.5,165033.54,REORDER
384,3,Home Appliances,148.32,559.28,165.04,407.56,192556.44,CRITICAL
384,4,Home Appliances,171.4814814814815,532.0,138.85185185185185,396.6666666666667,240435.9,REORDER
384,5,Home Appliances,183.5483870967742,536.6774193548387,143.5483870967742,427.83870967741933,295481.7,REORDER
384,6,Home Appliances,207.48,524.68,153.12,427.16,269360.91,REORDER
384,7,Home Appliances,210.8846153846154,528.1923076923077,140.15384615384616,422.88461538461536,284732.19,REORDER
384,8,Home Appliances,192.67857142857142,585.0357142857143,143.35714285714286,431.07142857142856,280162.35,REORDER
384,9,Home Appliances,173.83333333333334,643.8888888888889,155.38888888888889,474.05555555555554,162488.97,REORDER
384,10,Home Appliances,202.70967741935485,558.4516129032259,138.19354838709677,406.5806451612903,326328.12,REORDER
385,1,Grocery,154.24242424242425,97.93939393939394,31.90909090909091,119.54545454545455,533941.0,HEALTHY
385,2,Grocery,198.59259259259258,82.11111111111111,31.962962962962962,112.74074074074075,562473.8,HEALTHY
385,3,Grocery,139.3125,87.8125,28.1875,109.875,233822.1,HEALTHY
385,4,Grocery,195.91304347826087,81.30434782608695,29.043478260869566,108.1304347826087,472679.4,HEALTHY
385,5,Grocery,168.3448275862069,78.41379310344827,28.0,106.0,512121.8,HEALTHY
385,6,Grocery,165.625,98.20833333333333,30.583333333333332,113.0,416977.5,HEALTHY
385,7,Grocery,155.7826086956522,81.34782608695652,29.73913043478261,115.26086956521739,375856.7,HEALTHY
385,8,Grocery,189.88,98.36,30.2,116.96,497960.3,HEALTHY
385,9,Grocery,202.25,79.5,27.2,102.35,424320.5,HEALTHY
385,10,Grocery,189.6451612903226,85.35483870967742,29.903225806451612,109.2258064516129,616707.1,HEALTHY
386,1,Home Appliances,195.47368421052633,200.57894736842104,54.36842105263158,516.3684210526316,53110.200000000004,REORDER
386,2,Home Appliances,175.88888888888889,199.61111111111111,47.72222222222222,501.8333333333333,45273.8,REORDER
386,3,Home Appliances,153.07142857142858,203.07142857142858,58.464285714285715,486.14285714285717,61289.8,REORDER
386,4,Home Appliances,162.38888888888889,179.02777777777777,52.05555555555556,495.6666666666667,83597.8,REORDER
386,5,Home Appliances,197.46875,184.0,56.46875,457.03125,90361.7,HEALTHY
386,6,Home Appliances,159.2173913043478,190.2173913043478,49.391304347826086,515.2608695652174,52366.6,REORDER
386,7,Home Appliances,185.42307692307693,173.57692307692307,53.03846153846154,481.15384615384613,68940.3,HEALTHY
386,8,Home Appliances,171.70967741935485,195.70967741935485,55.87096774193548,506.5806451612903,76118.9,REORDER
386,9,Home Appliances,192.1578947368421,257.2105263157895,64.52631578947368,496.4736842105263,52209.3,REORDER
386,10,Home Appliances,173.60526315789474,183.89473684210526,51.05263157894737,515.2368421052631,94337.1,REORDER
387,1,Home Appliances,177.2,142.53333333333333,41.5,118.36666666666666,828392.28,HEALTHY
387,2,Home Appliances,195.43333333333334,159.1,45.666666666666664,134.13333333333333,913631.29,HEALTHY
387,3,Home Appliances,197.76,147.92,41.72,117.52,770423.52,HEALTHY
387,4,Home Appliances,178.90625,131.90625,40.59375,122.21875,892126.75,HEALTHY
387,5,Home Appliances,179.22222222222223,155.14814814814815,44.77777777777778,126.81481481481481,754061.37,HEALTHY
387,6,Home Appliances,176.6153846153846,158.0,45.15384615384615,121.96153846153847,715571.36,HEALTHY
387,7,Home Appliances,189.76666666666668,131.1,37.53333333333333,125.16666666666667,887140.19,HEALTHY
387,8,Home Appliances,194.80769230769232,144.42307692307693,43.76923076923077,122.92307692307692,789278.95,HEALTHY
387,9,Home Appliances,164.84848484848484,129.12121212121212,40.54545454545455,112.03030303030303,847715.2,HEALTHY
387,10,Home Appliances,154.25925925925927,134.07407407407408,43.111111111111114,122.96296296296296,649031.95,HEALTHY
388,1,Home Appliances,194.05,251.65,70.1,129.65,1146136.92,REORDER
388,2,Home Appliances,170.80769230769232,306.4230769230769,90.61538461538461,139.42307692307693,1311516.1199999999,REORDER
388,3,Home Appliances,197.92592592592592,259.3703703703704,64.92592592592592,134.7037037037037,1578190.08,REORDER
388,4,Home Appliances,198.7037037037037,270.0740740740741,72.51851851851852,124.0,1584391.8,REORDER
388,5,Home Appliances,170.11111111111111,286.18518518518516,76.18518518518519,135.03703703703704,1356404.76,REORDER
388,6,Home Appliances,200.44444444444446,336.22222222222223,85.14814814814815,135.25925925925927,1598271.84,REORDER
388,7,Home Appliances,172.91666666666666,266.44444444444446,70.88888888888889,124.30555555555556,1838367.0,REORDER
388,8,Home Appliances,206.8,249.65,77.65,114.9,1221443.52,REORDER
388,9,Home Appliances,177.67857142857142,296.2142857142857,75.89285714285714,136.03571428571428,1469217.0,REORDER
388,10,Home Appliances,177.27027027027026,285.02702702702703,80.4054054054054,127.75675675675676,1937003.88,REORDER
389,1,Electronics,191.66666666666666,66.80952380952381,24.857142857142858,72.19047619047619,572033.0,HEALTHY
389,2,Electronics,204.52173913043478,64.43478260869566,27.565217391304348,74.17391304347827,668532.48,HEALTHY
389,3,Electronics,175.38235294117646,54.35294117647059,24.0,70.08823529411765,847461.5599999999,HEALTHY
389,4,Electronics,177.41935483870967,56.58064516129032,25.032258064516128,68.16129032258064,781660.0,HEALTHY
389,5,Electronics,185.10526315789474,78.47368421052632,28.473684210526315,79.47368421052632,499836.04,HEALTHY
389,6,Electronics,196.05,67.45,31.1,73.1,557252.52,HEALTHY
389,7,Electronics,192.875,58.333333333333336,24.291666666666668,68.5,657873.48,HEALTHY
389,8,Electronics,165.78947368421052,52.73684210526316,25.42105263157895,68.42105263157895,447678.0,HEALTHY
389,9,Electronics,199.1818181818182,57.484848484848484,26.363636363636363,67.75757575757575,934154.76,OVERSTOCK
389,10,Electronics,181.14814814814815,64.62962962962963,25.25925925925926,80.29629629629629,695108.92,HEALTHY
390,1,Electronics,189.25,280.0,83.66666666666667,289.2916666666667,315169.38,REORDER
390,2,Electronics,218.86363636363637,296.8181818181818,80.13636363636364,275.45454545454544,334112.85,REORDER
390,3,Electronics,169.22222222222223,328.22222222222223,79.92592592592592,286.55555555555554,317042.91,REORDER
390,4,Electronics,181.83333333333334,293.6,87.0,277.6666666666667,378522.45,REORDER
390,5,Electronics,204.52380952380952,324.85714285714283,87.95238095238095,296.0952380952381,298030.05,REORDER
390,6,Electronics,189.48648648648648,352.2162162162162,92.10810810810811,277.94594594594594,486493.29,REORDER
390,7,Electronics,205.8421052631579,328.4736842105263,84.57894736842105,289.57894736842104,271384.29,REORDER
390,8,Electronics,181.06451612903226,303.8709677419355,87.6774193548387,296.06451612903226,389486.07,REORDER
390,9,Electronics,185.05263157894737,353.2631578947368,86.47368421052632,269.7894736842105,243975.24,REORDER
390,10,Electronics,162.92592592592592,293.0,77.4074074074074,251.5185185185185,305246.61,REORDER
391,1,Electronics,149.6451612903226,413.4193548387097,124.29032258064517,153.96774193548387,1232907.03,REORDER
391,2,Electronics,196.8148148148148,431.22222222222223,88.81481481481481,170.92592592592592,1412301.78,REORDER
391,3,Electronics,162.2173913043478,373.3478260869565,94.69565217391305,162.52173913043478,991587.87,REORDER
391,4,Electronics,161.375,383.5625,106.0625,173.4375,686218.14,REORDER
391,5,Electronics,173.28571428571428,415.75,99.07142857142857,166.0,1289516.04,REORDER
391,6,Electronics,181.95652173913044,485.7826086956522,111.91304347826087,171.56521739130434,1112247.45,REORDER
391,7,Electronics,183.04,437.0,96.48,167.44,1216163.52,REORDER
391,8,Electronics,216.95238095238096,421.14285714285717,103.42857142857143,166.38095238095238,1210848.1199999999,REORDER
391,9,Electronics,177.56,416.08,102.4,165.64,1179753.03,REORDER
391,10,Electronics,180.4,435.95,123.05,172.5,958898.16,REORDER
392,1,Grocery,171.1851851851852,116.37037037037037,37.77777777777778,83.22222222222223,1283852.94,HEALTHY
392,2,Grocery,159.66666666666666,137.0,39.476190476190474,89.95238095238095,931362.8099999999,HEALTHY
392,3,Grocery,143.67741935483872,128.0,40.25806451612903,91.38709677419355,1237187.58,HEALTHY
392,4,Grocery,191.58333333333334,138.5,36.75,91.79166666666667,1277186.46,HEALTHY
392,5,Grocery,155.0,114.80952380952381,41.95238095238095,92.38095238095238,904141.35,HEALTHY
392,6,Grocery,178.46666666666667,127.0,41.266666666666666,84.13333333333334,1487180.58,HEALTHY
392,7,Grocery,157.88,135.08,40.68,89.64,1096358.19,HEALTHY
392,8,Grocery,196.35714285714286,138.10714285714286,41.42857142857143,87.21428571428571,1527179.46,HEALTHY
392,9,Grocery,176.75,134.28571428571428,44.42857142857143,93.96428571428571,1374683.73,HEALTHY
392,10,Grocery,170.875,131.9375,39.375,91.375,759423.1799999999,HEALTHY
393,1,Furniture,178.35,139.35,42.075,177.575,480974.28,HEALTHY
393,2,Furniture,196.5,129.13636363636363,41.36363636363637,190.3181818181818,291456.66000000003,HEALTHY
393,3,Furniture,186.6,149.46666666666667,43.666666666666664,197.96666666666667,377417.16000000003,HEALTHY
393,4,Furniture,201.4,137.55,39.3,178.4,271567.76,HEALTHY
393,5,Furniture,173.875,127.66666666666667,41.75,179.45833333333334,281343.66,HEALTHY
393,6,Furniture,181.20689655172413,129.44827586206895,37.96551724137931,182.51724137931035,354292.1,HEALTHY
393,7,Furniture,185.05,138.6,45.65,187.4,249521.41999999998,HEALTHY
393,8,Furniture,179.95833333333334,132.54166666666666,40.75,187.20833333333334,291186.98,HEALTHY
393,9,Furniture,206.75,118.42857142857143,39.714285714285715,167.92857142857142,390294.38,HEALTHY
393,10,Furniture,189.2608695652174,144.08695652173913,42.95652173913044,177.2173913043478,293479.26,HEALTHY
394,1,Office Supplies,168.83333333333334,377.3,92.13333333333334,152.83333333333334,1375805.95,REORDER
394,2,Office Supplies,194.92,381.8,87.6,141.24,1323652.99,REORDER
394,3,Office Supplies,170.3448275862069,428.48275862068965,110.20689655172414,153.79310344827587,1341852.2,REORDER
394,4,Office Supplies,158.85714285714286,404.35714285714283,106.46428571428571,167.85714285714286,1208210.24,REORDER
394,5,Office Supplies,180.29166666666666,372.875,104.79166666666667,137.54166666666666,1175343.01,REORDER
394,6,Office Supplies,184.1851851851852,353.25925925925924,88.33333333333333,149.96296296296296,1350815.99,REORDER
394,7,Office Supplies,160.03846153846155,387.53846153846155,98.07692307692308,149.07692307692307,1130252.43,REORDER
394,8,Office Supplies,192.38709677419354,341.4516129032258,98.6774193548387,150.48387096774192,1620001.32,REORDER
394,9,Office Supplies,211.8,385.0,100.6,164.04,1438280.85,REORDER
394,10,Office Supplies,170.25,355.95,94.05,144.6,924900.15,REORDER
395,1,Home Appliances,181.25,262.1666666666667,80.58333333333333,120.66666666666667,1444113.0,REORDER
395,2,Home Appliances,174.5,267.5833333333333,74.20833333333333,118.58333333333333,1390332.24,REORDER
395,3,Home Appliances,171.28205128205127,297.2564102564103,73.8974358974359,117.64102564102564,2217626.4,REORDER
395,4,Home Appliances,185.08333333333334,250.0,71.5,112.25,1474655.16,REORDER
395,5,Home Appliances,160.2,258.5,81.6,120.35,1063663.92,REORDER
395,6,Home Appliances,154.85,277.7,75.95,122.95,1028142.06,REORDER
395,7,Home Appliances,161.54545454545453,252.86363636363637,66.86363636363636,117.5909090909091,1179856.92,REORDER
395,8,Home Appliances,170.56,265.84,71.68,110.24,1415562.72,REORDER
395,9,Home Appliances,183.80645161290323,247.5483870967742,68.45161290322581,119.6774193548387,1891622.04,REORDER
395,10,Home Appliances,199.46428571428572,236.32142857142858,62.642857142857146,108.35714285714286,1854108.3,REORDER
396,1,Home Appliances,157.6,85.95,25.7,154.35,204564.8,HEALTHY
396,2,Home Appliances,154.68,75.2,28.6,130.48,250968.3,HEALTHY
396,3,Home Appliances,174.4,71.93333333333334,25.833333333333332,138.3,339556.8,HEALTHY
396,4,Home Appliances,167.77272727272728,83.54545454545455,31.818181818181817,135.1818181818182,239545.9,HEALTHY
396,5,Home Appliances,200.69565217391303,106.26086956521739,33.21739130434783,149.1304347826087,299578.4,HEALTHY
396,6,Home Appliances,167.29032258064515,85.7741935483871,30.258064516129032,138.8709677419355,336571.4,HEALTHY
396,7,Home Appliances,172.24137931034483,86.41379310344827,28.655172413793103,157.79310344827587,324175.5,HEALTHY
396,8,Home Appliances,181.54166666666666,95.45833333333333,31.291666666666668,142.29166666666666,282769.3,HEALTHY
396,9,Home Appliances,195.42424242424244,87.81818181818181,31.87878787878788,132.8181818181818,418540.1,HEALTHY
396,10,Home Appliances,169.7741935483871,90.41935483870968,35.87096774193548,150.1290322580645,341568.7,HEALTHY
397,1,Grocery,206.64,75.52,30.72,68.6,1403498.88,HEALTHY
397,2,Grocery,172.0,67.31818181818181,25.09090909090909,58.68181818181818,1028037.12,HEALTHY
397,3,Grocery,178.32,81.72,28.0,60.48,1211149.44,HEALTHY
397,4,Grocery,184.47826086956522,88.82608695652173,30.217391304347824,66.73913043478261,1152738.24,HEALTHY
397,5,Grocery,146.95454545454547,83.5,28.545454545454547,67.31818181818181,878341.4400000001,HEALTHY
397,6,Grocery,170.33333333333334,69.25,28.333333333333332,66.20833333333333,1110627.84,HEALTHY
397,7,Grocery,159.14285714285714,87.33333333333333,31.333333333333332,68.85714285714286,907954.56,HEALTHY
397,8,Grocery,174.79310344827587,83.13793103448276,30.82758620689655,65.03448275862068,1377145.92,HEALTHY
397,9,Grocery,199.57142857142858,92.32142857142857,30.821428571428573,71.92857142857143,1518147.84,HEALTHY
397,10,Grocery,196.34285714285716,90.77142857142857,33.4,69.88571428571429,1866984.96,HEALTHY
398,1,Home Appliances,173.84,77.4,31.92,66.64,1087934.18,HEALTHY
398,2,Home Appliances,209.6153846153846,81.57692307692308,29.653846153846153,63.5,1364298.5,OVERSTOCK
398,3,Home Appliances,126.0,78.16666666666667,28.333333333333332,73.22222222222223,567748.44,HEALTHY
398,4,Home Appliances,173.61904761904762,112.66666666666667,35.904761904761905,70.23809523809524,912703.18,HEALTHY
398,5,Home Appliances,181.4814814814815,75.25925925925925,27.962962962962962,71.66666666666667,1226617.0,HEALTHY
398,6,Home Appliances,148.33333333333334,73.16666666666667,28.055555555555557,64.66666666666667,668381.1,HEALTHY
398,7,Home Appliances,203.86363636363637,83.95454545454545,33.04545454545455,64.27272727272727,1122730.05,HEALTHY
398,8,Home Appliances,167.95,76.2,26.85,65.8,840858.47,HEALTHY
398,9,Home Appliances,224.77777777777777,63.05555555555556,27.555555555555557,63.611111111111114,1012835.18,OVERSTOCK
398,10,Home Appliances,197.24137931034483,90.62068965517241,32.827586206896555,71.55172413793103,1431887.6,HEALTHY
399,1,Electronics,165.1,576.775,148.175,239.775,1122415.84,REORDER
399,2,Electronics,191.125,601.5416666666666,150.16666666666666,239.25,779606.52,REORDER
399,3,Electronics,135.8846153846154,560.2307692307693,116.34615384615384,225.6153846153846,600468.68,REORDER
399,4,Electronics,173.96296296296296,578.8888888888889,152.11111111111111,248.85185185185185,798302.12,REORDER
399,5,Electronics,158.33333333333334,556.5555555555555,152.40740740740742,254.0,726579.0,REORDER
399,6,Electronics,204.0909090909091,557.1818181818181,162.86363636363637,237.4090909090909,763120.4,REORDER
399,7,Electronics,171.36666666666667,550.4333333333333,155.8,239.36666666666667,873764.36,REORDER
399,8,Electronics,158.15384615384616,644.6538461538462,139.0,240.23076923076923,698875.52,REORDER
399,9,Electronics,180.74074074074073,522.6666666666666,135.40740740740742,232.11111111111111,829404.8,REORDER
399,10,Electronics,203.375,545.21875,155.53125,260.25,1106099.68,REORDER
400,1,Office Supplies,210.54166666666666,65.95833333333333,28.541666666666668,172.33333333333334,140523.93,HEALTHY
400,2,Office Supplies,163.875,82.28125,29.65625,179.96875,145835.64,HEALTHY
400,3,Office Supplies,155.71428571428572,65.61904761904762,27.714285714285715,187.9047619047619,90938.7,HEALTHY
400,4,Office Supplies,180.16666666666666,84.29166666666667,29.541666666666668,188.95833333333334,120250.44,HEALTHY
400,5,Office Supplies,171.92,80.6,28.64,192.24,119527.38,HEALTHY
400,6,Office Supplies,171.79166666666666,90.20833333333333,30.791666666666668,233.41666666666666,114660.63,HEALTHY
400,7,Office Supplies,184.8095238095238,61.857142857142854,25.238095238095237,185.14285714285714,107930.61,HEALTHY
400,8,Office Supplies,178.46666666666667,76.3,27.466666666666665,174.53333333333333,148894.74,HEALTHY
400,9,Office Supplies,196.16666666666666,76.11111111111111,25.444444444444443,205.72222222222223,98197.11,HEALTHY
400,10,Office Supplies,200.5,74.63636363636364,28.454545454545453,203.6818181818182,122669.91,HEALTHY
401,1,Personal Care,193.52,419.4,105.88,466.92,162314.9,REORDER
401,2,Personal Care,166.19230769230768,379.7692307692308,121.8076923076923,452.2692307692308,144969.55,REORDER
401,3,Personal Care,166.44,420.4,108.76,463.48,139601.55,REORDER
401,4,Personal Care,217.0,395.22222222222223,118.94444444444444,466.6666666666667,131046.3,REORDER
401,5,Personal Care,194.26666666666668,349.53333333333336,90.23333333333333,448.7,195529.4,REORDER
401,6,Personal Care,136.625,445.25,121.0625,479.6875,73340.3,REORDER
401,7,Personal Care,176.36,404.12,94.64,433.2,147921.95,REORDER
401,8,Personal Care,159.21052631578948,355.5263157894737,110.21052631578948,447.63157894736844,101488.75,REORDER
401,9,Personal Care,220.92,397.8,104.16,449.96,185296.65,REORDER
401,10,Personal Care,193.92,375.16,89.72,410.52,162650.4,REORDER
402,1,Home Appliances,163.96153846153845,100.88461538461539,36.84615384615385,79.11538461538461,1276896.39,HEALTHY
402,2,Home Appliances,186.8,140.44,43.28,87.32,1398805.1,HEALTHY
402,3,Home Appliances,215.66666666666666,129.91666666666666,39.416666666666664,82.58333333333333,1550367.28,HEALTHY
402,4,Home Appliances,186.7058823529412,135.1764705882353,42.705882352941174,81.52941176470588,950708.22,HEALTHY
402,5,Home Appliances,194.95454545454547,134.54545454545453,37.81818181818182,88.68181818181819,1284684.17,HEALTHY
402,6,Home Appliances,149.66666666666666,155.22222222222223,36.833333333333336,100.0,806933.82,REORDER
402,7,Home Appliances,195.89285714285714,134.82142857142858,40.07142857142857,80.57142857142857,1642922.05,HEALTHY
402,8,Home Appliances,195.0,144.64285714285714,41.285714285714285,89.28571428571429,1635433.8,HEALTHY
402,9,Home Appliances,178.16666666666666,136.44444444444446,35.72222222222222,83.11111111111111,960592.71,HEALTHY
402,10,Home Appliances,176.95238095238096,137.61904761904762,37.61904761904762,82.9047619047619,1113053.48,HEALTHY
403,1,Electronics,187.70833333333334,279.125,72.125,125.91666666666667,1561568.15,REORDER
403,2,Electronics,167.0,314.83870967741933,83.51612903225806,128.41935483870967,1794503.51,REORDER
403,3,Electronics,176.70967741935485,328.3225806451613,87.48387096774194,126.0,1898839.14,REORDER
403,4,Electronics,188.1875,318.125,67.8125,122.0625,1043702.93,REORDER
403,5,Electronics,173.03571428571428,296.9642857142857,82.78571428571429,122.03571428571429,1679422.35,REORDER
403,6,Electronics,192.03333333333333,289.6333333333333,83.53333333333333,116.66666666666667,1996935.4300000002,REORDER
403,7,Electronics,179.5142857142857,331.8,84.6,121.25714285714285,2177876.29,REORDER
403,8,Electronics,186.76,300.68,75.0,135.2,1618415.47,REORDER
403,9,Electronics,180.45454545454547,310.95454545454544,82.27272727272727,120.72727272727273,1376121.1,REORDER
403,10,Electronics,178.8421052631579,321.8421052631579,84.94736842105263,126.42105263157895,1177848.74,REORDER
404,1,Personal Care,193.15151515151516,101.81818181818181,34.666666666666664,81.96969696969697,1524724.54,HEALTHY
404,2,Personal Care,197.1818181818182,114.45454545454545,38.54545454545455,94.4090909090909,1037692.98,HEALTHY
404,3,Personal Care,150.96,102.72,31.04,75.36,902778.54,HEALTHY
404,4,Personal Care,183.05263157894737,103.15789473684211,31.42105263157895,84.63157894736842,831972.38,HEALTHY
404,5,Personal Care,192.83333333333334,123.72222222222223,40.5,99.38888888888889,830297.91,HEALTHY
404,6,Personal Care,187.33333333333334,112.625,38.083333333333336,75.95833333333333,1075488.1600000001,HEALTHY
404,7,Personal Care,160.0,97.0,33.5,73.60714285714286,1071660.8,HEALTHY
404,8,Personal Care,203.9090909090909,108.63636363636364,36.0,82.22727272727273,1073096.06,HEALTHY
404,9,Personal Care,175.51724137931035,104.24137931034483,33.689655172413794,82.62068965517241,1217578.9,HEALTHY
404,10,Personal Care,168.96,122.36,38.2,90.56,1010423.04,HEALTHY
405,1,Office Supplies,182.65384615384616,65.26923076923077,27.46153846153846,78.88461538461539,762309.48,HEALTHY
405,2,Office Supplies,192.96,57.52,27.0,65.48,774348.48,OVERSTOCK
405,3,Office Supplies,199.8695652173913,58.91304347826087,25.652173913043477,70.73913043478261,737910.4400000001,HEALTHY
405,4,Office Supplies,217.83333333333334,58.333333333333336,24.5,72.16666666666667,629398.92,OVERSTOCK
405,5,Office Supplies,182.1904761904762,61.666666666666664,30.095238095238095,62.666666666666664,614149.52,HEALTHY
405,6,Office Supplies,166.45714285714286,58.4,25.257142857142856,62.857142857142854,935189.52,HEALTHY
405,7,Office Supplies,201.17142857142858,54.4,25.942857142857143,73.02857142857142,1130221.32,OVERSTOCK
405,8,Office Supplies,193.41666666666666,61.583333333333336,26.125,65.08333333333333,745133.84,OVERSTOCK
405,9,Office Supplies,171.0,66.29411764705883,27.352941176470587,78.6470588235294,466631.64,HEALTHY
405,10,Office Supplies,199.625,39.5,20.5625,60.5625,512700.88,OVERSTOCK
406,1,Personal Care,178.625,90.58333333333333,31.625,77.58333333333333,983737.89,HEALTHY
406,2,Personal Care,146.75,87.95,27.6,77.05,673494.45,HEALTHY
406,3,Personal Care,193.17857142857142,90.07142857142857,31.571428571428573,77.5,1241203.23,HEALTHY
406,4,Personal Care,186.68,74.96,29.92,72.56,1070936.49,HEALTHY
406,5,Personal Care,203.34375,102.90625,32.1875,81.03125,1493161.29,HEALTHY
406,6,Personal Care,172.0,100.55555555555556,33.72222222222222,76.55555555555556,710439.12,HEALTHY
406,7,Personal Care,158.95833333333334,95.29166666666667,31.083333333333332,83.83333333333333,875428.05,HEALTHY
406,8,Personal Care,184.2173913043478,89.43478260869566,30.869565217391305,71.43478260869566,972264.39,HEALTHY
406,9,Personal Care,189.42857142857142,93.66666666666667,34.95238095238095,81.19047619047619,912831.66,HEALTHY
406,10,Personal Care,202.73333333333332,103.53333333333333,32.0,85.53333333333333,1395636.54,HEALTHY
407,1,Electronics,185.65,144.15,46.35,107.2,784482.64,HEALTHY
407,2,Electronics,177.59259259259258,162.96296296296296,47.74074074074074,110.18518518518519,1013087.6,HEALTHY
407,3,Electronics,193.625,132.0,39.375,114.5,654545.44,HEALTHY
407,4,Electronics,177.7,162.83333333333334,43.333333333333336,111.8,1126333.68,HEALTHY
407,5,Electronics,209.75,155.0,45.1,107.5,886319.6,HEALTHY
407,6,Electronics,177.36363636363637,128.9090909090909,42.303030303030305,107.51515151515152,1236621.84,HEALTHY
407,7,Electronics,193.76923076923077,137.07692307692307,38.53846153846154,106.53846153846153,532214.32,HEALTHY
407,8,Electronics,201.11111111111111,127.44444444444444,39.75,106.72222222222223,1529667.2,HEALTHY
407,9,Electronics,161.8,158.13333333333333,43.733333333333334,112.06666666666666,1025553.12,HEALTHY
407,10,Electronics,161.04545454545453,136.04545454545453,35.5,101.72727272727273,748565.04,HEALTHY
408,1,Furniture,199.16666666666666,73.36111111111111,28.944444444444443,86.22222222222223,998064.0,HEALTHY
408,2,Furniture,185.89473684210526,81.0,26.63157894736842,92.6842105263158,491654.4,HEALTHY
408,3,Furniture,175.88235294117646,85.82352941176471,31.352941176470587,98.17647058823529,416208.0,HEALTHY
408,4,Furniture,204.9,66.35,26.7,91.55,570441.6,HEALTHY
408,5,Furniture,184.32142857142858,98.32142857142857,34.035714285714285,104.78571428571429,718411.2,HEALTHY
408,6,Furniture,222.8695652173913,91.8695652173913,29.26086956521739,98.73913043478261,713539.2,HEALTHY
408,7,Furniture,175.47368421052633,71.52631578947368,27.57894736842105,81.94736842105263,464092.8,HEALTHY
408,8,Furniture,166.96774193548387,90.06451612903226,32.225806451612904,92.09677419354838,720499.2,HEALTHY
408,9,Furniture,193.36666666666667,92.76666666666667,36.46666666666667,88.4,807499.2,HEALTHY
408,10,Furniture,137.64,79.36,31.44,88.12,478987.2,HEALTHY
409,1,Furniture,189.05882352941177,113.26470588235294,36.26470588235294,254.7941176470588,195668.32,HEALTHY
409,2,Furniture,174.57692307692307,114.5,34.76923076923077,216.30769230769232,138167.16,HEALTHY
409,3,Furniture,126.3913043478261,137.52173913043478,37.869565217391305,239.30434782608697,88489.08,REORDER
409,4,Furniture,181.44444444444446,125.05555555555556,37.388888888888886,259.05555555555554,99417.04,HEALTHY
409,5,Furniture,189.03846153846155,124.96153846153847,33.65384615384615,234.19230769230768,149612.6,HEALTHY
409,6,Furniture,181.66666666666666,131.91666666666666,38.166666666666664,238.75,132718.4,HEALTHY
409,7,Furniture,212.08695652173913,114.56521739130434,33.17391304347826,240.2173913043478,148486.32,HEALTHY
409,8,Furniture,197.64285714285714,94.71428571428571,28.071428571428573,227.92857142857142,168454.96,HEALTHY
409,9,Furniture,162.33333333333334,100.875,30.458333333333332,240.70833333333334,118594.24,HEALTHY
409,10,Furniture,146.08333333333334,117.33333333333333,35.416666666666664,235.79166666666666,106722.64,HEALTHY
410,1,Personal Care,157.26666666666668,166.56666666666666,47.6,103.8,1363313.28,REORDER
410,2,Personal Care,218.08695652173913,189.1304347826087,50.43478260869565,98.43478260869566,1449423.36,HEALTHY
410,3,Personal Care,180.66666666666666,161.9047619047619,52.42857142857143,102.52380952380952,1096314.24,HEALTHY
410,4,Personal Care,181.77777777777777,191.0,50.333333333333336,98.94444444444444,945477.12,REORDER
410,5,Personal Care,143.15384615384616,188.92307692307693,54.0,105.38461538461539,1075509.1199999999,REORDER
410,6,Personal Care,178.65625,171.125,47.125,102.84375,1651984.32,HEALTHY
410,7,Personal Care,175.66666666666666,179.125,52.333333333333336,102.41666666666667,1218255.3599999999,REORDER
410,8,Personal Care,174.56521739130434,183.43478260869566,49.34782608695652,94.82608695652173,1160174.4,REORDER
410,9,Personal Care,177.34285714285716,188.57142857142858,53.114285714285714,99.0,1793574.72,REORDER
410,10,Personal Care,185.75862068965517,173.0344827586207,51.275862068965516,105.03448275862068,1556627.52,HEALTHY
411,1,Grocery,186.17241379310346,334.9310344827586,88.51724137931035,198.6551724137931,729782.83,REORDER
411,2,Grocery,185.06666666666666,341.0,80.06666666666666,203.46666666666667,750463.84,REORDER
411,3,Grocery,216.66666666666666,366.1111111111111,81.88888888888889,218.33333333333334,527163.0,REORDER
411,4,Grocery,207.1851851851852,325.74074074074076,93.25925925925925,219.7037037037037,756140.98,REORDER
411,5,Grocery,170.04166666666666,350.2916666666667,88.625,210.75,551628.77,REORDER
411,6,Grocery,175.91666666666666,329.0833333333333,99.70833333333333,224.54166666666666,570687.74,REORDER
411,7,Grocery,166.36,344.12,92.4,205.28,562172.03,REORDER
411,8,Grocery,183.29166666666666,312.9583333333333,78.5,192.25,594612.83,REORDER
411,9,Grocery,177.64285714285714,337.7142857142857,93.32142857142857,203.64285714285714,672335.58,REORDER
411,10,Grocery,182.24,355.64,91.64,214.72,615834.52,REORDER
412,1,Personal Care,168.1904761904762,62.76190476190476,25.761904761904763,55.23809523809524,1017286.64,HEALTHY
412,2,Personal Care,181.3030303030303,68.81818181818181,28.393939393939394,59.96969696969697,1723223.66,HEALTHY
412,3,Personal Care,153.05,74.8,29.35,57.45,881629.22,HEALTHY
412,4,Personal Care,184.4375,78.15625,30.34375,53.96875,1699894.04,HEALTHY
412,5,Personal Care,147.7391304347826,52.78260869565217,25.304347826086957,47.95652173913044,978691.96,HEALTHY
412,6,Personal Care,153.86206896551724,70.82758620689656,27.620689655172413,57.172413793103445,1285145.24,HEALTHY
412,7,Personal Care,170.89655172413794,75.24137931034483,30.82758620689655,58.58620689655172,1427427.1199999999,HEALTHY
412,8,Personal Care,181.88888888888889,58.47222222222222,23.805555555555557,55.44444444444444,1885954.96,OVERSTOCK
412,9,Personal Care,172.12,72.24,26.12,54.8,1239350.06,HEALTHY
412,10,Personal Care,189.44444444444446,67.18518518518519,27.37037037037037,54.25925925925926,1473222.3,OVERSTOCK
413,1,Home Appliances,172.52631578947367,107.78947368421052,34.44736842105263,133.57894736842104,618624.16,HEALTHY
413,2,Home Appliances,207.95454545454547,87.77272727272727,32.54545454545455,122.36363636363636,431697.0,HEALTHY
413,3,Home Appliances,194.76,107.56,32.52,141.36,459438.84,HEALTHY
413,4,Home Appliances,184.2,116.73333333333333,30.533333333333335,133.4,260716.68,HEALTHY
413,5,Home Appliances,222.46428571428572,91.0,34.714285714285715,131.42857142857142,587768.44,HEALTHY
413,6,Home Appliances,181.0,96.32142857142857,34.642857142857146,123.14285714285714,478216.48,HEALTHY
413,7,Home Appliances,161.15384615384616,104.53846153846153,35.34615384615385,131.07692307692307,395368.4,HEALTHY
413,8,Home Appliances,175.9189189189189,112.67567567567568,33.945945945945944,138.02702702702703,614189.24,HEALTHY
413,9,Home Appliances,158.23076923076923,111.96153846153847,35.19230769230769,129.03846153846155,388197.04,HEALTHY
413,10,Home Appliances,140.42857142857142,109.66666666666667,35.904761904761905,127.14285714285714,278267.64,HEALTHY
414,1,Home Appliances,170.2,96.35,34.1,464.9,28423.4,HEALTHY
414,2,Home Appliances,179.57692307692307,92.65384615384616,30.26923076923077,417.46153846153845,38986.15,HEALTHY
414,3,Home Appliances,189.77777777777777,98.74074074074075,33.7037037037037,459.8888888888889,42785.4,HEALTHY
414,4,Home Appliances,153.64,114.68,35.08,435.76,32072.35,HEALTHY
414,5,Home Appliances,208.42307692307693,101.92307692307692,37.03846153846154,448.8076923076923,45248.65,HEALTHY
414,6,Home Appliances,170.5,111.6,35.05,497.3,28473.5,HEALTHY
414,7,Home Appliances,192.5185185185185,113.74074074074075,37.925925925925924,476.6666666666667,43403.3,HEALTHY
414,8,Home Appliances,159.42857142857142,104.0,36.214285714285715,441.14285714285717,37274.4,HEALTHY
414,9,Home Appliances,195.6086956521739,119.6086956521739,36.869565217391305,485.7391304347826,37566.65,HEALTHY
414,10,Home Appliances,170.47058823529412,106.47058823529412,36.1764705882353,412.3529411764706,24198.3,HEALTHY
415,1,Furniture,195.27272727272728,90.13636363636364,34.04545454545455,158.36363636363637,267898.56,HEALTHY
415,2,Furniture,179.0,91.29166666666667,31.0,152.83333333333334,267898.56,HEALTHY
415,3,Furniture,169.48,93.0,32.08,148.56,264219.32,HEALTHY
415,4,Furniture,164.6153846153846,85.07692307692308,30.807692307692307,131.26923076923077,266900.8,HEALTHY
415,5,Furniture,175.9655172413793,93.24137931034483,33.06896551724138,154.20689655172413,318223.08,HEALTHY
415,6,Furniture,172.0,109.24,38.64,169.96,268148.0,HEALTHY
415,7,Furniture,198.0,106.56521739130434,37.21739130434783,151.17391304347825,283987.44,HEALTHY
415,8,Furniture,196.84615384615384,103.88461538461539,35.88461538461539,151.92307692307693,319158.48,HEALTHY
415,9,Furniture,205.05555555555554,80.66666666666667,26.88888888888889,140.0,230170.76,HEALTHY
415,10,Furniture,182.2173913043478,104.73913043478261,30.82608695652174,160.04347826086956,261350.76,HEALTHY
416,1,Grocery,204.21875,114.90625,33.6875,100.40625,1099448.4,HEALTHY
416,2,Grocery,164.89473684210526,118.21052631578948,36.526315789473685,108.94736842105263,527095.92,HEALTHY
416,3,Grocery,199.57692307692307,100.34615384615384,34.23076923076923,92.15384615384616,872997.36,HEALTHY
416,4,Grocery,172.25,105.3125,32.5,92.875,463669.44,HEALTHY
416,5,Grocery,161.06666666666666,105.26666666666667,31.333333333333332,92.76666666666667,812935.68,HEALTHY
416,6,Grocery,181.58823529411765,104.44117647058823,32.14705882352941,92.82352941176471,1038713.76,HEALTHY
416,7,Grocery,159.25,116.6875,34.5,95.125,857351.04,HEALTHY
416,8,Grocery,195.55555555555554,105.29629629629629,34.148148148148145,89.37037037037037,888307.2,HEALTHY
416,9,Grocery,175.35714285714286,98.96428571428571,32.57142857142857,100.21428571428571,826058.4,HEALTHY
416,10,Grocery,165.5,118.46666666666667,35.2,94.93333333333334,835311.6,HEALTHY
417,1,Electronics,177.5,162.16666666666666,54.125,93.0,1409847.0,HEALTHY
417,2,Electronics,176.46428571428572,172.60714285714286,47.92857142857143,97.28571428571429,1635223.95,HEALTHY
417,3,Electronics,200.85185185185185,158.25925925925927,39.96296296296296,82.0,1794741.85,HEALTHY
417,4,Electronics,168.6,138.92,44.76,90.8,1394954.25,HEALTHY
417,5,Electronics,189.84375,185.96875,48.25,96.9375,2010521.25,HEALTHY
417,6,Electronics,182.7391304347826,168.69565217391303,43.91304347826087,94.0,1390982.85,HEALTHY
417,7,Electronics,189.51612903225808,196.25806451612902,51.483870967741936,101.06451612903226,1944331.25,REORDER
417,8,Electronics,193.41176470588235,143.88235294117646,44.94117647058823,90.76470588235294,1088163.6,HEALTHY
417,9,Electronics,175.28571428571428,176.76190476190476,51.04761904761905,89.85714285714286,1218226.95,REORDER
417,10,Electronics,174.24,172.96,46.6,83.76,1441618.2,HEALTHY
418,1,Home Appliances,170.16,306.48,90.52,353.88,182709.3,REORDER
418,2,Home Appliances,152.92,326.2,78.2,345.32,164197.85,REORDER
418,3,Home Appliances,195.7058823529412,325.8235294117647,85.70588235294117,342.05882352941177,142894.65,REORDER
418,4,Home Appliances,200.6,322.92,84.68,378.48,215394.25,REORDER
418,5,Home Appliances,192.1153846153846,369.61538461538464,92.8076923076923,360.2307692307692,214535.25,REORDER
418,6,Home Appliances,181.75862068965517,301.8965517241379,78.03448275862068,349.37931034482756,226389.45,REORDER
418,7,Home Appliances,150.96153846153845,286.34615384615387,73.5,370.7307692307692,168578.75,REORDER
418,8,Home Appliances,222.8181818181818,308.6363636363636,89.27272727272727,344.09090909090907,105270.45,REORDER
418,9,Home Appliances,166.48,291.6,81.88,358.68,178757.9,REORDER
418,10,Home Appliances,204.13793103448276,327.58620689655174,91.34482758620689,376.41379310344826,254264.0,REORDER
419,1,Furniture,198.03333333333333,136.8,41.86666666666667,92.63333333333334,1783131.74,HEALTHY
419,2,Furniture,157.8421052631579,141.73684210526315,40.578947368421055,87.42105263157895,900119.86,HEALTHY
419,3,Furniture,178.72413793103448,116.93103448275862,35.86206896551724,80.75862068965517,1555625.62,HEALTHY
419,4,Furniture,190.54166666666666,142.70833333333334,39.333333333333336,86.04166666666667,1372540.22,HEALTHY
419,5,Furniture,179.66666666666666,110.5,35.708333333333336,84.08333333333333,1294203.68,HEALTHY
419,6,Furniture,164.2608695652174,144.8695652173913,43.30434782608695,89.47826086956522,1133928.92,HEALTHY
419,7,Furniture,172.24,165.84,45.92,91.28,1292402.84,HEALTHY
419,8,Furniture,198.3913043478261,133.47826086956522,41.391304347826086,87.56521739130434,1369538.82,HEALTHY
419,9,Furniture,171.96428571428572,153.57142857142858,43.07142857142857,90.75,1445174.1,HEALTHY
419,10,Furniture,183.56,134.72,40.6,84.88,1377342.46,HEALTHY
420,1,Office Supplies,165.10344827586206,430.86206896551727,106.65517241379311,210.82758620689654,901293.12,REORDER
420,2,Office Supplies,185.90322580645162,436.4193548387097,123.38709677419355,209.74193548387098,1084827.12,REORDER
420,3,Office Supplies,156.57894736842104,482.6842105263158,126.6842105263158,208.26315789473685,560014.0,REORDER
420,4,Office Supplies,226.35,444.85,107.3,209.2,852162.48,REORDER
420,5,Office Supplies,196.05,484.65,124.475,217.325,1476178.08,REORDER
420,6,Office Supplies,191.52631578947367,392.3157894736842,106.47368421052632,198.73684210526315,685005.36,REORDER
420,7,Office Supplies,180.4516129032258,439.7741935483871,109.06451612903226,212.80645161290323,1053014.56,REORDER
420,8,Office Supplies,185.25,517.9583333333334,117.58333333333333,200.58333333333334,836915.04,REORDER
420,9,Office Supplies,162.0,473.7142857142857,122.0,186.0,426928.32,REORDER
420,10,Office Supplies,196.0,523.1111111111111,124.11111111111111,196.25925925925927,996166.08,REORDER
421,1,Furniture,184.5,242.53571428571428,73.03571428571429,121.96428571428571,1500516.3599999999,REORDER
421,2,Furniture,177.89473684210526,259.63157894736844,68.52631578947368,121.0,981754.8,REORDER
421,3,Furniture,162.84,239.64,61.36,125.16,1182462.6600000001,REORDER
421,4,Furniture,153.47619047619048,272.2857142857143,64.33333333333333,132.61904761904762,936152.58,REORDER
421,5,Furniture,176.04166666666666,282.9166666666667,79.70833333333333,124.58333333333333,1227193.5,REORDER
421,6,Furniture,176.0,301.35,66.6,122.1,1022419.2,REORDER
421,7,Furniture,181.72727272727272,268.77272727272725,78.5,134.63636363636363,1161259.08,REORDER
421,8,Furniture,193.44,301.92,79.4,131.08,1404664.56,REORDER
421,9,Furniture,161.54545454545453,249.8181818181818,65.22727272727273,125.81818181818181,1032294.84,REORDER
421,10,Furniture,180.04,259.4,75.32,121.28,1307360.46,REORDER
422,1,Home Appliances,172.6086956521739,201.8695652173913,46.17391304347826,153.34782608695653,436858.8,REORDER
422,2,Home Appliances,140.86363636363637,165.5,50.77272727272727,163.5909090909091,341013.96,REORDER
422,3,Home Appliances,191.78947368421052,211.1578947368421,55.05263157894737,167.89473684210526,400985.76,REORDER
422,4,Home Appliances,168.07407407407408,190.85185185185185,52.03703703703704,171.59259259259258,499361.52,REORDER
422,5,Home Appliances,188.76190476190476,208.85714285714286,52.285714285714285,184.66666666666666,436198.56,REORDER
422,6,Home Appliances,202.4814814814815,157.74074074074073,47.370370370370374,171.22222222222223,601588.68,HEALTHY
422,7,Home Appliances,205.90322580645162,182.32258064516128,49.61290322580645,176.29032258064515,702385.32,HEALTHY
422,8,Home Appliances,203.30434782608697,187.8695652173913,59.56521739130435,173.69565217391303,514547.04,HEALTHY
422,9,Home Appliances,162.6206896551724,202.51724137931035,57.89655172413793,163.20689655172413,518948.64,REORDER
422,10,Home Appliances,141.57142857142858,189.38095238095238,51.0,168.14285714285714,327148.92,REORDER
423,1,Home Appliances,185.21428571428572,333.14285714285717,80.92857142857143,147.5,1531218.36,REORDER
423,2,Home Appliances,171.69230769230768,358.0769230769231,95.73076923076923,139.46153846153845,1318040.64,REORDER
423,3,Home Appliances,224.42307692307693,398.38461538461536,104.8076923076923,138.3846153846154,1722842.1,REORDER
423,4,Home Appliances,224.52380952380952,372.57142857142856,80.80952380952381,140.42857142857142,1392150.9,REORDER
423,5,Home Appliances,178.83333333333334,343.25,82.83333333333333,136.25,1267255.92,REORDER
423,6,Home Appliances,185.0,349.75,104.64285714285714,144.46428571428572,1529446.8,REORDER
423,7,Home Appliances,165.25,316.1875,100.375,137.3125,780667.44,REORDER
423,8,Home Appliances,171.17857142857142,317.92857142857144,78.53571428571429,151.46428571428572,1415181.18,REORDER
423,9,Home Appliances,170.76190476190476,349.0,87.85714285714286,153.0,1058802.36,REORDER
423,10,Home Appliances,206.875,310.71875,79.78125,140.46875,1954621.2,REORDER
424,1,Furniture,185.6551724137931,67.75862068965517,29.20689655172414,51.58620689655172,1466117.04,OVERSTOCK
424,2,Furniture,190.5,56.86666666666667,25.5,49.96666666666667,1556251.65,OVERSTOCK
424,3,Furniture,191.86363636363637,65.5,25.272727272727273,61.0,1149420.51,OVERSTOCK
424,4,Furniture,158.70833333333334,67.70833333333333,27.166666666666668,59.041666666666664,1037228.79,HEALTHY
424,5,Furniture,163.17391304347825,74.6086956521739,29.0,56.43478260869565,1021979.43,HEALTHY
424,6,Furniture,192.35294117647058,55.911764705882355,23.470588235294116,54.23529411764706,1780907.4,OVERSTOCK
424,7,Furniture,178.2608695652174,65.3913043478261,27.26086956521739,54.08695652173913,1116471.0,OVERSTOCK
424,8,Furniture,165.27586206896552,63.10344827586207,25.79310344827586,55.51724137931034,1305181.83,HEALTHY
424,9,Furniture,140.76923076923077,74.5,30.46153846153846,57.26923076923077,996654.6,HEALTHY
424,10,Furniture,171.4,66.25,27.8,55.75,933478.6799999999,HEALTHY
425,1,Electronics,193.92592592592592,171.8148148148148,47.18518518518518,195.07407407407408,453856.48,HEALTHY
425,2,Electronics,174.09677419354838,193.3548387096774,46.064516129032256,200.8709677419355,467811.96,REORDER
425,3,Electronics,199.5,178.34375,50.90625,196.28125,553365.12,HEALTHY
425,4,Electronics,161.34782608695653,169.04347826086956,47.56521739130435,169.34782608695653,321669.48,REORDER
425,5,Electronics,206.0,186.41666666666666,48.416666666666664,178.08333333333334,214272.96000000002,HEALTHY
425,6,Electronics,170.45833333333334,184.66666666666666,49.916666666666664,189.58333333333334,354607.88,REORDER
425,7,Electronics,181.55172413793105,183.31034482758622,49.689655172413794,188.48275862068965,456370.2,REORDER
425,8,Electronics,195.8846153846154,165.42307692307693,45.76923076923077,187.5,441461.24,HEALTHY
425,9,Electronics,184.1818181818182,190.0,53.27272727272727,190.0,351227.36,REORDER
425,10,Electronics,187.55172413793105,164.51724137931035,45.96551724137931,174.75862068965517,471452.52,HEALTHY
426,1,Personal Care,181.75862068965517,311.8965517241379,77.89655172413794,323.3448275862069,278941.32,REORDER
426,2,Personal Care,197.0909090909091,306.6818181818182,80.68181818181819,322.8181818181818,229461.12,REORDER
426,3,Personal Care,191.62962962962962,302.25925925925924,84.88888888888889,314.77777777777777,273808.08,REORDER
426,4,Personal Care,158.28,291.16,81.84,317.56,209404.44,REORDER
426,5,Personal Care,190.7,236.85,66.0,327.55,201836.88,REORDER
426,6,Personal Care,191.48,285.08,74.8,305.08,253328.04,REORDER
426,7,Personal Care,177.57894736842104,294.7368421052632,77.63157894736842,312.42105263157896,178552.08000000002,REORDER
426,8,Personal Care,194.32,290.96,73.48,320.4,257085.36,REORDER
426,9,Personal Care,179.6153846153846,278.65384615384613,87.3076923076923,303.96153846153845,247136.4,REORDER
426,10,Personal Care,170.56,278.96,70.12,266.36,225650.88,REORDER
427,1,Home Appliances,195.52,450.04,112.6,162.64,1490204.56,REORDER
427,2,Home Appliances,173.34782608695653,399.2173913043478,105.6086956521739,163.7826086956522,1215516.69,REORDER
427,3,Home Appliances,196.95652173913044,448.9130434782609,123.26086956521739,157.65217391304347,1381061.1,REORDER
427,4,Home Appliances,184.28571428571428,409.9047619047619,106.38095238095238,159.9047619047619,1179846.9,REORDER
427,5,Home Appliances,200.89285714285714,441.35714285714283,107.85714285714286,153.32142857142858,1714893.75,REORDER
427,6,Home Appliances,167.47826086956522,400.0,108.78260869565217,154.17391304347825,1174359.24,REORDER
427,7,Home Appliances,196.48275862068965,426.58620689655174,127.13793103448276,152.51724137931035,1737149.26,REORDER
427,8,Home Appliances,145.96296296296296,414.85185185185185,98.74074074074075,159.55555555555554,1201492.67,REORDER
427,9,Home Appliances,209.66666666666666,451.0833333333333,114.29166666666667,154.25,1534105.84,REORDER
427,10,Home Appliances,174.31578947368422,445.4736842105263,106.26315789473684,155.1578947368421,1009729.44,REORDER
428,1,Furniture,171.39285714285714,65.57142857142857,27.0,46.785714285714285,1619326.57,OVERSTOCK
428,2,Furniture,183.88888888888889,45.592592592592595,24.296296296296298,40.888888888888886,1675339.95,OVERSTOCK
428,3,Furniture,173.625,45.416666666666664,21.125,41.416666666666664,1406070.81,OVERSTOCK
428,4,Furniture,180.93103448275863,58.10344827586207,24.96551724137931,52.62068965517241,1770495.21,OVERSTOCK
428,5,Furniture,165.36363636363637,67.60606060606061,27.272727272727273,52.54545454545455,1841355.51,HEALTHY
428,6,Furniture,181.03703703703704,52.74074074074074,27.37037037037037,42.333333333333336,1649357.8399999999,OVERSTOCK
428,7,Furniture,200.0,51.95652173913044,25.869565217391305,43.52173913043478,1552178.0,OVERSTOCK
428,8,Furniture,164.78125,63.3125,28.0,48.9375,1779268.39,OVERSTOCK
428,9,Furniture,177.6,65.08,26.68,51.0,1498189.2,OVERSTOCK
428,10,Furniture,175.48,73.24,29.24,54.0,1480305.41,HEALTHY
429,1,Furniture,194.875,305.5625,72.6875,498.75,116675.56,REORDER
429,2,Furniture,164.56666666666666,271.26666666666665,75.7,515.8333333333334,92371.27,REORDER
429,3,Furniture,162.89285714285714,287.75,70.60714285714286,495.82142857142856,85336.31,REORDER
429,4,Furniture,189.4,308.45,74.75,477.1,70873.48,REORDER
429,5,Furniture,178.79166666666666,250.375,80.75,510.0416666666667,80284.61,REORDER
429,6,Furniture,213.7,302.2,67.15,509.55,79966.54,REORDER
429,7,Furniture,188.68,291.0,81.56,523.4,88255.07,REORDER
429,8,Furniture,180.3793103448276,285.7931034482759,84.37931034482759,546.5862068965517,97872.01,REORDER
429,9,Furniture,199.85,281.75,78.1,474.5,74783.87,REORDER
429,10,Furniture,170.76,328.16,74.12,512.96,79872.99,REORDER
430,1,Grocery,166.06666666666666,277.73333333333335,73.4,125.0,1285804.38,REORDER
430,2,Grocery,194.52941176470588,284.94117647058823,75.3529411764706,138.58823529411765,853503.63,REORDER
430,3,Grocery,177.3125,252.25,65.25,143.3125,732201.33,REORDER
430,4,Grocery,202.625,294.75,68.25,130.625,1255091.67,REORDER
430,5,Grocery,171.25,248.7,78.1,128.45,883958.25,REORDER
430,6,Grocery,148.04545454545453,252.27272727272728,61.77272727272727,139.5,840599.13,REORDER
430,7,Grocery,209.25,258.6,64.95,138.15,1080106.65,REORDER
430,8,Grocery,196.5,233.25,67.4375,134.75,811434.96,REORDER
430,9,Grocery,167.96153846153845,272.5769230769231,71.34615384615384,134.23076923076923,1127079.03,REORDER
430,10,Grocery,186.43478260869566,276.5217391304348,68.17391304347827,138.56521739130434,1106689.92,REORDER
431,1,Personal Care,152.71428571428572,332.5357142857143,89.0,128.85714285714286,1364300.56,REORDER
431,2,Personal Care,175.8181818181818,262.54545454545456,79.81818181818181,125.81818181818181,1234124.08,REORDER
431,3,Personal Care,173.55555555555554,271.77777777777777,79.11111111111111,113.55555555555556,996743.4400000001,REORDER
431,4,Personal Care,182.10526315789474,296.89473684210526,82.26315789473684,119.21052631578948,1103947.6,REORDER
431,5,Personal Care,219.03571428571428,294.25,80.17857142857143,124.53571428571429,1956794.98,REORDER
431,6,Personal Care,176.52631578947367,279.5263157894737,79.42105263157895,132.52631578947367,1070127.24,REORDER
431,7,Personal Care,181.35294117647058,239.23529411764707,70.82352941176471,122.47058823529412,983661.98,REORDER
431,8,Personal Care,202.2173913043478,302.0,78.34782608695652,130.1304347826087,1483948.06,REORDER
431,9,Personal Care,181.03333333333333,265.23333333333335,67.86666666666666,108.4,1732814.86,REORDER
431,10,Personal Care,174.6,266.92,74.32,122.2,1392696.9,REORDER
432,1,Office Supplies,171.22222222222223,128.55555555555554,40.148148148148145,83.03703703703704,1392540.06,HEALTHY
432,2,Office Supplies,179.375,141.83333333333334,44.791666666666664,92.625,1296752.1,HEALTHY
432,3,Office Supplies,184.96428571428572,130.10714285714286,41.857142857142854,88.85714285714286,1560018.38,HEALTHY
432,4,Office Supplies,178.03846153846155,149.80769230769232,41.5,82.76923076923077,1394347.38,HEALTHY
432,5,Office Supplies,182.80769230769232,145.26923076923077,42.26923076923077,78.61538461538461,1431698.66,HEALTHY
432,6,Office Supplies,203.34782608695653,144.3913043478261,42.391304347826086,91.73913043478261,1408805.94,HEALTHY
432,7,Office Supplies,172.24,129.04,38.32,87.08,1297053.32,HEALTHY
432,8,Office Supplies,188.82608695652175,128.2608695652174,39.17391304347826,90.78260869565217,1308198.46,HEALTHY
432,9,Office Supplies,199.75,131.10714285714286,40.714285714285715,79.46428571428571,1684723.46,HEALTHY
432,10,Office Supplies,208.17857142857142,130.75,40.464285714285715,82.78571428571429,1755811.38,HEALTHY
433,1,Electronics,170.89285714285714,143.46428571428572,40.964285714285715,78.82142857142857,1616707.95,HEALTHY
433,2,Electronics,189.76666666666668,130.8,39.4,76.23333333333333,1923493.91,HEALTHY
433,3,Electronics,142.85714285714286,124.64285714285714,36.5,80.03571428571429,1351480.0,HEALTHY
433,4,Electronics,163.46153846153845,137.19230769230768,42.03846153846154,71.92307692307692,1435947.5,HEALTHY
433,5,Electronics,197.56521739130434,139.7826086956522,41.43478260869565,79.65217391304348,1535281.28,HEALTHY
433,6,Electronics,184.26470588235293,146.52941176470588,44.1764705882353,86.6470588235294,2116755.55,HEALTHY
433,7,Electronics,158.62962962962962,101.55555555555556,37.48148148148148,78.96296296296296,1447097.21,HEALTHY
433,8,Electronics,211.32,145.68,44.76,82.2,1784967.21,HEALTHY
433,9,Electronics,174.95652173913044,111.78260869565217,33.17391304347826,69.78260869565217,1359588.88,HEALTHY
433,10,Electronics,189.3181818181818,127.95454545454545,39.45454545454545,86.04545454545455,1407228.55,HEALTHY
434,1,Office Supplies,183.08333333333334,150.83333333333334,45.291666666666664,105.16666666666667,1177372.3,HEALTHY
434,2,Office Supplies,195.36,189.52,44.96,113.08,1308667.8,HEALTHY
434,3,Office Supplies,167.96666666666667,173.06666666666666,48.2,108.06666666666666,1350200.05,REORDER
434,4,Office Supplies,164.53846153846155,156.46153846153845,45.69230769230769,102.57692307692308,1146290.1,HEALTHY
434,5,Office Supplies,172.10526315789474,163.94736842105263,45.8421052631579,97.15789473684211,1752393.0,HEALTHY
434,6,Office Supplies,177.0,182.05882352941177,47.705882352941174,105.0,1612523.1,REORDER
434,7,Office Supplies,149.56521739130434,187.17391304347825,47.30434782608695,103.04347826086956,921748.0,REORDER
434,8,Office Supplies,195.13333333333333,161.7,46.86666666666667,100.46666666666667,1568579.3,HEALTHY
434,9,Office Supplies,189.5185185185185,163.2962962962963,48.592592592592595,102.74074074074075,1371100.15,HEALTHY
434,10,Office Supplies,202.56521739130434,177.3913043478261,50.21739130434783,108.26086956521739,1248379.05,HEALTHY
435,1,Personal Care,155.14814814814815,91.48148148148148,32.03703703703704,101.88888888888889,667182.03,HEALTHY
435,2,Personal Care,180.10526315789474,99.94736842105263,34.63157894736842,92.47368421052632,545021.9400000001,HEALTHY
435,3,Personal Care,151.2173913043478,100.30434782608695,30.434782608695652,103.78260869565217,553941.06,HEALTHY
435,4,Personal Care,175.21428571428572,97.67857142857143,33.535714285714285,91.46428571428571,781378.62,HEALTHY
435,5,Personal Care,167.9090909090909,106.0909090909091,30.40909090909091,100.54545454545455,588343.38,HEALTHY
435,6,Personal Care,159.0,82.3,29.7,76.35,506478.6,HEALTHY
435,7,Personal Care,191.14814814814815,103.4074074074074,32.7037037037037,95.25925925925925,821992.47,HEALTHY
435,8,Personal Care,190.11111111111111,93.33333333333333,32.96296296296296,82.66666666666667,817532.91,HEALTHY
435,9,Personal Care,191.3181818181818,74.04545454545455,31.09090909090909,87.86363636363636,670367.43,HEALTHY
435,10,Personal Care,190.94736842105263,95.26315789473684,32.78947368421053,92.0,577831.5599999999,HEALTHY
436,1,Personal Care,197.35714285714286,417.5357142857143,130.75,280.60714285714283,633776.94,REORDER
436,2,Personal Care,195.41666666666666,591.5833333333334,155.91666666666666,288.7916666666667,537896.1,REORDER
436,3,Personal Care,199.37037037037038,465.5925925925926,125.77777777777777,298.3333333333333,617376.27,REORDER
436,4,Personal Care,183.03333333333333,556.0666666666667,134.13333333333333,285.7,629762.79,REORDER
436,5,Personal Care,183.9090909090909,527.1363636363636,141.3181818181818,265.6363636363636,464035.74,REORDER
436,6,Personal Care,177.16666666666666,517.1666666666666,118.625,272.25,487661.88,REORDER
436,7,Personal Care,176.6086956521739,517.0434782608696,113.6086956521739,261.1304347826087,465870.77999999997,REORDER
436,8,Personal Care,196.25806451612902,532.1935483870968,148.51612903225808,271.5806451612903,697773.96,REORDER
436,9,Personal Care,196.42857142857142,561.2142857142857,148.03571428571428,275.60714285714283,630795.0,REORDER
436,10,Personal Care,206.48,481.56,141.04,276.32,592029.78,REORDER
437,1,Personal Care,198.46428571428572,409.42857142857144,102.78571428571429,239.14285714285714,654003.33,REORDER
437,2,Personal Care,173.45454545454547,313.3181818181818,94.5,226.86363636363637,449105.04,REORDER
437,3,Personal Care,204.75,387.0357142857143,105.71428571428571,247.07142857142858,674716.77,REORDER
437,4,Personal Care,177.55555555555554,342.1666666666667,96.88888888888889,242.38888888888889,376137.24,REORDER
437,5,Personal Care,188.47826086956522,334.17391304347825,87.82608695652173,234.2173913043478,510186.14999999997,REORDER
437,6,Personal Care,162.22727272727272,315.40909090909093,109.68181818181819,254.36363636363637,420035.61,REORDER
437,7,Personal Care,195.6,383.26666666666665,99.36666666666666,232.26666666666668,690604.92,REORDER
437,8,Personal Care,212.11111111111111,397.5925925925926,111.51851851851852,229.74074074074073,674010.63,REORDER
437,9,Personal Care,177.2173913043478,381.2173913043478,103.1304347826087,232.6086956521739,479704.44,REORDER
437,10,Personal Care,148.66666666666666,435.04761904761904,109.28571428571429,237.9047619047619,367428.18,REORDER
438,1,Office Supplies,173.93103448275863,237.20689655172413,66.20689655172414,123.37931034482759,1290003.0,REORDER
438,2,Office Supplies,172.65714285714284,257.1142857142857,68.22857142857143,134.5142857142857,1545497.25,REORDER
438,3,Office Supplies,162.5,255.15,69.5,128.65,831187.5,REORDER
438,4,Office Supplies,210.48648648648648,235.32432432432432,63.054054054054056,126.78378378378379,1991781.0,REORDER
438,5,Office Supplies,192.06666666666666,253.26666666666668,71.6,132.06666666666666,1473631.5,REORDER
438,6,Office Supplies,167.3235294117647,248.73529411764707,74.20588235294117,133.6764705882353,1454961.75,REORDER
438,7,Office Supplies,176.1818181818182,221.36363636363637,56.81818181818182,128.95454545454547,991287.0,REORDER
438,8,Office Supplies,153.84615384615384,231.6153846153846,58.23076923076923,133.92307692307693,1023000.0,REORDER
438,9,Office Supplies,193.75862068965517,252.17241379310346,71.65517241379311,127.79310344827586,1437059.25,REORDER
438,10,Office Supplies,189.74074074074073,252.03703703703704,64.70370370370371,130.33333333333334,1310207.25,REORDER
439,1,Personal Care,202.84,77.88,31.24,68.2,1334078.68,HEALTHY
439,2,Personal Care,196.32142857142858,82.75,30.5,67.35714285714286,1446150.76,HEALTHY
439,3,Personal Care,173.5,89.45,33.45,69.45,912887.6,HEALTHY
439,4,Personal Care,188.9375,100.9375,34.0625,72.21875,1590581.68,HEALTHY
439,5,Personal Care,149.2,99.05,32.1,64.15,785030.72,HEALTHY
439,6,Personal Care,187.35,80.1,30.75,69.1,985760.76,HEALTHY
439,7,Personal Care,214.06666666666666,78.53333333333333,29.666666666666668,65.2,844749.88,OVERSTOCK
439,8,Personal Care,200.95833333333334,103.83333333333333,33.0,77.45833333333333,1268834.84,HEALTHY
439,9,Personal Care,186.3181818181818,112.5909090909091,38.0,75.5,1078364.92,HEALTHY
439,10,Personal Care,162.51612903225808,82.19354838709677,30.35483870967742,64.87096774193549,1325397.04,HEALTHY
440,1,Furniture,173.19354838709677,231.38709677419354,63.83870967741935,227.41935483870967,410835.88,REORDER
440,2,Furniture,141.8846153846154,240.23076923076923,56.0,195.53846153846155,282282.28,REORDER
440,3,Furniture,182.8695652173913,217.17391304347825,50.30434782608695,220.08695652173913,321843.12,REORDER
440,4,Furniture,221.52631578947367,188.78947368421052,58.94736842105263,207.31578947368422,322072.68,HEALTHY
440,5,Furniture,183.68,184.12,48.0,213.28,351379.84,REORDER
440,6,Furniture,159.72727272727272,211.27272727272728,61.95454545454545,217.5909090909091,268891.27999999997,REORDER
440,7,Furniture,176.36,196.2,58.36,221.56,337376.68,REORDER
440,8,Furniture,164.36,228.56,57.28,217.64,314420.68,REORDER
440,9,Furniture,203.08333333333334,253.75,64.16666666666667,229.20833333333334,372958.48,REORDER
440,10,Furniture,204.03846153846155,208.6153846153846,60.38461538461539,230.1153846153846,405938.6,REORDER
441,1,Office Supplies,154.40740740740742,258.9259259259259,77.03703703703704,126.25925925925925,1271128.1,REORDER
441,2,Office Supplies,193.1,286.76666666666665,71.7,120.3,1766285.7,REORDER
441,3,Office Supplies,160.3793103448276,253.79310344827587,74.27586206896552,123.24137931034483,1418089.9,REORDER
441,4,Office Supplies,207.71428571428572,275.2142857142857,71.07142857142857,123.0,886649.2,REORDER
441,5,Office Supplies,193.58620689655172,237.79310344827587,70.41379310344827,118.48275862068965,1711708.6,REORDER
441,6,Office Supplies,177.45833333333334,277.8333333333333,70.875,119.04166666666667,1298569.1,REORDER
441,7,Office Supplies,179.3181818181818,262.6818181818182,69.27272727272727,125.54545454545455,1202830.5,REORDER
441,8,Office Supplies,158.2962962962963,264.14814814814815,67.70370370370371,111.81481481481481,1303142.6,REORDER
441,9,Office Supplies,183.86666666666667,286.43333333333334,60.63333333333333,120.1,1681828.4000000001,REORDER
441,10,Office Supplies,204.875,284.03125,69.40625,127.3125,1998924.4,REORDER
442,1,Personal Care,170.16129032258064,252.32258064516128,58.516129032258064,128.7741935483871,1331937.5,REORDER
442,2,Personal Care,193.0,208.64705882352942,57.14705882352941,119.05882352941177,1656905.0,REORDER
442,3,Personal Care,171.63636363636363,227.0909090909091,51.54545454545455,113.18181818181819,1430160.0,REORDER
442,4,Personal Care,208.69565217391303,240.2608695652174,61.69565217391305,126.0,1212000.0,REORDER
442,5,Personal Care,181.5,213.82142857142858,57.607142857142854,112.03571428571429,1283205.0,REORDER
442,6,Personal Care,203.7826086956522,243.1304347826087,57.78260869565217,118.43478260869566,1183467.5,REORDER
442,7,Personal Care,172.34782608695653,203.95652173913044,55.26086956521739,109.56521739130434,1000910.0,REORDER
442,8,Personal Care,155.38095238095238,243.0952380952381,63.666666666666664,123.38095238095238,823907.5,REORDER
442,9,Personal Care,201.90322580645162,210.7741935483871,54.516129032258064,110.48387096774194,1580397.5,REORDER
442,10,Personal Care,164.47826086956522,192.34782608695653,59.82608695652174,124.78260869565217,955207.5,REORDER
443,1,Furniture,174.94117647058823,214.88235294117646,58.1764705882353,139.23529411764707,596168.04,REORDER
443,2,Furniture,178.72413793103448,210.51724137931035,58.241379310344826,138.79310344827587,1038984.1799999999,REORDER
443,3,Furniture,175.96666666666667,201.03333333333333,54.3,125.86666666666666,1058228.34,REORDER
443,4,Furniture,183.12,222.28,61.64,144.28,917705.88,REORDER
443,5,Furniture,179.6086956521739,217.47826086956522,59.08695652173913,130.91304347826087,828100.26,REORDER
443,6,Furniture,165.93103448275863,208.3448275862069,57.6551724137931,133.93103448275863,964613.52,REORDER
443,7,Furniture,169.40740740740742,207.66666666666666,58.0,122.14814814814815,916904.04,REORDER
443,8,Furniture,177.33333333333334,201.20833333333334,56.375,141.25,853157.76,REORDER
443,9,Furniture,182.375,212.125,52.75,136.75,584942.28,REORDER
443,10,Furniture,221.68,222.16,58.76,136.04,1110949.32,REORDER
444,1,Grocery,198.34615384615384,90.0,31.692307692307693,93.23076923076923,872873.82,HEALTHY
444,2,Grocery,229.70833333333334,107.0,33.25,103.125,933130.38,HEALTHY
444,3,Grocery,191.34615384615384,82.15384615384616,33.96153846153846,91.57692307692308,842068.5,HEALTHY
444,4,Grocery,211.42307692307693,111.84615384615384,36.96153846153846,95.03846153846153,930422.22,HEALTHY
444,5,Grocery,172.7037037037037,94.29629629629629,31.11111111111111,88.37037037037037,789259.38,HEALTHY
444,6,Grocery,180.24,97.64,33.12,91.24,762685.56,HEALTHY
444,7,Grocery,180.95,100.8,33.05,92.45,612551.9400000001,HEALTHY
444,8,Grocery,180.54166666666666,76.66666666666667,29.375,97.83333333333333,733403.5800000001,HEALTHY
444,9,Grocery,156.2962962962963,90.0,30.185185185185187,90.51851851851852,714277.2,HEALTHY
444,10,Grocery,177.03333333333333,85.23333333333333,29.066666666666666,90.6,898939.86,HEALTHY
445,1,Personal Care,202.82608695652175,235.2173913043478,79.0,149.0,904030.35,REORDER
445,2,Personal Care,198.52,188.4,61.24,145.44,961779.77,HEALTHY
445,3,Personal Care,162.04,257.8,74.44,144.64,785043.29,REORDER
445,4,Personal Care,167.66666666666666,268.625,61.958333333333336,152.45833333333334,779810.96,REORDER
445,5,Personal Care,176.25,253.60714285714286,72.0,154.85714285714286,956353.65,REORDER
445,6,Personal Care,217.52380952380952,251.66666666666666,58.19047619047619,147.85714285714286,885232.72,REORDER
445,7,Personal Care,159.26315789473685,271.63157894736844,65.89473684210526,146.78947368421052,586408.54,REORDER
445,8,Personal Care,194.54166666666666,231.41666666666666,60.541666666666664,137.79166666666666,904805.51,REORDER
445,9,Personal Care,165.44,255.96,66.4,145.96,801515.44,REORDER
445,10,Personal Care,158.26315789473685,287.8421052631579,68.10526315789474,149.6315789473684,582726.53,REORDER
446,1,Office Supplies,162.25,185.29166666666666,47.458333333333336,206.41666666666666,243219.24,REORDER
446,2,Office Supplies,196.66666666666666,174.16666666666666,44.875,219.29166666666666,294811.2,HEALTHY
446,3,Office Supplies,217.46428571428572,175.07142857142858,49.892857142857146,217.60714285714286,380318.94,HEALTHY
446,4,Office Supplies,180.79166666666666,165.95833333333334,47.25,206.20833333333334,271013.94,HEALTHY
446,5,Office Supplies,202.72727272727272,163.6818181818182,47.0,203.36363636363637,278571.6,HEALTHY
446,6,Office Supplies,198.11111111111111,169.0,46.592592592592595,194.1851851851852,334098.54,HEALTHY
446,7,Office Supplies,183.52631578947367,160.94736842105263,49.21052631578947,193.42105263157896,217798.02,HEALTHY
446,8,Office Supplies,211.57894736842104,199.1578947368421,47.0,219.26315789473685,251089.2,HEALTHY
446,9,Office Supplies,166.5,172.1818181818182,39.68181818181818,215.45454545454547,228790.97999999998,REORDER
446,10,Office Supplies,165.47058823529412,187.88235294117646,51.44117647058823,216.3235294117647,351399.96,REORDER
447,1,Home Appliances,156.04347826086956,126.91304347826087,41.08695652173913,158.2608695652174,278757.63,HEALTHY
447,2,Home Appliances,149.85185185185185,140.4814814814815,39.7037037037037,160.96296296296296,314252.82,HEALTHY
447,3,Home Appliances,180.0,122.11538461538461,37.23076923076923,147.15384615384616,363495.6,HEALTHY
447,4,Home Appliances,158.95652173913044,140.7391304347826,39.08695652173913,170.82608695652175,283961.52,HEALTHY
447,5,Home Appliances,172.5909090909091,118.95454545454545,34.5,166.9090909090909,294912.99,HEALTHY
447,6,Home Appliances,168.34375,140.8125,41.4375,184.90625,418408.29,HEALTHY
447,7,Home Appliances,171.6206896551724,133.41379310344828,37.41379310344828,165.6551724137931,386563.59,HEALTHY
447,8,Home Appliances,198.11111111111111,119.86111111111111,38.5,153.13888888888889,553942.4400000001,HEALTHY
447,9,Home Appliances,184.66666666666666,135.88888888888889,37.629629629629626,163.14814814814815,387262.62,HEALTHY
447,10,Home Appliances,219.8695652173913,115.91304347826087,37.65217391304348,160.95652173913044,392777.19,HEALTHY
448,1,Personal Care,168.64285714285714,174.57142857142858,52.75,291.14285714285717,185007.96,REORDER
448,2,Personal Care,196.53333333333333,183.93333333333334,43.6,261.26666666666665,115502.64,HEALTHY
448,3,Personal Care,143.52941176470588,168.11764705882354,51.8235294117647,282.70588235294116,95599.2,REORDER
448,4,Personal Care,172.59375,172.4375,49.03125,274.75,216391.14,HEALTHY
448,5,Personal Care,203.15384615384616,192.3846153846154,49.65384615384615,297.2692307692308,206948.76,HEALTHY
448,6,Personal Care,183.0,168.32,46.84,268.16,179248.5,HEALTHY
448,7,Personal Care,148.7,182.75,46.8,284.65,116521.32,REORDER
448,8,Personal Care,176.8181818181818,166.22727272727272,46.72727272727273,281.8636363636364,152410.19999999998,HEALTHY
448,9,Personal Care,200.56521739130434,168.7391304347826,48.56521739130435,262.95652173913044,180737.34,HEALTHY
448,10,Personal Care,181.05882352941177,181.94117647058823,53.8235294117647,263.0,120596.04000000001,REORDER
449,1,Home Appliances,169.0,358.39130434782606,92.0,308.7391304347826,235357.84999999998,REORDER
449,2,Home Appliances,191.06896551724137,371.44827586206895,106.27586206896552,312.41379310344826,335507.55,REORDER
449,3,Home Appliances,191.375,387.625,98.5,346.5416666666667,278106.15,REORDER
449,4,Home Appliances,185.22222222222223,343.05555555555554,95.22222222222223,338.94444444444446,201873.69999999998,REORDER
449,5,Home Appliances,181.23333333333332,326.76666666666665,89.33333333333333,334.9,329210.35,REORDER
449,6,Home Appliances,198.61111111111111,317.77777777777777,81.94444444444444,287.6666666666667,216466.25,REORDER
449,7,Home Appliances,186.3684210526316,432.4736842105263,123.26315789473684,370.2631578947368,214407.55,REORDER
449,8,Home Appliances,185.11111111111111,373.3888888888889,81.72222222222223,322.3888888888889,201752.6,REORDER
449,9,Home Appliances,177.75,373.7,107.85,320.3,215255.25,REORDER
449,10,Home Appliances,183.55172413793105,404.9310344827586,93.55172413793103,322.62068965517244,322307.65,REORDER
450,1,Furniture,166.77777777777777,400.55555555555554,113.92592592592592,210.40740740740742,734709.48,REORDER
450,2,Furniture,168.80645161290323,509.61290322580646,130.32258064516128,227.32258064516128,853816.28,REORDER
450,3,Furniture,202.55,403.05,133.9,220.55,660961.16,REORDER
450,4,Furniture,197.80769230769232,427.2692307692308,108.73076923076923,227.6153846153846,839131.88,REORDER
450,5,Furniture,198.17857142857142,374.5,104.96428571428571,215.75,905374.8400000001,REORDER
450,6,Furniture,187.8695652173913,470.04347826086956,117.73913043478261,213.7391304347826,705014.36,REORDER
450,7,Furniture,168.8235294117647,451.1764705882353,116.02941176470588,219.58823529411765,936538.4,REORDER
450,8,Furniture,194.70833333333334,488.1666666666667,125.91666666666667,230.875,762446.68,REORDER
450,9,Furniture,195.125,463.9166666666667,105.5,246.41666666666666,764078.28,REORDER
450,10,Furniture,176.76,489.12,124.08,208.24,721004.04,REORDER
451,1,Grocery,184.96296296296296,73.74074074074075,25.85185185185185,76.4074074074074,945763.72,HEALTHY
451,2,Grocery,196.66666666666666,82.79166666666667,28.833333333333332,73.79166666666667,893873.6,HEALTHY
451,3,Grocery,176.76190476190476,78.80952380952381,27.523809523809526,79.0952380952381,702978.56,HEALTHY
451,4,Grocery,206.52173913043478,96.17391304347827,34.391304347826086,81.91304347826087,899555.0,HEALTHY
451,5,Grocery,193.09677419354838,82.03225806451613,31.322580645161292,79.25806451612904,1133628.68,HEALTHY
451,6,Grocery,175.63636363636363,63.31818181818182,24.636363636363637,69.54545454545455,731764.32,HEALTHY
451,7,Grocery,189.5,69.36363636363636,27.59090909090909,70.27272727272727,789525.22,HEALTHY
451,8,Grocery,195.5,69.10714285714286,29.035714285714285,72.46428571428571,1036666.12,HEALTHY
451,9,Grocery,189.77272727272728,72.63636363636364,31.681818181818183,72.95454545454545,790661.5,HEALTHY
451,10,Grocery,213.27272727272728,66.77272727272727,28.636363636363637,74.54545454545455,888570.96,HEALTHY
452,1,Electronics,172.5,147.66666666666666,42.875,387.8333333333333,58415.4,HEALTHY
452,2,Electronics,175.8181818181818,131.45454545454547,40.63636363636363,387.0,54577.479999999996,HEALTHY
452,3,Electronics,151.45,141.8,40.9,364.85,42739.19,HEALTHY
452,4,Electronics,235.0,105.20833333333333,35.291666666666664,375.7083333333333,79580.4,HEALTHY
452,5,Electronics,157.9,163.9,51.95,388.15,44559.380000000005,REORDER
452,6,Electronics,162.30434782608697,117.30434782608695,33.08695652173913,345.60869565217394,52672.630000000005,HEALTHY
452,7,Electronics,194.6086956521739,135.56521739130434,42.82608695652174,405.7391304347826,63156.36,HEALTHY
452,8,Electronics,186.8846153846154,129.5,39.46153846153846,410.34615384615387,68560.49,HEALTHY
452,9,Electronics,201.65217391304347,132.82608695652175,39.43478260869565,400.60869565217394,65442.18,HEALTHY
452,10,Electronics,182.62857142857143,156.14285714285714,43.714285714285715,403.0285714285714,90191.12,HEALTHY
453,1,Grocery,190.0857142857143,496.8285714285714,131.68571428571428,178.74285714285713,1866166.5,REORDER
453,2,Grocery,184.03571428571428,512.3571428571429,141.5,177.71428571428572,1445416.5,REORDER
453,3,Grocery,190.12,468.88,121.88,180.32,1333216.5,REORDER
453,4,Grocery,185.40625,522.0,130.875,179.40625,1664206.5,REORDER
453,5,Grocery,210.82142857142858,436.5,134.39285714285714,169.17857142857142,1655791.5,REORDER
453,6,Grocery,207.89285714285714,469.92857142857144,125.35714285714286,165.57142857142858,1632790.5,REORDER
453,7,Grocery,139.38888888888889,464.55555555555554,134.88888888888889,174.27777777777777,703774.5,REORDER
453,8,Grocery,158.3913043478261,537.0869565217391,131.08695652173913,183.56521739130434,1021861.5,REORDER
453,9,Grocery,148.5185185185185,493.55555555555554,135.25925925925927,188.66666666666666,1124805.0,REORDER
453,10,Grocery,183.0,544.1111111111111,134.8148148148148,193.33333333333334,1385950.5,REORDER
454,1,Personal Care,187.6,139.6,44.53333333333333,156.13333333333333,305628.54,HEALTHY
454,2,Personal Care,168.71428571428572,140.52380952380952,42.76190476190476,147.76190476190476,384805.23000000004,HEALTHY
454,3,Personal Care,159.2941176470588,143.2941176470588,48.05882352941177,156.52941176470588,294115.88,HEALTHY
454,4,Personal Care,224.30434782608697,121.26086956521739,38.21739130434783,146.91304347826087,560318.99,HEALTHY
454,5,Personal Care,177.05555555555554,150.44444444444446,40.166666666666664,159.16666666666666,346140.07,HEALTHY
454,6,Personal Care,155.5,128.3181818181818,43.04545454545455,166.45454545454547,371554.81,HEALTHY
454,7,Personal Care,199.30434782608697,157.30434782608697,46.869565217391305,151.65217391304347,497868.24,HEALTHY
454,8,Personal Care,176.95652173913044,143.7391304347826,43.04347826086956,147.2608695652174,442042.7,HEALTHY
454,9,Personal Care,160.91304347826087,180.65217391304347,44.56521739130435,158.08695652173913,401965.61,REORDER
454,10,Personal Care,186.91304347826087,150.43478260869566,43.95652173913044,156.91304347826087,466914.39,HEALTHY
455,1,Home Appliances,173.0,221.25,60.4,110.65,1106681.0,REORDER
455,2,Home Appliances,164.33333333333334,217.58333333333334,47.583333333333336,105.5,630744.2,REORDER
455,3,Home Appliances,179.20689655172413,250.0344827586207,60.58620689655172,118.75862068965517,1662260.45,REORDER
455,4,Home Appliances,174.04347826086956,262.82608695652175,71.65217391304348,116.69565217391305,1280359.55,REORDER
455,5,Home Appliances,188.07407407407408,233.62962962962962,70.07407407407408,106.92592592592592,1624198.3,REORDER
455,6,Home Appliances,147.34615384615384,251.92307692307693,69.96153846153847,112.5,1225345.35,REORDER
455,7,Home Appliances,188.15384615384616,255.92307692307693,69.15384615384616,122.26923076923077,1564706.2,REORDER
455,8,Home Appliances,140.2,227.04,58.6,122.6,1121074.25,REORDER
455,9,Home Appliances,208.75,268.1,78.05,119.5,1335373.75,REORDER
455,10,Home Appliances,178.15,230.7,68.6,128.85,1139625.55,REORDER
456,1,Home Appliances,196.5,229.94444444444446,70.11111111111111,116.05555555555556,1198653.93,REORDER
456,2,Home Appliances,151.6875,251.4375,61.625,117.65625,1644972.06,REORDER
456,3,Home Appliances,181.3448275862069,267.8965517241379,69.96551724137932,115.24137931034483,1782222.51,REORDER
456,4,Home Appliances,185.36666666666667,244.6,75.13333333333334,114.7,1884567.29,REORDER
456,5,Home Appliances,166.2173913043478,251.56521739130434,61.47826086956522,117.65217391304348,1295576.47,REORDER
456,6,Home Appliances,156.8846153846154,271.15384615384613,67.96153846153847,119.8076923076923,1382332.31,REORDER
456,7,Home Appliances,202.30434782608697,277.0869565217391,73.08695652173913,117.73913043478261,1576855.17,REORDER
456,8,Home Appliances,151.7826086956522,218.7826086956522,64.26086956521739,109.69565217391305,1183064.99,REORDER
456,9,Home Appliances,167.91176470588235,278.5,70.73529411764706,122.1470588235294,1934723.01,REORDER
456,10,Home Appliances,191.47826086956522,240.82608695652175,73.52173913043478,121.08695652173913,1492471.56,REORDER
457,1,Office Supplies,185.7,284.9,65.35,266.15,265291.02,REORDER
457,2,Office Supplies,181.05882352941177,171.11764705882354,61.8235294117647,199.11764705882354,219861.54,HEALTHY
457,3,Office Supplies,173.07142857142858,231.5,61.5,240.71428571428572,173074.88999999998,REORDER
457,4,Office Supplies,173.52941176470588,225.23529411764707,62.0,239.64705882352942,210718.5,REORDER
457,5,Office Supplies,171.35,241.75,65.35,224.1,244790.61000000002,REORDER
457,6,Office Supplies,195.1578947368421,254.0,68.42105263157895,242.57894736842104,264862.44,REORDER
457,7,Office Supplies,166.53571428571428,235.75,66.57142857142857,233.89285714285714,333078.08999999997,REORDER
457,8,Office Supplies,175.02631578947367,246.57894736842104,65.71052631578948,239.8421052631579,475080.93,REORDER
457,9,Office Supplies,155.72,247.0,68.0,240.84,278076.99,REORDER
457,10,Office Supplies,184.52,261.32,70.0,247.08,329506.58999999997,REORDER
458,1,Home Appliances,159.44,83.52,30.6,83.56,661835.44,HEALTHY
458,2,Home Appliances,186.45833333333334,67.70833333333333,26.875,78.29166666666667,743029.0,HEALTHY
458,3,Home Appliances,150.16666666666666,64.61111111111111,24.5,79.94444444444444,448806.12,HEALTHY
458,4,Home Appliances,209.64285714285714,88.25,30.035714285714285,79.39285714285714,974654.8,HEALTHY
458,5,Home Appliances,159.3,81.4,28.0,89.25,529003.44,HEALTHY
458,6,Home Appliances,174.92307692307693,78.8076923076923,31.076923076923077,86.88461538461539,755149.92,HEALTHY
458,7,Home Appliances,192.0,78.85714285714286,29.642857142857142,86.10714285714286,892631.04,HEALTHY
458,8,Home Appliances,174.875,83.45833333333333,31.875,85.29166666666667,696869.88,HEALTHY
458,9,Home Appliances,206.0,72.89655172413794,27.24137931034483,73.58620689655173,991922.96,HEALTHY
458,10,Home Appliances,171.1764705882353,93.70588235294117,31.764705882352942,92.76470588235294,483176.4,HEALTHY
459,1,Office Supplies,185.55882352941177,405.44117647058823,104.67647058823529,864.6764705882352,53121.78,REORDER
459,2,Office Supplies,213.85714285714286,370.42857142857144,98.52380952380952,857.6666666666666,37814.22,REORDER
459,3,Office Supplies,168.875,421.0416666666667,97.54166666666667,919.7083333333334,34126.26,REORDER
459,4,Office Supplies,180.3913043478261,369.2608695652174,91.30434782608695,817.1304347826087,34934.58,REORDER
459,5,Office Supplies,185.5185185185185,384.3703703703704,102.5925925925926,902.6666666666666,42175.78,REORDER
459,6,Office Supplies,170.8846153846154,336.03846153846155,91.84615384615384,938.9615384615385,37410.06,REORDER
459,7,Office Supplies,180.95454545454547,331.40909090909093,93.0,885.8181818181819,33520.020000000004,REORDER
459,8,Office Supplies,169.65,429.8,111.4,915.05,28569.059999999998,REORDER
459,9,Office Supplies,148.56,369.52,97.28,880.96,31271.88,REORDER
459,10,Office Supplies,174.54166666666666,370.9583333333333,96.95833333333333,893.25,35271.38,REORDER
460,1,Furniture,188.17857142857142,159.39285714285714,48.17857142857143,116.42857142857143,1120347.47,HEALTHY
460,2,Furniture,185.54545454545453,146.27272727272728,46.22727272727273,103.54545454545455,867955.66,HEALTHY
460,3,Furniture,170.20833333333334,163.70833333333334,51.833333333333336,118.33333333333333,868593.55,HEALTHY
460,4,Furniture,187.76923076923077,165.3846153846154,53.53846153846154,122.6923076923077,519029.83,HEALTHY
460,5,Furniture,197.85185185185185,175.14814814814815,45.888888888888886,109.88888888888889,1135869.46,HEALTHY
460,6,Furniture,180.47368421052633,162.68421052631578,54.10526315789474,109.26315789473684,729108.27,HEALTHY
460,7,Furniture,183.05263157894737,151.78947368421052,49.21052631578947,116.10526315789474,739527.14,HEALTHY
460,8,Furniture,199.23809523809524,154.0,50.23809523809524,109.66666666666667,889643.92,HEALTHY
460,9,Furniture,206.77272727272728,141.72727272727272,36.54545454545455,111.22727272727273,967253.87,HEALTHY
460,10,Furniture,176.08,175.56,52.72,127.24,935997.26,HEALTHY
461,1,Electronics,204.3125,176.0625,51.6875,123.1875,705123.3,HEALTHY
461,2,Electronics,185.65217391304347,154.47826086956522,46.78260869565217,115.1304347826087,921039.0,HEALTHY
461,3,Electronics,168.23809523809524,173.95238095238096,54.19047619047619,117.57142857142857,762068.1,REORDER
461,4,Electronics,211.32,169.48,53.36,112.84,1139543.1,HEALTHY
461,5,Electronics,160.12,174.24,50.6,129.04,863447.1,REORDER
461,6,Electronics,218.57142857142858,177.52380952380952,48.61904761904762,116.85714285714286,990063.0,HEALTHY
461,7,Electronics,149.5483870967742,185.96774193548387,51.064516129032256,131.16129032258064,999985.2,REORDER
461,8,Electronics,183.31034482758622,213.86206896551724,54.06896551724138,121.06896551724138,1146661.2,REORDER
461,9,Electronics,176.23809523809524,205.9047619047619,52.42857142857143,129.42857142857142,798305.7,REORDER
461,10,Electronics,190.19230769230768,201.96153846153845,56.15384615384615,106.73076923076923,1066636.5,REORDER
462,1,Personal Care,201.03846153846155,284.96153846153845,68.46153846153847,225.19230769230768,484333.82,REORDER
462,2,Personal Care,177.1,251.13333333333333,79.93333333333334,232.43333333333334,492302.58,REORDER
462,3,Personal Care,173.45454545454547,267.22727272727275,75.86363636363636,227.04545454545453,353590.56,REORDER
462,4,Personal Care,157.84375,275.59375,75.90625,229.4375,468025.66,REORDER
462,5,Personal Care,180.61111111111111,260.6666666666667,79.52777777777777,228.52777777777777,602475.32,REORDER
462,6,Personal Care,183.94117647058823,268.6470588235294,77.11764705882354,227.76470588235293,289747.82,REORDER
462,7,Personal Care,162.27272727272728,280.45454545454544,75.5,215.04545454545453,330796.2,REORDER
462,8,Personal Care,147.59259259259258,303.3703703703704,77.92592592592592,226.8148148148148,369250.1,REORDER
462,9,Personal Care,173.35714285714286,247.60714285714286,67.03571428571429,230.46428571428572,449771.64,REORDER
462,10,Personal Care,201.77777777777777,312.55555555555554,83.18518518518519,223.03703703703704,504811.68,REORDER
463,1,Office Supplies,185.83333333333334,178.5,49.0,124.91666666666667,887450.8,HEALTHY
463,2,Office Supplies,199.72727272727272,179.95454545454547,53.54545454545455,118.0,874318.12,HEALTHY
463,3,Office Supplies,169.63888888888889,176.97222222222223,50.638888888888886,131.16666666666666,1215170.86,REORDER
463,4,Office Supplies,196.6060606060606,183.57575757575756,49.93939393939394,126.15151515151516,1290982.24,HEALTHY
463,5,Office Supplies,197.83333333333334,177.29166666666666,50.0,129.20833333333334,944757.04,HEALTHY
463,6,Office Supplies,196.75,193.89285714285714,50.785714285714285,120.78571428571429,1096180.82,HEALTHY
463,7,Office Supplies,135.27272727272728,164.95454545454547,51.81818181818182,124.45454545454545,592164.48,REORDER
463,8,Office Supplies,183.4814814814815,203.66666666666666,62.111111111111114,137.03703703703704,985746.9199999999,REORDER
463,9,Office Supplies,133.0,232.125,67.9375,138.3125,423429.44,REORDER
463,10,Office Supplies,175.8695652173913,192.08695652173913,50.21739130434783,132.56521739130434,804874.1,REORDER
464,1,Electronics,195.2608695652174,175.04347826086956,50.91304347826087,181.7826086956522,382318.83,HEALTHY
464,2,Electronics,161.56666666666666,180.7,52.13333333333333,185.63333333333333,412625.11,REORDER
464,3,Electronics,203.77272727272728,184.3181818181818,52.40909090909091,194.27272727272728,381637.79,HEALTHY
464,4,Electronics,204.79166666666666,212.58333333333334,51.916666666666664,201.75,418413.95,REORDER
464,5,Electronics,218.0,179.5,49.785714285714285,190.82142857142858,519633.52,HEALTHY
464,6,Electronics,171.72727272727272,193.1818181818182,54.13636363636363,193.95454545454547,321621.14,REORDER
464,7,Electronics,175.75,160.60714285714286,48.17857142857143,189.0,418924.73,HEALTHY
464,8,Electronics,197.22222222222223,193.94444444444446,48.833333333333336,190.55555555555554,302211.5,HEALTHY
464,9,Electronics,181.63333333333333,162.56666666666666,50.63333333333333,185.56666666666666,463873.37,HEALTHY
464,10,Electronics,163.25,228.75,59.6,189.35,277949.45,REORDER
465,1,Home Appliances,199.29166666666666,74.875,30.333333333333332,139.33333333333334,301329.0,HEALTHY
465,2,Home Appliances,224.76,94.0,31.2,152.64,353997.0,HEALTHY
465,3,Home Appliances,186.1764705882353,101.70588235294117,34.05882352941177,134.23529411764707,398790.0,HEALTHY
465,4,Home Appliances,185.96428571428572,90.07142857142857,32.892857142857146,145.39285714285714,328041.0,HEALTHY
465,5,Home Appliances,171.6551724137931,71.6896551724138,27.310344827586206,136.20689655172413,313614.0,HEALTHY
465,6,Home Appliances,155.4,98.05,34.35,142.85,195804.0,HEALTHY
465,7,Home Appliances,161.5,107.04166666666667,32.958333333333336,139.95833333333334,244188.0,HEALTHY
465,8,Home Appliances,188.94117647058823,100.82352941176471,31.823529411764707,154.94117647058823,202356.0,HEALTHY
465,9,Home Appliances,197.6315789473684,116.52631578947368,33.473684210526315,164.94736842105263,236565.0,HEALTHY
465,10,Home Appliances,164.53846153846155,100.1923076923077,34.57692307692308,157.26923076923077,269514.0,HEALTHY
466,1,Home Appliances,168.29166666666666,186.20833333333334,46.375,117.375,932281.98,REORDER
466,2,Home Appliances,185.53846153846155,193.73076923076923,52.26923076923077,106.38461538461539,1113475.68,REORDER
466,3,Home Appliances,174.2,186.53333333333333,51.666666666666664,107.33333333333333,603132.66,REORDER
466,4,Home Appliances,167.25925925925927,161.62962962962962,54.18518518518518,114.5925925925926,1042383.12,HEALTHY
466,5,Home Appliances,157.95652173913044,179.8695652173913,50.0,112.91304347826087,838569.06,REORDER
466,6,Home Appliances,192.8235294117647,174.55882352941177,53.73529411764706,115.91176470588235,1513255.92,HEALTHY
466,7,Home Appliances,186.96428571428572,165.78571428571428,47.5,117.03571428571429,1208342.7,HEALTHY
466,8,Home Appliances,150.4,196.6,53.0,124.86666666666666,520729.92,REORDER
466,9,Home Appliances,153.2,194.32,53.04,121.84,884040.6,REORDER
466,10,Home Appliances,191.6,207.7,48.766666666666666,128.33333333333334,1326753.3599999999,REORDER
467,1,Electronics,143.42105263157896,447.36842105263156,128.21052631578948,286.2105263157895,325555.75,REORDER
467,2,Electronics,182.92307692307693,490.1923076923077,131.46153846153845,256.7692307692308,568199.32,REORDER
467,3,Electronics,184.42105263157896,466.42105263157896,126.6842105263158,278.1578947368421,418622.88,REORDER
467,4,Electronics,171.0625,458.3125,115.9375,285.75,326989.39,REORDER
467,5,Electronics,175.375,476.4583333333333,121.91666666666667,269.2916666666667,502849.23,REORDER
467,6,Electronics,187.03571428571428,493.42857142857144,136.71428571428572,258.85714285714283,625664.39,REORDER
467,7,Electronics,214.58823529411765,554.5882352941177,125.17647058823529,267.11764705882354,435826.56,REORDER
467,8,Electronics,183.0,489.05,124.65,268.975,874520.4,REORDER
467,9,Electronics,150.47619047619048,455.6666666666667,124.04761904761905,272.7142857142857,377525.2,REORDER
467,10,Electronics,189.5,495.94444444444446,141.38888888888889,262.8888888888889,407512.17,REORDER
468,1,Home Appliances,190.26923076923077,312.0,91.07692307692308,175.96153846153845,1038226.89,REORDER
468,2,Home Appliances,189.2,321.4,88.4,151.8,794148.0800000001,REORDER
468,3,Home Appliances,187.04545454545453,307.3636363636364,61.13636363636363,152.72727272727272,863615.05,REORDER
468,4,Home Appliances,191.17391304347825,357.04347826086956,89.56521739130434,166.82608695652175,922798.39,REORDER
468,5,Home Appliances,207.375,415.0625,90.75,184.25,696348.6599999999,REORDER
468,6,Home Appliances,173.6,295.43333333333334,80.76666666666667,153.23333333333332,1093002.96,REORDER
468,7,Home Appliances,213.8,347.28,99.64,167.24,1121755.15,REORDER
468,8,Home Appliances,181.24,331.84,75.88,174.08,950920.97,REORDER
468,9,Home Appliances,150.7391304347826,317.2608695652174,88.91304347826087,147.56521739130434,727619.29,REORDER
468,10,Home Appliances,167.10344827586206,284.9655172413793,73.86206896551724,156.55172413793105,1017030.02,REORDER
469,1,Furniture,157.12,175.8,43.92,128.44,613435.76,REORDER
469,2,Furniture,182.88888888888889,172.77777777777777,43.629629629629626,129.66666666666666,771167.46,HEALTHY
469,3,Furniture,198.5,139.27272727272728,44.22727272727273,121.72727272727273,681994.39,HEALTHY
469,4,Furniture,198.69565217391303,164.8695652173913,50.47826086956522,130.82608695652175,713696.9,HEALTHY
469,5,Furniture,178.1304347826087,150.34782608695653,46.34782608695652,127.17391304347827,639828.49,HEALTHY
469,6,Furniture,184.57142857142858,165.25,47.75,124.57142857142857,807086.56,HEALTHY
469,7,Furniture,168.17391304347825,139.47826086956522,46.65217391304348,138.8695652173913,604065.56,HEALTHY
469,8,Furniture,185.74074074074073,201.66666666666666,51.111111111111114,148.77777777777777,783192.55,REORDER
469,9,Furniture,173.67857142857142,188.14285714285714,53.285714285714285,146.32142857142858,759454.71,REORDER
469,10,Furniture,180.0,171.29166666666666,45.208333333333336,141.375,674654.4,HEALTHY
470,1,Furniture,205.05882352941177,96.76470588235294,35.05882352941177,62.588235294117645,1201449.9,HEALTHY
470,2,Furniture,160.3793103448276,99.75862068965517,32.96551724137931,66.51724137931035,1602967.15,HEALTHY
470,3,Furniture,137.76923076923077,84.07692307692308,30.846153846153847,59.15384615384615,617268.15,HEALTHY
470,4,Furniture,168.75,100.375,33.25,64.875,930555.0,HEALTHY
470,5,Furniture,207.33333333333334,83.85714285714286,28.047619047619047,65.76190476190476,1500606.1,HEALTHY
470,6,Furniture,130.27777777777777,91.88888888888889,27.166666666666668,65.33333333333333,808204.25,HEALTHY
470,7,Furniture,197.625,89.75,31.666666666666668,63.625,1634674.95,HEALTHY
470,8,Furniture,172.96774193548387,100.87096774193549,31.096774193548388,60.903225806451616,1848013.3,HEALTHY
470,9,Furniture,193.86666666666667,98.06666666666666,34.266666666666666,60.06666666666667,2004484.4,HEALTHY
470,10,Furniture,213.89285714285714,94.46428571428571,32.357142857142854,60.285714285714285,2064108.85,HEALTHY
471,1,Electronics,165.3846153846154,70.3076923076923,29.53846153846154,133.92307692307693,127194.0,HEALTHY
471,2,Electronics,143.59259259259258,79.29629629629629,30.814814814814813,142.22222222222223,229363.32,HEALTHY
471,3,Electronics,174.04347826086956,61.73913043478261,23.347826086956523,118.34782608695652,236817.48,HEALTHY
471,4,Electronics,188.42857142857142,72.54285714285714,27.17142857142857,125.54285714285714,390160.2,HEALTHY
471,5,Electronics,177.03125,72.75,29.28125,145.28125,335141.4,HEALTHY
471,6,Electronics,183.90322580645162,81.06451612903226,30.419354838709676,138.41935483870967,337271.16,HEALTHY
471,7,Electronics,163.5,74.84375,30.90625,135.75,309525.12,HEALTHY
471,8,Electronics,140.23809523809524,68.14285714285714,27.952380952380953,139.61904761904762,174226.2,HEALTHY
471,9,Electronics,177.36363636363637,75.0,28.954545454545453,127.9090909090909,230842.32,HEALTHY
471,10,Electronics,173.72413793103448,80.82758620689656,27.96551724137931,133.27586206896552,298048.08,HEALTHY
472,1,Office Supplies,179.03030303030303,165.3030303030303,46.75757575757576,120.75757575757575,985986.12,HEALTHY
472,2,Office Supplies,175.12,173.44,48.6,126.24,730644.4199999999,HEALTHY
472,3,Office Supplies,166.1891891891892,151.1081081081081,42.5945945945946,120.1891891891892,1026206.61,HEALTHY
472,4,Office Supplies,162.76923076923077,156.23076923076923,46.03846153846154,129.23076923076923,706278.48,HEALTHY
472,5,Office Supplies,175.7826086956522,168.91304347826087,48.82608695652174,126.3913043478261,674736.27,HEALTHY
472,6,Office Supplies,169.08,161.72,48.72,131.96,705444.03,HEALTHY
472,7,Office Supplies,174.625,134.41666666666666,44.375,116.58333333333333,699435.99,HEALTHY
472,8,Office Supplies,167.23333333333332,156.96666666666667,49.1,120.76666666666667,837287.13,HEALTHY
472,9,Office Supplies,153.25,179.65,47.8,134.05,511517.85,REORDER
472,10,Office Supplies,179.4814814814815,167.55555555555554,41.629629629629626,133.25925925925927,808748.94,HEALTHY
473,1,Office Supplies,176.91666666666666,199.54166666666666,53.083333333333336,124.0,1022097.12,REORDER
473,2,Office Supplies,189.46153846153845,237.5,59.15384615384615,126.11538461538461,1185786.72,REORDER
473,3,Office Supplies,198.29166666666666,258.2916666666667,59.833333333333336,126.875,1145586.48,REORDER
473,4,Office Supplies,185.04761904761904,239.38095238095238,63.476190476190474,135.76190476190476,935437.92,REORDER
473,5,Office Supplies,151.30769230769232,237.6153846153846,60.92307692307692,130.84615384615384,946992.48,REORDER
473,6,Office Supplies,180.71428571428572,189.57142857142858,60.32142857142857,116.32142857142857,1218043.2,REORDER
473,7,Office Supplies,164.69565217391303,199.34782608695653,54.26086956521739,125.21739130434783,911847.36,REORDER
473,8,Office Supplies,205.43478260869566,199.04347826086956,57.26086956521739,113.1304347826087,1137402.0,HEALTHY
473,9,Office Supplies,175.45,217.9,58.6,139.0,844686.48,REORDER
473,10,Office Supplies,198.69230769230768,249.34615384615384,71.07692307692308,126.88461538461539,1243559.52,REORDER
474,1,Electronics,159.1904761904762,333.9047619047619,86.0952380952381,215.52380952380952,478985.04000000004,REORDER
474,2,Electronics,201.1818181818182,314.8181818181818,90.5909090909091,205.0909090909091,634157.28,REORDER
474,3,Electronics,164.72727272727272,315.0,89.72727272727273,213.27272727272728,259623.36,REORDER
474,4,Electronics,185.04761904761904,298.1904761904762,87.76190476190476,207.85714285714286,556786.08,REORDER
474,5,Electronics,186.32258064516128,365.16129032258067,98.61290322580645,213.19354838709677,827585.28,REORDER
474,6,Electronics,193.10526315789474,308.89473684210526,96.6842105263158,191.10526315789474,525694.32,REORDER
474,7,Electronics,138.45454545454547,338.8181818181818,86.45454545454545,223.36363636363637,436430.88,REORDER
474,8,Electronics,231.0,348.08,87.4,205.72,827442.0,REORDER
474,9,Electronics,158.13793103448276,365.37931034482756,94.17241379310344,194.41379310344828,657082.08,REORDER
474,10,Electronics,177.0625,363.0,92.0625,201.125,811824.48,REORDER
475,1,Office Supplies,205.07142857142858,389.39285714285717,90.10714285714286,136.64285714285714,1960031.7,REORDER
475,2,Office Supplies,154.3913043478261,328.04347826086956,89.43478260869566,136.82608695652175,1212133.85,REORDER
475,3,Office Supplies,179.0344827586207,343.0344827586207,85.62068965517241,137.13793103448276,1772289.2,REORDER
475,4,Office Supplies,197.17391304347825,315.04347826086956,80.0,124.6086956521739,1548022.25,REORDER
475,5,Office Supplies,175.85,331.5,89.4,132.7,1200527.95,REORDER
475,6,Office Supplies,128.94736842105263,285.2105263157895,77.42105263157895,127.6842105263158,836307.5,REORDER
475,7,Office Supplies,176.26923076923077,333.11538461538464,79.0,134.1153846153846,1564407.05,REORDER
475,8,Office Supplies,173.30555555555554,301.80555555555554,80.25,122.33333333333333,2129682.65,REORDER
475,9,Office Supplies,229.0625,336.46875,82.125,124.5,2502095.5,REORDER
475,10,Office Supplies,178.0,350.2857142857143,87.14285714285714,126.57142857142857,1701288.4,REORDER
476,1,Office Supplies,188.0,212.96428571428572,65.82142857142857,121.46428571428571,1341740.96,REORDER
476,2,Office Supplies,183.44827586206895,206.0,62.310344827586206,114.55172413793103,1356014.8,REORDER
476,3,Office Supplies,198.96296296296296,203.14814814814815,60.148148148148145,126.14814814814815,1369269.08,REORDER
476,4,Office Supplies,182.45714285714286,195.28571428571428,52.6,119.65714285714286,1627727.54,REORDER
476,5,Office Supplies,145.79166666666666,240.70833333333334,60.416666666666664,128.5,891860.11,REORDER
476,6,Office Supplies,166.62962962962962,228.77777777777777,61.18518518518518,116.25925925925925,1146750.11,REORDER
476,7,Office Supplies,161.4,219.15,62.35,130.35,822784.92,REORDER
476,8,Office Supplies,182.85185185185185,217.44444444444446,61.333333333333336,122.18518518518519,1258391.93,REORDER
476,9,Office Supplies,201.0,193.6153846153846,56.5,123.73076923076923,1332055.14,HEALTHY
476,10,Office Supplies,150.64,201.48,54.48,115.08,959915.74,REORDER
477,1,Furniture,179.36,326.44,87.28,149.36,1043381.96,REORDER
477,2,Furniture,178.1290322580645,257.61290322580646,75.12903225806451,149.5483870967742,1284914.18,REORDER
477,3,Furniture,214.7,323.05,83.25,161.0,999170.86,REORDER
477,4,Furniture,181.4814814814815,329.85185185185185,84.4074074074074,151.03703703703704,1140181.0,REORDER
477,5,Furniture,175.0625,324.9375,96.1875,147.0,651764.69,REORDER
477,6,Furniture,209.77777777777777,328.94444444444446,80.83333333333333,147.44444444444446,878637.4400000001,REORDER
477,7,Furniture,216.41666666666666,370.9166666666667,82.0,150.0,604295.93,REORDER
477,8,Furniture,190.93333333333334,307.96666666666664,81.83333333333333,155.7,1332848.32,REORDER
477,9,Furniture,176.0,282.5652173913044,74.17391304347827,151.52173913043478,941929.12,REORDER
477,10,Furniture,171.11764705882354,314.0882352941176,81.11764705882354,156.7941176470588,1353790.42,REORDER
478,1,Office Supplies,166.46153846153845,177.84615384615384,50.73076923076923,102.73076923076923,1155186.48,REORDER
478,2,Office Supplies,187.24242424242425,183.9090909090909,47.96969696969697,112.63636363636364,1649236.89,HEALTHY
478,3,Office Supplies,164.69565217391303,184.65217391304347,48.869565217391305,104.3913043478261,1011055.0800000001,REORDER
478,4,Office Supplies,143.53846153846155,193.23076923076923,42.46153846153846,102.96153846153847,996108.12,REORDER
478,5,Office Supplies,171.09375,173.78125,53.9375,104.40625,1461332.25,REORDER
478,6,Office Supplies,170.34615384615384,186.57692307692307,52.92307692307692,99.03846153846153,1182144.39,REORDER
478,7,Office Supplies,207.43243243243242,159.59459459459458,49.027027027027025,103.97297297297297,2048534.25,HEALTHY
478,8,Office Supplies,194.1578947368421,182.21052631578948,53.26315789473684,108.47368421052632,984630.99,HEALTHY
478,9,Office Supplies,195.95,181.7,48.3,108.95,1046020.29,HEALTHY
478,10,Office Supplies,200.03571428571428,188.17857142857142,48.42857142857143,103.10714285714286,1494962.91,HEALTHY
479,1,Grocery,189.7826086956522,559.2173913043479,140.69565217391303,169.0,1457080.65,REORDER
479,2,Grocery,209.24,579.2,156.76,181.52,1746160.1099999999,REORDER
479,3,Grocery,183.47619047619048,548.4285714285714,146.1904761904762,162.71428571428572,1286169.93,REORDER
479,4,Grocery,184.42857142857142,468.76190476190476,134.28571428571428,175.52380952380952,1292846.13,REORDER
479,5,Grocery,188.7037037037037,601.5185185185185,164.25925925925927,165.25925925925927,1700761.95,REORDER
479,6,Grocery,144.9090909090909,544.5454545454545,148.0909090909091,167.4090909090909,1064186.28,CRITICAL
479,7,Grocery,171.6153846153846,654.9230769230769,162.5,181.46153846153845,1489460.22,REORDER
479,8,Grocery,188.1818181818182,505.72727272727275,144.36363636363637,185.04545454545453,1381973.4,REORDER
479,9,Grocery,184.04347826086956,591.9565217391304,163.8695652173913,154.91304347826087,1413017.73,REORDER
479,10,Grocery,204.59259259259258,589.0,135.22222222222223,177.85185185185185,1843966.44,REORDER
480,1,Personal Care,183.85714285714286,424.9047619047619,127.38095238095238,152.95238095238096,1229612.67,REORDER
480,2,Personal Care,181.33333333333334,410.87179487179486,104.87179487179488,154.97435897435898,2252219.84,REORDER
480,3,Personal Care,186.91666666666666,455.2916666666667,100.91666666666667,149.5,1428656.42,REORDER
480,4,Personal Care,224.5483870967742,370.61290322580646,86.7741935483871,151.61290322580646,2216869.67,REORDER
480,5,Personal Care,189.47058823529412,401.20588235294116,98.11764705882354,149.44117647058823,2051583.74,REORDER
480,6,Personal Care,180.95,435.75,122.5,143.2,1152542.93,REORDER
480,7,Personal Care,186.48275862068965,355.9310344827586,90.62068965517241,149.55172413793105,1722285.76,REORDER
480,8,Personal Care,192.04,458.16,110.72,144.16,1528974.47,REORDER
480,9,Personal Care,162.33333333333334,415.1515151515151,109.93939393939394,138.9090909090909,1706043.79,REORDER
480,10,Personal Care,160.6818181818182,362.95454545454544,108.72727272727273,144.86363636363637,1125791.45,REORDER
481,1,Home Appliances,200.375,290.0,81.75,133.33333333333334,1229709.3900000001,REORDER
481,2,Home Appliances,189.11111111111111,254.94444444444446,71.61111111111111,117.0,870436.84,REORDER
481,3,Home Appliances,161.66666666666666,255.53333333333333,62.96666666666667,132.1,1240193.5,REORDER
481,4,Home Appliances,202.95652173913044,301.1304347826087,80.56521739130434,126.08695652173913,1193654.28,REORDER
481,5,Home Appliances,167.79166666666666,222.79166666666666,58.791666666666664,122.875,1029744.17,REORDER
481,6,Home Appliances,145.36,242.76,65.36,129.64,929250.14,REORDER
481,7,Home Appliances,218.125,246.375,70.9375,126.0,892427.9,REORDER
481,8,Home Appliances,213.95,271.3,75.5,129.8,1094183.09,REORDER
481,9,Home Appliances,204.4090909090909,279.22727272727275,68.68181818181819,132.0909090909091,1149927.87,REORDER
481,10,Home Appliances,188.07142857142858,249.67857142857142,64.25,122.67857142857143,1346568.86,REORDER
482,1,Grocery,220.85714285714286,199.0952380952381,53.476190476190474,115.38095238095238,1225405.98,HEALTHY
482,2,Grocery,205.07407407407408,173.2962962962963,57.44444444444444,118.5925925925926,1462930.77,HEALTHY
482,3,Grocery,188.30769230769232,204.6153846153846,51.23076923076923,110.65384615384616,1293572.16,REORDER
482,4,Grocery,212.34285714285716,176.34285714285716,48.42857142857143,104.45714285714286,1963608.72,HEALTHY
482,5,Grocery,166.78571428571428,215.92857142857142,56.07142857142857,115.67857142857143,1233860.7,REORDER
482,6,Grocery,152.93103448275863,191.0,58.51724137931034,109.79310344827586,1171771.35,REORDER
482,7,Grocery,229.1875,214.4375,61.8125,114.125,968858.0700000001,HEALTHY
482,8,Grocery,157.34615384615384,157.15384615384616,47.03846153846154,116.53846153846153,1080883.1099999999,HEALTHY
482,9,Grocery,163.2173913043478,194.43478260869566,52.608695652173914,117.0,991844.34,REORDER
482,10,Grocery,200.4,182.8,50.13333333333333,114.1,1588430.52,HEALTHY
483,1,Office Supplies,195.78571428571428,140.92857142857142,40.142857142857146,184.28571428571428,158731.31,HEALTHY
483,2,Office Supplies,199.17857142857142,147.0,43.75,200.07142857142858,322964.07,HEALTHY
483,3,Office Supplies,193.9375,145.625,42.375,205.0625,179694.73,HEALTHY
483,4,Office Supplies,154.17391304347825,169.47826086956522,49.0,220.17391304347825,205348.86,REORDER
483,5,Office Supplies,176.3793103448276,159.58620689655172,44.44827586206897,216.27586206896552,296209.65,HEALTHY
483,6,Office Supplies,182.44444444444446,160.44444444444446,45.44444444444444,221.61111111111111,190176.44,HEALTHY
483,7,Office Supplies,212.75,170.55,48.25,222.7,246407.05,HEALTHY
483,8,Office Supplies,178.57142857142858,142.38095238095238,41.476190476190474,200.61904761904762,217162.5,HEALTHY
483,9,Office Supplies,157.61111111111111,135.94444444444446,37.72222222222222,198.16666666666666,164290.66999999998,HEALTHY
483,10,Office Supplies,192.78947368421052,134.47368421052633,43.473684210526315,202.89473684210526,212124.33,HEALTHY
484,1,Furniture,159.85714285714286,288.75,77.96428571428571,309.35714285714283,193184.16,REORDER
484,2,Furniture,191.72727272727272,270.8787878787879,70.42424242424242,317.969696969697,273073.32,REORDER
484,3,Furniture,159.7058823529412,251.94117647058823,71.08823529411765,326.5882352941176,234358.8,REORDER
484,4,Furniture,168.95238095238096,268.1904761904762,65.80952380952381,320.76190476190476,153131.68,REORDER
484,5,Furniture,166.4,270.52,70.04,321.4,179545.6,REORDER
484,6,Furniture,170.88235294117646,314.6470588235294,70.41176470588235,311.88235294117646,125379.8,REORDER
484,7,Furniture,225.23076923076923,202.15384615384616,57.69230769230769,306.15384615384613,126372.48,HEALTHY
484,8,Furniture,206.03846153846155,276.84615384615387,81.76923076923077,343.34615384615387,231208.12,REORDER
484,9,Furniture,153.5,264.3333333333333,77.20833333333333,325.0416666666667,159001.44,REORDER
484,10,Furniture,178.3,261.75,78.5,314.8,153908.56,REORDER
485,1,Electronics,153.35714285714286,105.25,35.32142857142857,98.92857142857143,872755.5,HEALTHY
485,2,Electronics,186.44444444444446,108.77777777777777,36.888888888888886,90.33333333333333,682107.0,HEALTHY
485,3,Electronics,154.06896551724137,118.72413793103448,34.41379310344828,94.37931034482759,908121.0,HEALTHY
485,4,Electronics,158.0,92.22222222222223,32.629629629629626,92.92592592592592,867064.5,HEALTHY
485,5,Electronics,170.625,133.41666666666666,40.916666666666664,94.125,832308.75,HEALTHY
485,6,Electronics,196.20689655172413,121.03448275862068,36.48275862068966,90.37931034482759,1156492.5,HEALTHY
485,7,Electronics,166.0952380952381,96.9047619047619,33.04761904761905,92.0,708936.0,HEALTHY
485,8,Electronics,145.88888888888889,119.14814814814815,36.77777777777778,98.33333333333333,800601.75,HEALTHY
485,9,Electronics,188.24,117.04,38.64,96.24,956494.5,HEALTHY
485,10,Electronics,174.05263157894737,117.89473684210526,38.21052631578947,93.42105263157895,672147.75,HEALTHY
486,1,Office Supplies,199.7741935483871,49.83870967741935,25.06451612903226,201.96774193548387,88436.04000000001,HEALTHY
486,2,Office Supplies,174.1,57.9,27.6,201.26666666666668,74584.44,HEALTHY
486,3,Office Supplies,164.47826086956522,62.04347826086956,25.0,223.08695652173913,54021.24,HEALTHY
486,4,Office Supplies,152.04761904761904,57.0,27.61904761904762,200.76190476190476,45596.04,HEALTHY
486,5,Office Supplies,201.47619047619048,56.76190476190476,24.952380952380953,211.33333333333334,60418.68,HEALTHY
486,6,Office Supplies,184.0,64.95,27.45,224.2,52550.4,HEALTHY
486,7,Office Supplies,195.5,45.5,22.25,202.41666666666666,67001.76,HEALTHY
486,8,Office Supplies,194.75,54.3,21.75,221.7,55620.6,HEALTHY
486,9,Office Supplies,204.15625,50.96875,25.3125,220.59375,93291.24,HEALTHY
486,10,Office Supplies,185.45454545454547,61.06060606060606,23.939393939393938,219.96969696969697,87393.59999999999,HEALTHY
487,1,Furniture,164.4375,517.3125,129.9375,249.5,455084.07,REORDER
487,2,Furniture,172.56,543.8,143.8,235.84,746192.58,REORDER
487,3,Furniture,163.7826086956522,503.04347826086956,128.7826086956522,220.69565217391303,651577.99,REORDER
487,4,Furniture,189.9375,548.40625,134.75,220.46875,1051311.66,REORDER
487,5,Furniture,171.77272727272728,490.72727272727275,141.1818181818182,234.9090909090909,653653.63,REORDER
487,6,Furniture,207.55172413793105,540.9655172413793,121.82758620689656,237.41379310344828,1041106.43,REORDER
487,7,Furniture,178.85,451.3,142.7,232.35,618713.69,REORDER
487,8,Furniture,177.42857142857142,531.6857142857143,136.62857142857143,237.88571428571427,1074143.7,REORDER
487,9,Furniture,170.9047619047619,534.0,118.85714285714286,226.71428571428572,620789.33,REORDER
487,10,Furniture,167.8,546.12,132.96,227.6,725609.15,REORDER
488,1,Personal Care,176.2,217.25,69.8,209.0,281708.56,REORDER
488,2,Personal Care,196.2,227.96666666666667,60.333333333333336,225.36666666666667,470526.84,REORDER
488,3,Personal Care,209.75,234.14285714285714,60.464285714285715,210.10714285714286,469487.62,REORDER
488,4,Personal Care,181.77272727272728,257.8181818181818,67.5,220.77272727272728,319680.06,REORDER
488,5,Personal Care,188.69565217391303,246.0,63.73913043478261,241.47826086956522,346939.6,REORDER
488,6,Personal Care,164.52631578947367,216.26315789473685,61.8421052631579,226.3684210526316,249892.44,REORDER
488,7,Personal Care,159.40740740740742,255.44444444444446,65.14814814814815,223.4814814814815,344061.76,REORDER
488,8,Personal Care,196.96666666666667,227.46666666666667,59.666666666666664,207.4,472365.46,REORDER
488,9,Personal Care,171.83333333333334,233.5,67.70833333333333,242.75,329672.56,REORDER
488,10,Personal Care,220.16666666666666,264.94444444444446,73.61111111111111,227.38888888888889,316802.22,REORDER
489,1,Office Supplies,167.53571428571428,124.96428571428571,36.67857142857143,133.39285714285714,592660.94,HEALTHY
489,2,Office Supplies,180.0,107.125,33.875,114.6875,363859.2,HEALTHY
489,3,Office Supplies,209.16666666666666,109.76666666666667,35.5,118.03333333333333,792783.5,HEALTHY
489,4,Office Supplies,191.88235294117646,124.0,39.1764705882353,117.41176470588235,824242.16,HEALTHY
489,5,Office Supplies,144.75,93.25,33.375,121.45833333333333,438905.16000000003,HEALTHY
489,6,Office Supplies,175.2173913043478,126.21739130434783,41.78260869565217,120.34782608695652,509150.2,HEALTHY
489,7,Office Supplies,144.89285714285714,115.53571428571429,31.714285714285715,111.25,512561.38,HEALTHY
489,8,Office Supplies,191.26666666666668,116.33333333333333,34.63333333333333,129.83333333333334,724938.92,HEALTHY
489,9,Office Supplies,191.3181818181818,105.22727272727273,33.72727272727273,125.27272727272727,531765.06,HEALTHY
489,10,Office Supplies,203.28571428571428,106.78571428571429,35.82142857142857,98.89285714285714,719127.28,HEALTHY
490,1,Electronics,172.64705882352942,176.11764705882354,48.11764705882353,102.47058823529412,802223.55,REORDER
490,2,Electronics,171.32,163.8,50.08,98.4,1170672.39,HEALTHY
490,3,Electronics,200.14814814814815,159.74074074074073,46.629629629629626,105.25925925925925,1477075.32,HEALTHY
490,4,Electronics,165.74074074074073,205.4814814814815,57.77777777777778,112.70370370370371,1223151.75,REORDER
490,5,Electronics,189.4,171.3,48.2,107.4,1035374.04,HEALTHY
490,6,Electronics,127.14285714285714,162.04761904761904,46.76190476190476,96.38095238095238,729791.1,REORDER
490,7,Electronics,156.14285714285714,182.64285714285714,48.035714285714285,102.60714285714286,1194998.76,REORDER
490,8,Electronics,167.20689655172413,194.3793103448276,55.55172413793103,111.93103448275862,1325377.17,REORDER
490,9,Electronics,194.43243243243242,174.78378378378378,48.62162162162162,101.4054054054054,1966336.02,HEALTHY
490,10,Electronics,171.59259259259258,187.77777777777777,53.96296296296296,108.66666666666667,1266337.89,REORDER
491,1,Furniture,208.38888888888889,268.3333333333333,83.0,108.94444444444444,1237454.9,REORDER
491,2,Furniture,162.25,315.75,77.75,120.0625,856420.4,REORDER
491,3,Furniture,206.57894736842104,278.42105263157896,78.47368421052632,138.52631578947367,1294857.5,REORDER
491,4,Furniture,170.4375,301.6875,77.5,125.0,899637.3,REORDER
491,5,Furniture,162.54545454545453,298.3636363636364,82.66666666666667,130.15151515151516,1769583.6,REORDER
491,6,Furniture,177.17391304347825,309.30434782608694,75.04347826086956,119.95652173913044,1344342.5,REORDER
491,7,Furniture,191.08,310.28,84.24,128.2,1575932.3,REORDER
491,8,Furniture,145.36363636363637,275.40909090909093,75.77272727272727,118.86363636363636,1055020.2,REORDER
491,9,Furniture,180.3,282.45,68.35,117.8,1189619.4,REORDER
491,10,Furniture,197.5,241.07142857142858,73.67857142857143,119.14285714285714,1824347.0,REORDER
492,1,Furniture,175.57692307692307,79.5,29.076923076923077,172.46153846153845,149595.05,HEALTHY
492,2,Furniture,165.91304347826087,76.30434782608695,27.08695652173913,188.82608695652175,125050.32,HEALTHY
492,3,Furniture,187.56,84.96,31.44,198.2,153658.53,HEALTHY
492,4,Furniture,200.5909090909091,64.13636363636364,26.454545454545453,179.0,144614.01,HEALTHY
492,5,Furniture,179.7,94.7,30.066666666666666,210.0,176663.07,HEALTHY
492,6,Furniture,189.44827586206895,74.27586206896552,25.0,180.93103448275863,180038.38,HEALTHY
492,7,Furniture,184.2,71.52,29.0,165.6,150905.85,HEALTHY
492,8,Furniture,174.16,63.44,27.12,168.88,142680.58,HEALTHY
492,9,Furniture,183.3,73.93333333333334,27.566666666666666,190.2,180202.23,HEALTHY
492,10,Furniture,200.2173913043478,75.65217391304348,29.782608695652176,184.34782608695653,150905.85,HEALTHY
493,1,Furniture,177.06896551724137,73.48275862068965,27.93103448275862,80.13793103448276,979295.85,HEALTHY
493,2,Furniture,202.46666666666667,73.63333333333334,28.9,67.23333333333333,1158372.54,HEALTHY
493,3,Furniture,186.65,60.2,26.95,60.4,711920.4299999999,OVERSTOCK
493,4,Furniture,209.44827586206895,76.06896551724138,27.344827586206897,71.13793103448276,1158372.54,HEALTHY
493,5,Furniture,167.06666666666666,69.4,26.666666666666668,65.2,477919.26,HEALTHY
493,6,Furniture,192.79166666666666,71.54166666666667,27.75,73.875,882415.1699999999,HEALTHY
493,7,Furniture,143.71428571428572,68.14285714285714,31.785714285714285,75.5,383708.52,HEALTHY
493,8,Furniture,164.68965517241378,64.72413793103448,28.103448275862068,62.0,910830.96,HEALTHY
493,9,Furniture,203.14705882352942,68.70588235294117,25.41176470588235,67.1470588235294,1317233.97,OVERSTOCK
493,10,Furniture,205.0,74.52380952380952,26.80952380952381,72.23809523809524,821006.55,HEALTHY
494,1,Personal Care,189.65625,217.34375,62.125,106.5625,1880358.27,REORDER
494,2,Personal Care,141.54545454545453,203.04545454545453,68.0,112.86363636363636,964810.62,REORDER
494,3,Personal Care,178.41666666666666,195.375,57.916666666666664,118.125,1326692.06,REORDER
494,4,Personal Care,168.69230769230768,240.0,61.0,111.03846153846153,1358914.38,REORDER
494,5,Personal Care,193.15384615384616,215.65384615384616,61.07692307692308,111.65384615384616,1555966.26,REORDER
494,6,Personal Care,161.35714285714286,197.64285714285714,59.5,113.07142857142857,699905.97,REORDER
494,7,Personal Care,185.39285714285714,214.25,56.964285714285715,112.78571428571429,1608327.53,REORDER
494,8,Personal Care,185.25,233.45,64.3,123.55,1147920.15,REORDER
494,9,Personal Care,180.84,200.44,60.68,103.12,1400741.43,REORDER
494,10,Personal Care,179.80769230769232,265.1923076923077,67.11538461538461,121.96153846153847,1448455.25,REORDER
495,1,Office Supplies,163.27272727272728,406.6363636363636,83.95454545454545,431.40909090909093,130102.24,REORDER
495,2,Office Supplies,214.6086956521739,345.17391304347825,95.47826086956522,416.17391304347825,178781.92,REORDER
495,3,Office Supplies,197.95454545454547,278.77272727272725,82.77272727272727,386.6818181818182,157738.1,REORDER
495,4,Office Supplies,150.84615384615384,350.5769230769231,84.84615384615384,409.65384615384613,142054.84,REORDER
495,5,Office Supplies,147.92592592592592,334.48148148148147,93.66666666666667,461.3333333333333,144662.68,REORDER
495,6,Office Supplies,204.2,361.8,95.6,429.52,184903.1,REORDER
495,7,Office Supplies,180.45454545454547,339.22727272727275,98.4090909090909,442.40909090909093,143793.4,REORDER
495,8,Office Supplies,191.5,358.32142857142856,92.46428571428571,406.32142857142856,194211.63999999998,REORDER
495,9,Office Supplies,197.17857142857142,362.7142857142857,106.75,423.07142857142856,199970.62,REORDER
495,10,Office Supplies,157.7391304347826,328.1304347826087,94.52173913043478,432.5217391304348,131406.16,REORDER
496,1,Personal Care,165.69230769230768,135.42307692307693,40.69230769230769,89.42307692307692,1249233.84,HEALTHY
496,2,Personal Care,196.93548387096774,150.8709677419355,39.67741935483871,94.51612903225806,1770327.9,HEALTHY
496,3,Personal Care,186.0,139.15384615384616,41.69230769230769,90.11538461538461,1402343.28,HEALTHY
496,4,Personal Care,191.51612903225808,132.70967741935485,41.25806451612903,85.64516129032258,1721611.26,HEALTHY
496,5,Personal Care,149.5,160.27272727272728,42.45454545454545,89.18181818181819,953744.22,REORDER
496,6,Personal Care,180.31578947368422,142.42105263157896,42.73684210526316,88.52631578947368,993471.48,HEALTHY
496,7,Personal Care,196.54545454545453,126.81818181818181,33.86363636363637,86.27272727272727,1253873.52,HEALTHY
496,8,Personal Care,155.0,136.75862068965517,44.51724137931034,95.72413793103448,1303460.1,HEALTHY
496,9,Personal Care,167.38095238095238,156.28571428571428,49.95238095238095,87.38095238095238,1019279.7000000001,HEALTHY
496,10,Personal Care,188.0,141.93103448275863,39.55172413793103,90.13793103448276,1580970.96,HEALTHY
497,1,Home Appliances,155.47826086956522,483.1304347826087,130.65217391304347,277.7391304347826,466203.12,REORDER
497,2,Home Appliances,187.52173913043478,468.6521739130435,126.43478260869566,255.2608695652174,562285.81,REORDER
497,3,Home Appliances,162.2,598.0,149.56666666666666,268.26666666666665,634380.42,REORDER
497,4,Home Appliances,203.7391304347826,462.9130434782609,121.26086956521739,262.60869565217394,610913.82,REORDER
497,5,Home Appliances,176.33333333333334,543.8888888888889,116.44444444444444,272.3888888888889,413794.38,REORDER
497,6,Home Appliances,163.32142857142858,585.0,136.14285714285714,280.89285714285717,596182.01,REORDER
497,7,Home Appliances,190.85,586.05,164.95,274.65,497622.29,REORDER
497,8,Home Appliances,156.5909090909091,521.5909090909091,134.27272727272728,268.5,449124.65,REORDER
497,9,Home Appliances,167.35714285714286,499.85714285714283,128.42857142857142,272.35714285714283,305456.91,REORDER
497,10,Home Appliances,200.2258064516129,589.1935483870968,145.83870967741936,276.93548387096774,809206.59,REORDER
498,1,Home Appliances,117.22222222222223,348.3888888888889,81.94444444444444,212.72222222222223,249317.6,REORDER
498,2,Home Appliances,173.5909090909091,275.6818181818182,72.0909090909091,185.5,451253.04,REORDER
498,3,Home Appliances,176.28571428571428,310.2857142857143,90.92857142857143,223.64285714285714,583237.76,REORDER
498,4,Home Appliances,211.51724137931035,276.1034482758621,78.89655172413794,195.20689655172413,724793.4400000001,REORDER
498,5,Home Appliances,177.39285714285714,313.5,92.75,221.64285714285714,586900.72,REORDER
498,6,Home Appliances,165.79166666666666,313.5,80.58333333333333,213.66666666666666,470158.64,REORDER
498,7,Home Appliances,189.2941176470588,339.0,86.76470588235294,229.94117647058823,380238.88,REORDER
498,8,Home Appliances,160.03846153846155,291.96153846153845,88.34615384615384,209.92307692307693,491663.76,REORDER
498,9,Home Appliances,213.42105263157896,239.21052631578948,63.21052631578947,192.10526315789474,479138.8,REORDER
498,10,Home Appliances,184.05,288.5,69.8,187.1,434946.96,REORDER
499,1,Office Supplies,192.15,96.95,32.45,70.85,1315420.47,HEALTHY
499,2,Office Supplies,177.17857142857142,135.10714285714286,41.17857142857143,82.96428571428571,1698100.69,HEALTHY
499,3,Office Supplies,164.6,120.25,34.75,78.35,1126818.68,HEALTHY
499,4,Office Supplies,177.61904761904762,116.66666666666667,33.57142857142857,63.23809523809524,1276741.7,HEALTHY
499,5,Office Supplies,195.4375,123.34375,36.125,70.21875,2140681.66,HEALTHY
499,6,Office Supplies,189.1875,135.75,38.1875,75.25,1036111.83,HEALTHY
499,7,Office Supplies,160.11111111111111,115.5,34.666666666666664,74.38888888888889,986479.78,HEALTHY
499,8,Office Supplies,180.17857142857142,136.71428571428572,36.67857142857143,78.35714285714286,1726853.05,HEALTHY
499,9,Office Supplies,163.0909090909091,106.18181818181819,32.77272727272727,83.36363636363636,1228136.52,HEALTHY
499,10,Office Supplies,219.0,120.85714285714286,36.42857142857143,75.75,2098922.28,HEALTHY
500,1,Personal Care,198.33333333333334,180.4814814814815,49.148148148148145,217.03703703703704,410674.95,HEALTHY
500,2,Personal Care,153.56666666666666,138.4,47.06666666666667,187.93333333333334,353310.83,HEALTHY
500,3,Personal Care,159.55555555555554,194.77777777777777,47.94444444444444,195.44444444444446,220253.68,REORDER
500,4,Personal Care,143.44444444444446,170.61111111111111,54.94444444444444,192.0,198013.58,REORDER
500,5,Personal Care,215.33333333333334,166.47619047619048,52.714285714285715,184.47619047619048,346792.18,HEALTHY
500,6,Personal Care,168.86206896551724,172.17241379310346,47.275862068965516,183.6551724137931,375550.93,REORDER
500,7,Personal Care,156.82608695652175,194.8695652173913,51.08695652173913,199.2608695652174,276620.83,REORDER
500,8,Personal Care,159.37037037037038,175.03703703703704,49.55555555555556,195.7037037037037,329997.07,REORDER
500,9,Personal Care,170.82758620689654,192.72413793103448,55.3448275862069,205.17241379310346,379922.26,REORDER
500,10,Personal Care,163.25925925925927,182.7037037037037,55.96296296296296,211.2962962962963,338049.52,REORDER
